,AM,AS,ED,HASA,HASA_ODD,HASH,HASH_ODD,HATD,HATD_ODD,HATU,HATU_ODD,LM,MD,PG,PI,S1_a,S1_h,S2_a,S2_h,S3_a,S3_h,S4_a,S4_h,S5_a,S5_h,S6_a,S6_h,SC_a,SC_h,SU,TD,TM,TS,TT,TU,VC,WA_ODD,WH_ODD
0,,,3.0,16.5,0.8333333333333334,-16.5,0.8333333333333334,139.5,0.8333333333333334,139.5,0.8333333333333334,,,,,8.0,2.0,11.0,14.0,5.0,3.0,4.0,2,6.0,4.0,71.4,50.0,51,37,0,1,3.0,6.0,1,20181106004434,11077,14.0,0.01
1,,,3.0,16.5,0.8333333333333334,-16.5,0.8333333333333334,139.5,0.7692307692307693,139.5,0.9090909090909091,22.0,,,,8.0,2.0,11.0,14.0,5.0,3.0,4.0,2,6.0,4.0,71.4,50.0,51,37,0,1,2.0,57.0,1,20181106004442.0,11077,14.0,0.01
2,,,3.0,16.5,0.8333333333333334,-16.5,0.8333333333333334,138.5,0.8333333333333334,138.5,0.8333333333333334,22.0,,,,8.0,2.0,11.0,14.0,5.0,3.0,4.0,2,6.0,4.0,71.4,50.0,51,37,0,1,2.0,49.0,1,20181106004450.0,11077,14.0,0.01
3,,,3.0,16.5,0.8333333333333334,-16.5,0.8333333333333334,137.5,0.8695652173913043,137.5,0.8,22.0,,,,8.0,2.0,11.0,14.0,5.0,3.0,4.0,2,6.0,4.0,71.4,50.0,51,37,0,1,2.0,40.0,1,20181106004459.0,11077,14.0,0.01
4,,,3.0,17.5,0.8333333333333334,-17.5,0.8333333333333334,139.5,0.9090909090909091,139.5,0.7692307692307693,21.0,,,,8.0,2.0,12.0,14.0,5.0,3.0,4.0,2,6.0,4.0,71.4,50.0,53,37,0,1,2.0,40.0,1,20181106004459.0,21077.0,15.0,0.006666666666666667
5,,,3.0,17.5,0.8333333333333334,-17.5,0.8333333333333334,139.5,0.8333333333333334,139.5,0.8333333333333334,21.0,,,,8.0,2.0,12.0,14.0,5.0,3.0,4.0,2,6.0,4.0,71.4,50.0,53,37,0,1,2.0,31.0,1,20181106004507.0,21077.0,15.0,0.006666666666666667
6,,,3.0,18.5,0.8333333333333334,-18.5,0.8333333333333334,138.5,0.9090909090909091,138.5,0.7692307692307693,21.0,,,,8.0,2.0,12.0,14.0,5.0,3.0,4.0,2,6.0,4.0,71.4,50.0,53,37,0,1,2.0,27.0,1,20181106004512.0,11077.0,17.0,0.004
7,,,3.0,18.5,0.8333333333333334,-18.5,0.8333333333333334,138.5,0.8333333333333334,138.5,0.8333333333333334,21.0,,,,8.0,2.0,12.0,14.0,5.0,3.0,4.0,2,6.0,4.0,71.4,50.0,53,37,0,1,2.0,20.0,1,20181106004518.0,11094.0,17.0,0.004
8,,,3.0,17.5,0.8333333333333334,-17.5,0.8333333333333334,138.5,0.8333333333333334,138.5,0.8333333333333334,21.0,,,,8.0,2.0,12.0,14.0,5.0,3.0,4.0,2,6.0,4.0,71.4,50.0,53,37,0,1,2.0,20.0,1,20181106004519.0,21077.0,15.0,0.006666666666666667
9,,,3.0,17.5,0.8333333333333334,-17.5,0.8333333333333334,137.5,0.8695652173913043,137.5,0.8,21.0,,,,8.0,2.0,12.0,14.0,5.0,3.0,4.0,2,6.0,4.0,71.4,50.0,53,37,0,1,2.0,11.0,1,20181106004527.0,21077.0,16.0,0.005
10,,,3.0,17.5,0.8,-17.5,0.8695652173913043,137.5,0.8333333333333334,137.5,0.8333333333333334,21.0,,,,8.0,2.0,12.0,14.0,5.0,3.0,4.0,2,6.0,4.0,71.4,50.0,53,37,0,1,2.0,5.0,0.0,20181106004534.0,21077.0,16.0,0.005
11,,,3.0,18.5,0.8333333333333334,-18.5,0.8333333333333334,137.5,0.8333333333333334,137.5,0.8333333333333334,20.0,,^,,8.0,2.0,12.0,14.0,5.0,3.0,4.0,2,6.0,5.0,71.4,50.0,53,37,0,1,2.0,5.0,0.0,20181106004537.0,21086^11077,16.0,0.005
12,,,3.0,18.5,0.8333333333333334,-18.5,0.8333333333333334,137.5,0.8333333333333334,137.5,0.8333333333333334,20.0,,,,8.0,2.0,12.0,14.0,5.0,3.0,4.0,2,6.0,5.0,71.4,50.0,53,37,0,1,2.0,5.0,1.0,20181106004628.0,11077.0,16.0,0.005
13,,,3.0,18.5,0.8,-18.5,0.8695652173913043,136.5,0.8695652173913043,136.5,0.8,23.0,,,,8.0,2.0,12.0,14.0,5.0,3.0,4.0,2,6.0,5.0,71.4,50.0,53,37,0,1,1.0,56.0,1.0,20181106004636.0,11077.0,16.0,0.005
14,,,3.0,18.5,0.8,-18.5,0.8695652173913043,136.5,0.8333333333333334,136.5,0.8333333333333334,23.0,,,,8.0,2.0,12.0,14.0,5.0,3.0,4.0,2,6.0,5.0,71.4,50.0,53,37,0,1,1.0,52.0,1.0,20181106004641.0,11094.0,16.0,0.005
15,,,3.0,17.5,0.8,-17.5,0.8695652173913043,136.5,0.8333333333333334,136.5,0.8333333333333334,24.0,,,,8.0,2.0,12.0,14.0,5.0,3.0,4.0,2,6.0,5.0,71.4,50.0,53,37,0,1,1.0,51.0,0.0,20181106004643.0,21077.0,16.0,0.005
16,,,3.0,18.5,0.8,-18.5,0.8695652173913043,136.5,0.8333333333333334,136.5,0.8333333333333334,23.0,,^,,8.0,2.0,12.0,14.0,5.0,3.0,4.0,2,6.0,6.0,71.4,50.0,53,37,0,1,1.0,51.0,0.0,20181106004646.0,21086^11077,16.0,0.005
17,,,3.0,18.5,0.8,-18.5,0.8695652173913043,136.5,0.8333333333333334,136.5,0.8333333333333334,23.0,,,,8.0,2.0,12.0,14.0,5.0,3.0,4.0,2,6.0,6.0,71.4,50.0,53,37,0,1,1.0,51.0,0.0,20181106004646.0,11077.0,16.0,0.005
18,,,3.0,18.5,0.9090909090909091,-18.5,0.7692307692307693,138.5,0.8,138.5,0.8695652173913043,23.0,,1:2^2:2,,8.0,2.0,12.0,14.0,6.0,3.0,4.0,2,6.0,6.0,75.0,50.0,54,37,0,1,1.0,51.0,0.0,20181106004720.0,11079^11078,16.0,0.005
19,,,3.0,19.5,0.8,-19.5,0.8695652173913043,138.5,0.8333333333333334,138.5,0.8333333333333334,23.0,,2:2^,,8.0,2.0,12.0,14.0,7.0,3.0,4.0,2,6.0,6.0,77.8,50.0,55,37,0,1,1.0,51.0,0.0,20181106004734.0,11079^21077,16.0,0.005
20,,,3.0,19.5,0.8,-19.5,0.8695652173913043,138.5,0.8333333333333334,138.5,0.8333333333333334,23.0,,,,8.0,2.0,12.0,14.0,7.0,3.0,4.0,2,6.0,6.0,77.8,50.0,55,37,0,1,1.0,51.0,1.0,20181106004735.0,21077.0,16.0,0.005
21,,,3.0,19.5,0.8,-19.5,0.8695652173913043,138.5,0.8333333333333334,138.5,0.8333333333333334,23.0,,,,8.0,2.0,12.0,14.0,7.0,3.0,4.0,2,6.0,6.0,77.8,50.0,55,37,0,1,1.0,48.0,0.0,20181106004737.0,21077.0,16.0,0.005
22,,,3.0,19.5,0.8,-19.5,0.8695652173913043,138.5,0.8333333333333334,138.5,0.8333333333333334,23.0,,,,8.0,2.0,12.0,14.0,7.0,3.0,4.0,2,6.0,6.0,77.8,50.0,55,37,0,1,1.0,48.0,1.0,20181106004740.0,21077.0,16.0,0.005
23,,,3.0,19.5,0.8,-19.5,0.8695652173913043,137.5,0.8695652173913043,137.5,0.8,23.0,,,,8.0,2.0,12.0,14.0,7.0,3.0,4.0,2,6.0,6.0,77.8,50.0,55,37,0,1,1.0,39.0,1.0,20181106004748.0,21077.0,16.0,0.005
24,,,3.0,18.5,0.8,-18.5,0.8695652173913043,139.5,0.9090909090909091,139.5,0.7692307692307693,23.0,,,,8.0,2.0,12.0,14.0,7.0,3.0,4.0,2,6.0,6.0,77.8,50.0,55,39,0,1,1.0,38.0,1.0,20181106004749.0,21077.0,16.0,0.005
25,,,3.0,18.5,0.8,-18.5,0.8695652173913043,139.5,0.9090909090909091,139.5,0.7692307692307693,23.0,,,,8.0,2.0,12.0,14.0,7.0,3.0,4.0,2,6.0,6.0,77.8,50.0,55,39,0,1,1.0,38.0,1.0,20181106004750.0,11077.0,16.0,0.005
26,,,3.0,17.5,0.8,-17.5,0.8695652173913043,139.5,0.8695652173913043,139.5,0.8,24.0,,^,,8.0,2.0,12.0,14.0,7.0,3.0,4.0,2,7.0,6.0,77.8,50.0,55,39,0,1,1.0,35.0,0.0,20181106004752.0,11086^21077,16.0,0.005
27,,,3.0,17.5,0.8,-17.5,0.8695652173913043,139.5,0.8695652173913043,139.5,0.8,24.0,,,,8.0,2.0,12.0,14.0,7.0,3.0,4.0,2,7.0,6.0,77.8,50.0,55,39,0,1,1.0,35.0,0.0,20181106004752.0,21077.0,16.0,0.005
28,,,3.0,17.5,0.8,-17.5,0.8695652173913043,139.5,0.8695652173913043,139.5,0.8,24.0,,1:1^,,8.0,2.0,12.0,14.0,7.0,4.0,4.0,2,7.0,6.0,77.8,57.1,55,40,0,1,1.0,35.0,0.0,20181106004817.0,21079^11077,16.0,0.005
29,,,3.0,17.5,0.8,-17.5,0.8695652173913043,139.5,0.8695652173913043,139.5,0.8,24.0,,,,8.0,2.0,12.0,14.0,7.0,4.0,4.0,2,7.0,6.0,77.8,57.1,55,40,0,1,1.0,35.0,1.0,20181106004817.0,11077.0,16.0,0.005
30,,,3.0,17.5,0.8,-17.5,0.8695652173913043,139.5,0.8,139.5,0.8695652173913043,24.0,,,,8.0,2.0,12.0,14.0,7.0,4.0,4.0,2,7.0,6.0,77.8,57.1,55,40,0,1,1.0,27.0,0.0,20181106004825.0,11077.0,16.0,0.005
31,,,3.0,17.5,0.8,-17.5,0.8695652173913043,139.5,0.8,139.5,0.8695652173913043,24.0,,,,8.0,2.0,12.0,14.0,7.0,4.0,4.0,2,7.0,6.0,77.8,57.1,55,40,0,1,1.0,27.0,1.0,20181106004833.0,11077.0,16.0,0.005
32,,,3.0,17.5,0.8,-17.5,0.8695652173913043,139.5,0.8333333333333334,139.5,0.8333333333333334,24.0,,,,8.0,2.0,12.0,14.0,7.0,4.0,4.0,2,7.0,6.0,77.8,57.1,55,40,0,1,1.0,18.0,1.0,20181106004842.0,11077.0,16.0,0.005
33,,,3.0,17.5,0.8,-17.5,0.8695652173913043,139.5,0.8333333333333334,139.5,0.8333333333333334,24.0,,,,8.0,2.0,12.0,14.0,7.0,4.0,4.0,2,7.0,6.0,77.8,57.1,55,40,0,1,1.0,16.0,1.0,20181106004845.0,11094.0,17.0,0.004
34,,,3.0,16.5,0.8,-16.5,0.8695652173913043,138.5,0.9090909090909091,138.5,0.7692307692307693,24.0,,,,8.0,2.0,12.0,14.0,7.0,4.0,4.0,2,7.0,6.0,77.8,57.1,55,40,0,1,1.0,7.0,1.0,20181106004853.0,21077.0,15.0,0.006666666666666667
35,,,3.0,16.5,0.8,-16.5,0.8695652173913043,138.5,0.8333333333333334,138.5,0.8333333333333334,24.0,,,,8.0,2.0,12.0,14.0,7.0,4.0,4.0,2,7.0,6.0,77.8,57.1,55,40,0,1,0.0,59.0,1.0,20181106004902.0,21077.0,15.0,0.006666666666666667
36,,,3.0,16.5,0.8,-16.5,0.8695652173913043,137.5,0.9090909090909091,137.5,0.7692307692307693,24.0,,,,8.0,2.0,12.0,14.0,7.0,4.0,4.0,2,7.0,6.0,77.8,57.1,55,40,0,1,0.0,55.0,1.0,20181106004905.0,21095.0,15.0,0.006666666666666667
37,,,3.0,17.5,0.8,-17.5,0.8695652173913043,137.5,0.9090909090909091,137.5,0.7692307692307693,24.0,,,,8.0,2.0,12.0,14.0,7.0,4.0,4.0,2,7.0,6.0,77.8,57.1,55,40,0,1,0.0,55.0,1.0,20181106004906.0,11077.0,17.0,0.004
38,,,3.0,17.5,0.8,-17.5,0.8695652173913043,137.5,0.8333333333333334,137.5,0.8333333333333334,24.0,,,,8.0,2.0,12.0,14.0,7.0,4.0,4.0,2,7.0,6.0,77.8,57.1,55,40,0,1,0.0,46.0,1.0,20181106004914.0,11077.0,17.0,0.004
39,,,3.0,17.5,0.8,-17.5,0.8695652173913043,136.5,0.8695652173913043,136.5,0.8,24.0,,,,8.0,2.0,12.0,14.0,7.0,4.0,4.0,2,7.0,6.0,77.8,57.1,55,40,0,1,0.0,39.0,0.0,20181106004922.0,11077.0,17.0,0.004
40,,,3.0,16.5,0.8,-16.5,0.8695652173913043,136.5,0.8695652173913043,136.5,0.8,24.0,,,,8.0,2.0,12.0,14.0,7.0,4.0,4.0,2,7.0,6.0,77.8,57.1,55,40,0,1,0.0,39.0,0.0,20181106004927.0,21077.0,15.0,0.006666666666666667
41,,,3.0,16.5,0.8,-16.5,0.8695652173913043,136.5,0.8695652173913043,136.5,0.8,24.0,,,,8.0,2.0,12.0,14.0,7.0,4.0,4.0,2,7.0,6.0,77.8,57.1,55,40,0,1,0.0,39.0,1.0,20181106004943.0,21077.0,15.0,0.006666666666666667
42,,,3.0,16.5,0.7692307692307693,-16.5,0.9090909090909091,136.5,0.8,136.5,0.8695652173913043,24.0,,,,8.0,2.0,12.0,14.0,7.0,4.0,4.0,2,7.0,6.0,77.8,57.1,55,40,0,1,0.0,30.0,1.0,20181106004951.0,21077.0,16.0,0.005
43,,,3.0,16.5,0.7692307692307693,-16.5,0.9090909090909091,135.5,0.8695652173913043,135.5,0.8,24.0,,,,8.0,2.0,12.0,14.0,7.0,4.0,4.0,2,7.0,6.0,77.8,57.1,55,40,0,1,0.0,24.0,1.0,20181106004957.0,21095.0,16.0,0.005
44,,,3.0,16.5,0.7692307692307693,-16.5,0.9090909090909091,135.5,0.8695652173913043,135.5,0.8,24.0,,^,,8.0,2.0,12.0,14.0,7.0,4.0,4.0,2,8.0,6.0,77.8,57.1,55,40,0,1,0.0,24.0,0.0,20181106004958.0,11086^21077,16.0,0.005
45,,,3.0,15.5,0.8695652173913043,-15.5,0.8,137.5,0.7692307692307693,137.5,0.9090909090909091,25.0,,1:2,,8.0,2.0,12.0,14.0,7.0,4.0,4.0,2,8.0,6.0,77.8,57.1,55,40,0,1,0.0,24.0,0.0,20181106005001.0,21078.0,15.0,0.006666666666666667
46,,,3.0,15.5,0.8333333333333334,-15.5,0.8333333333333334,137.5,0.8333333333333334,137.5,0.8333333333333334,24.0,,1:2^2:2,,8.0,2.0,12.0,14.0,7.0,5.0,4.0,2,8.0,6.0,77.8,62.5,55,41,0,1,0.0,24.0,0.0,20181106005040.0,21079^21078,15.0,0.006666666666666667
47,,,3.0,15.5,0.8,-15.5,0.8695652173913043,138.5,0.7692307692307693,138.5,0.9090909090909091,24.0,,2:2^,,8.0,2.0,12.0,14.0,7.0,6.0,4.0,2,8.0,6.0,77.8,66.7,55,42,0,1,0.0,24.0,0.0,20181106005050.0,21079^11077,15.0,0.006666666666666667
48,,,3.0,15.5,0.8,-15.5,0.8695652173913043,138.5,0.7692307692307693,138.5,0.9090909090909091,24.0,,,,8.0,2.0,12.0,14.0,7.0,6.0,4.0,2,8.0,6.0,77.8,66.7,55,42,0,1,0.0,24.0,1.0,20181106005051.0,11077.0,15.0,0.006666666666666667
49,,,3.0,15.5,0.8,-15.5,0.8695652173913043,137.5,0.8695652173913043,137.5,0.8,24.0,,,,8.0,2.0,12.0,14.0,7.0,6.0,4.0,2,8.0,6.0,77.8,66.7,55,42,0,1,0.0,21.0,0.0,20181106005053.0,11077.0,15.0,0.006666666666666667
50,,,3.0,15.5,0.8,-15.5,0.8695652173913043,137.5,0.8695652173913043,137.5,0.8,24.0,,,,8.0,2.0,12.0,14.0,7.0,6.0,4.0,2,8.0,6.0,77.8,66.7,55,42,0,1,0.0,21.0,1.0,20181106005106.0,11077.0,15.0,0.006666666666666667
51,,,3.0,15.5,0.8,-15.5,0.8695652173913043,137.5,0.8,137.5,0.8695652173913043,24.0,,,,8.0,2.0,12.0,14.0,7.0,6.0,4.0,2,8.0,6.0,77.8,66.7,55,42,0,1,0.0,12.0,1.0,20181106005114.0,11077.0,15.0,0.006666666666666667
52,,,3.0,15.5,0.8,-15.5,0.8695652173913043,137.5,0.8,137.5,0.8695652173913043,22.0,,^,,9.0,2.0,12.0,14.0,7.0,6.0,4.0,2,8.0,6.0,77.8,66.7,58,42,0,1,0.0,12.0,1.0,20181106005122.0,11075^21077,15.0,0.006666666666666667
53,,,3.0,15.5,0.8,-15.5,0.8695652173913043,137.5,0.8,137.5,0.8695652173913043,22.0,,,,9.0,2.0,12.0,14.0,7.0,6.0,4.0,2,8.0,6.0,77.8,66.7,58,42,0,1,0.0,12.0,1.0,20181106005122.0,21077.0,15.0,0.006666666666666667
54,,,3.0,17.5,0.8333333333333334,-17.5,0.8333333333333334,137.5,0.8,137.5,0.8695652173913043,22.0,,,,9.0,2.0,12.0,14.0,7.0,6.0,4.0,2,8.0,6.0,77.8,66.7,58,42,0,1,0.0,0.0,0.0,20181106005128.0,21077.0,15.0,0.006666666666666667
55,,,3.0,18.5,0.8333333333333334,-18.5,0.8333333333333334,137.5,0.8,137.5,0.8695652173913043,22.0,4.0,,,9.0,2.0,12.0,14.0,7.0,6.0,4.0,2,8.0,6.0,77.8,66.7,58,42,0,1,10.0,0.0,0.0,20181106005132.0,21077.0,15.0,0.006666666666666667
56,,,3.0,18.5,0.8333333333333334,-18.5,0.8333333333333334,137.5,0.8,137.5,0.8695652173913043,22.0,4.0,3.0,0.0,9.0,2.0,12.0,14.0,7.0,6.0,4.0,2,8.0,0.0,77.8,66.7,58,42,0,1,10.0,0.0,0.0,20181106005132.0,1082.0,15.0,0.006666666666666667
57,,,3.0,18.5,0.8333333333333334,-18.5,0.8333333333333334,137.5,0.8,137.5,0.8695652173913043,22.0,4.0,3.0,0.0,9.0,2.0,12.0,14.0,7.0,6.0,4.0,2,8.0,0.0,77.8,66.7,58,42,0,1,10.0,0.0,0.0,20181106005358.0,1082.0,15.0,0.006666666666666667
58,,,3.0,18.5,0.8333333333333334,-18.5,0.8333333333333334,137.5,0.8,137.5,0.8695652173913043,17.0,4.0,^,0.0,9.0,2.0,12.0,14.0,7.0,6.0,4.0,2,8.0,0.0,77.8,66.7,58,42,0,1,10.0,0.0,1.0,20181106005359.0,01090^11077,15.0,0.006666666666666667
59,,,3.0,18.5,0.8333333333333334,-18.5,0.8333333333333334,137.5,0.8,137.5,0.8695652173913043,17.0,4.0,^,0.0,9.0,2.0,12.0,14.0,7.0,6.0,4.0,2,8.0,0.0,77.8,66.7,58,42,0,1,9.0,59.0,1.0,20181106005359.0,01090^11077,15.0,0.006666666666666667
60,,,3.0,18.5,0.8333333333333334,-18.5,0.8333333333333334,137.5,0.8,137.5,0.8695652173913043,17.0,4.0,,0.0,9.0,2.0,13.0,14.0,7.0,6.0,4.0,2,8.0,0.0,77.8,66.7,58,42,0,1,9.0,59.0,1.0,20181106005359.0,21077.0,15.0,0.006666666666666667
61,,,3.0,18.5,0.8,-18.5,0.8695652173913043,140.5,0.8695652173913043,140.5,0.8,17.0,4.0,,0.0,9.0,2.0,13.0,14.0,7.0,6.0,4.0,2,8.0,0.0,77.8,66.7,58,42,0,1,9.0,47.0,0.0,20181106005412.0,21077.0,15.0,0.006666666666666667
62,,,3.0,18.5,0.8333333333333334,-18.5,0.8333333333333334,140.5,0.8695652173913043,140.5,0.8,17.0,4.0,,0.0,9.0,2.0,13.0,14.0,7.0,6.0,4.0,2,8.0,0.0,77.8,66.7,58,42,0,1,9.0,47.0,0.0,20181106005414.0,11077.0,15.0,0.006666666666666667
63,,,3.0,18.5,0.8333333333333334,-18.5,0.8333333333333334,140.5,0.8695652173913043,140.5,0.8,17.0,4.0,,0.0,9.0,2.0,13.0,14.0,7.0,6.0,4.0,2,8.0,0.0,77.8,66.7,58,42,0,1,9.0,47.0,1.0,20181106005431.0,11077.0,15.0,0.006666666666666667
64,,,3.0,18.5,0.8333333333333334,-18.5,0.8333333333333334,140.5,0.8695652173913043,140.5,0.8,17.0,4.0,,0.0,9.0,2.0,13.0,14.0,7.0,6.0,4.0,2,8.0,0.0,77.8,66.7,58,42,0,1,9.0,40.0,0.0,20181106005438.0,11095.0,15.0,0.006666666666666667
65,,,3.0,18.5,0.8333333333333334,-18.5,0.8333333333333334,140.5,0.8695652173913043,141.5,0.8333333333333334,17.0,4.0,^,0.0,9.0,2.0,13.0,14.0,7.0,6.0,4.0,2,8.0,1.0,77.8,66.7,58,42,0,1,9.0,40.0,0.0,20181106005442.0,21086^11077,15.0,0.006666666666666667
66,,,3.0,20.5,0.9090909090909091,-20.5,0.7692307692307693,140.5,0.9090909090909091,140.5,0.7692307692307693,17.0,4.0,1:2^2:2,0.0,9.0,2.0,13.0,14.0,7.0,6.0,4.0,2,8.0,1.0,70.0,66.7,58,42,0,1,9.0,40.0,0.0,20181106005458.0,11080^11078,15.0,0.006666666666666667
67,,,3.0,21.5,0.8,-21.5,0.8695652173913043,141.5,0.8333333333333334,141.5,0.8333333333333334,16.0,4.0,2:2^,0.0,9.0,2.0,13.0,14.0,8.0,6.0,4.0,2,8.0,1.0,72.7,66.7,61,42,0,1,9.0,40.0,0.0,20181106005512.0,11079^21077,15.0,0.006666666666666667
68,,,3.0,21.5,0.8,-21.5,0.8695652173913043,141.5,0.8333333333333334,141.5,0.8333333333333334,16.0,4.0,,0.0,9.0,2.0,13.0,14.0,8.0,6.0,4.0,2,8.0,1.0,72.7,66.7,61,42,0,1,9.0,40.0,1.0,20181106005512.0,21077.0,15.0,0.006666666666666667
69,,,3.0,21.5,0.8,-21.5,0.8695652173913043,140.5,0.8695652173913043,140.5,0.8,16.0,4.0,,0.0,9.0,2.0,13.0,14.0,8.0,6.0,4.0,2,8.0,1.0,72.7,66.7,61,42,0,1,9.0,31.0,1.0,20181106005521.0,21077.0,15.0,0.006666666666666667
70,,,3.0,21.5,0.7692307692307693,-21.5,0.9090909090909091,140.5,0.8,140.5,0.8695652173913043,16.0,4.0,,0.0,9.0,2.0,13.0,14.0,8.0,6.0,4.0,2,8.0,1.0,72.7,66.7,61,42,0,1,9.0,23.0,1.0,20181106005529.0,21077.0,15.0,0.006666666666666667
71,,,3.0,21.5,0.8333333333333334,-21.5,0.8333333333333334,140.5,0.7692307692307693,140.5,0.9090909090909091,15.0,4.0,,0.0,9.0,2.0,13.0,14.0,8.0,6.0,4.0,2,8.0,1.0,72.7,66.7,61,42,0,1,9.0,22.0,1.0,20181106005530.0,21094.0,15.0,0.006666666666666667
72,,,3.0,21.5,0.8333333333333334,-21.5,0.8333333333333334,139.5,0.8333333333333334,139.5,0.8333333333333334,15.0,4.0,,0.0,9.0,2.0,13.0,14.0,8.0,6.0,4.0,2,8.0,1.0,72.7,66.7,61,42,0,1,9.0,13.0,1.0,20181106005539.0,11077.0,15.0,0.006666666666666667
73,,,3.0,21.5,0.8333333333333334,-21.5,0.8333333333333334,138.5,0.9090909090909091,138.5,0.7692307692307693,15.0,4.0,,0.0,9.0,2.0,13.0,14.0,8.0,6.0,4.0,2,8.0,1.0,72.7,66.7,61,42,0,1,9.0,6.0,0.0,20181106005545.0,11077.0,15.0,0.006666666666666667
74,,,3.0,20.5,0.9090909090909091,-20.5,0.7692307692307693,138.5,0.9090909090909091,138.5,0.7692307692307693,15.0,4.0,,0.0,9.0,2.0,13.0,14.0,8.0,6.0,4.0,2,8.0,1.0,72.7,66.7,61,42,0,1,9.0,6.0,0.0,20181106005548.0,21077.0,15.0,0.006666666666666667
75,,,3.0,20.5,0.9090909090909091,-20.5,0.7692307692307693,138.5,0.9090909090909091,138.5,0.7692307692307693,15.0,4.0,,0.0,9.0,2.0,13.0,14.0,8.0,6.0,4.0,2,8.0,1.0,72.7,66.7,61,42,0,1,9.0,6.0,1.0,20181106005553.0,21077.0,15.0,0.006666666666666667
76,,,3.0,20.5,0.9090909090909091,-20.5,0.7692307692307693,138.5,0.8333333333333334,138.5,0.8333333333333334,15.0,4.0,,0.0,9.0,2.0,13.0,14.0,8.0,6.0,4.0,2,8.0,1.0,72.7,66.7,61,42,0,1,8.0,57.0,1.0,20181106005602.0,21077.0,15.0,0.006666666666666667
77,,,3.0,18.5,0.8333333333333334,-18.5,0.8333333333333334,141.5,0.7692307692307693,141.5,0.9090909090909091,16.0,4.0,^,0.0,9.0,3.0,13.0,14.0,8.0,6.0,4.0,2,8.0,1.0,72.7,66.7,61,45,0,1,8.0,51.0,1.0,20181106005609.0,21075^11077,15.0,0.006666666666666667
78,,,3.0,18.5,0.8333333333333334,-18.5,0.8333333333333334,140.5,0.8695652173913043,140.5,0.8,16.0,4.0,,0.0,9.0,3.0,13.0,14.0,8.0,6.0,4.0,2,8.0,1.0,72.7,66.7,61,45,0,1,8.0,45.0,0.0,20181106005615.0,11077.0,15.0,0.006666666666666667
79,,,3.0,18.5,0.8333333333333334,-18.5,0.8333333333333334,140.5,0.8695652173913043,140.5,0.8,16.0,4.0,^,0.0,9.0,3.0,13.0,14.0,8.0,6.0,4.0,2,8.0,2.0,72.7,66.7,61,45,0,1,8.0,45.0,0.0,20181106005618.0,21086^11077,15.0,0.006666666666666667
80,,,3.0,18.5,0.8333333333333334,-18.5,0.8333333333333334,140.5,0.8695652173913043,140.5,0.8,16.0,4.0,^,0.0,9.0,3.0,13.0,14.0,8.0,6.0,4.0,2,8.0,2.0,72.7,66.7,61,45,0,1,8.0,45.0,1.0,20181106005633.0,21086^11077,15.0,0.006666666666666667
81,,,3.0,18.5,0.8333333333333334,-18.5,0.8333333333333334,140.5,0.7692307692307693,140.5,0.9090909090909091,16.0,4.0,^,0.0,9.0,3.0,13.0,14.0,8.0,6.0,4.0,2,8.0,2.0,72.7,66.7,61,45,0,1,8.0,36.0,1.0,20181106005641.0,21086^11077,15.0,0.006666666666666667
82,,,3.0,19.5,0.8695652173913043,-19.5,0.8,141.5,0.9090909090909091,141.5,0.7692307692307693,15.0,4.0,^,0.0,9.0,3.0,14.0,14.0,8.0,6.0,4.0,2,8.0,2.0,72.7,66.7,63,45,0,1,8.0,31.0,1.0,20181106005647.0,11074^21077,15.0,0.006666666666666667
83,,,3.0,19.5,0.8695652173913043,-19.5,0.8,141.5,0.8,141.5,0.8695652173913043,15.0,4.0,,0.0,9.0,3.0,14.0,14.0,8.0,6.0,4.0,2,8.0,2.0,72.7,66.7,63,45,0,1,8.0,22.0,1.0,20181106005655.0,21077.0,15.0,0.006666666666666667
84,,,3.0,18.5,0.8333333333333334,-18.5,0.8333333333333334,142.5,0.8695652173913043,142.5,0.8,16.0,4.0,^,0.0,9.0,3.0,14.0,16.0,8.0,6.0,4.0,2,8.0,2.0,72.7,66.7,63,47,0,1,8.0,14.0,1.0,20181106005704.0,21074^11077,15.0,0.006666666666666667
85,,,3.0,18.5,0.8333333333333334,-18.5,0.8333333333333334,142.5,0.8695652173913043,142.5,0.8,16.0,4.0,^,0.0,9.0,3.0,14.0,16.0,8.0,6.0,4.0,2,8.0,2.0,72.7,66.7,63,47,0,1,8.0,13.0,1.0,20181106005705.0,21074^11077,15.0,0.006666666666666667
86,,,3.0,18.5,0.8333333333333334,-18.5,0.8333333333333334,142.5,0.8,142.5,0.8695652173913043,16.0,4.0,^,0.0,9.0,3.0,14.0,16.0,8.0,6.0,4.0,2,8.0,2.0,72.7,66.7,63,47,0,1,8.0,5.0,1.0,20181106005713.0,21074^11077,15.0,0.006666666666666667
87,,,3.0,18.5,0.8333333333333334,-18.5,0.8333333333333334,141.5,0.8333333333333334,141.5,0.8333333333333334,16.0,4.0,^,0.0,9.0,3.0,14.0,16.0,8.0,6.0,4.0,2,8.0,2.0,72.7,66.7,63,47,0,1,7.0,56.0,1.0,20181106005721.0,21074^11077,15.0,0.006666666666666667
88,,,3.0,18.5,0.8333333333333334,-18.5,0.8333333333333334,141.5,0.7692307692307693,141.5,0.9090909090909091,16.0,4.0,^,0.0,9.0,3.0,14.0,16.0,8.0,6.0,4.0,2,8.0,2.0,72.7,66.7,63,47,0,1,7.0,48.0,1.0,20181106005730.0,21074^11077,15.0,0.006666666666666667
89,,,3.0,18.5,0.8333333333333334,-18.5,0.8333333333333334,140.5,0.8333333333333334,140.5,0.8333333333333334,16.0,4.0,^,0.0,9.0,3.0,14.0,16.0,8.0,6.0,4.0,2,8.0,2.0,72.7,66.7,63,47,0,1,7.0,44.0,1.0,20181106005733.0,11095.0,15.0,0.006666666666666667
90,,,3.0,18.5,0.8333333333333334,-18.5,0.8333333333333334,140.5,0.8333333333333334,140.5,0.8333333333333334,16.0,4.0,^,0.0,9.0,3.0,14.0,16.0,8.0,6.0,4.0,2,8.0,2.0,72.7,66.7,63,47,0,1,7.0,43.0,0.0,20181106005734.0,11077.0,15.0,0.006666666666666667
91,,,3.0,18.5,0.8333333333333334,-18.5,0.8333333333333334,140.5,0.8333333333333334,140.5,0.8333333333333334,16.0,4.0,^,0.0,9.0,3.0,14.0,16.0,8.0,6.0,4.0,2,8.0,2.0,72.7,66.7,63,47,0,1,7.0,43.0,1.0,20181106005946.0,11077.0,15.0,0.006666666666666667
92,,,3.0,18.5,0.8333333333333334,-18.5,0.8333333333333334,140.5,0.7692307692307693,140.5,0.9090909090909091,16.0,4.0,^,0.0,9.0,3.0,14.0,16.0,8.0,6.0,4.0,2,8.0,2.0,72.7,66.7,63,47,0,1,7.0,34.0,1.0,20181106005955.0,11077.0,15.0,0.006666666666666667
93,,,3.0,19.5,0.8,-19.5,0.8695652173913043,141.5,0.8333333333333334,141.5,0.8333333333333334,14.0,4.0,^,0.0,9.0,3.0,14.0,16.0,8.0,6.0,4.0,2,8.0,2.0,72.7,66.7,65,47,0,1,7.0,25.0,1.0,20181106010003.0,11077.0,15.0,0.006666666666666667
94,,,3.0,19.5,0.8,-19.5,0.8695652173913043,141.5,0.8333333333333334,141.5,0.8333333333333334,14.0,4.0,,0.0,9.0,3.0,14.0,16.0,8.0,6.0,4.0,2,8.0,2.0,72.7,66.7,65,47,0,1,7.0,26.0,1.0,20181106010004.0,21077.0,15.0,0.006666666666666667
95,,,3.0,19.5,0.8,-19.5,0.8695652173913043,141.5,0.7692307692307693,141.5,0.9090909090909091,14.0,4.0,,0.0,9.0,3.0,14.0,16.0,8.0,6.0,4.0,2,8.0,2.0,72.7,66.7,65,47,0,1,7.0,20.0,0.0,20181106010009.0,21077.0,15.0,0.006666666666666667
96,,,3.0,19.5,0.8,-19.5,0.8695652173913043,141.5,0.7692307692307693,141.5,0.9090909090909091,14.0,4.0,,0.0,9.0,3.0,14.0,16.0,8.0,6.0,4.0,2,8.0,2.0,72.7,66.7,65,47,0,1,7.0,20.0,1.0,20181106010013.0,21077.0,15.0,0.006666666666666667
97,,,3.0,20.5,0.8,-20.5,0.8695652173913043,141.5,0.7692307692307693,141.5,0.9090909090909091,14.0,4.0,,0.0,9.0,3.0,14.0,16.0,8.0,6.0,4.0,2,8.0,2.0,72.7,66.7,65,47,0,1,7.0,20.0,1.0,20181106010013.0,11077.0,15.0,0.006666666666666667
98,,,3.0,20.5,0.8,-20.5,0.8695652173913043,141.5,0.7692307692307693,141.5,0.9090909090909091,14.0,4.0,,0.0,9.0,3.0,14.0,16.0,8.0,6.0,4.0,2,8.0,2.0,72.7,66.7,65,47,0,1,7.0,5.0,1.0,20181106010028.0,11077.0,15.0,0.006666666666666667
99,,,3.0,20.5,0.8,-20.5,0.8695652173913043,139.5,0.9090909090909091,139.5,0.7692307692307693,14.0,4.0,,0.0,9.0,3.0,14.0,16.0,8.0,6.0,4.0,2,8.0,2.0,72.7,66.7,65,47,0,1,7.0,4.0,1.0,20181106010029.0,11095.0,15.0,0.006666666666666667
100,,,3.0,20.5,0.8,-20.5,0.8695652173913043,139.5,0.9090909090909091,139.5,0.7692307692307693,14.0,4.0,^,0.0,9.0,3.0,14.0,16.0,8.0,6.0,4.0,2,8.0,3.0,72.7,66.7,65,47,0,1,7.0,4.0,0.0,20181106010029.0,21086^11077,15.0,0.006666666666666667
101,,,3.0,20.5,0.8333333333333334,-20.5,0.8333333333333334,141.5,0.8,141.5,0.8695652173913043,14.0,4.0,1:2,0.0,9.0,3.0,14.0,16.0,8.0,6.0,4.0,2,8.0,3.0,72.7,66.7,65,47,0,1,7.0,4.0,0.0,20181106010035.0,11078.0,15.0,0.006666666666666667
102,,,3.0,20.5,0.9090909090909091,-20.5,0.7692307692307693,141.5,0.8695652173913043,141.5,0.8,13.0,4.0,1:2^2:2,0.0,9.0,3.0,14.0,16.0,9.0,6.0,4.0,2,8.0,3.0,75.0,66.7,66,47,0,1,7.0,4.0,0.0,20181106010051.0,11079^11078,15.0,0.006666666666666667
103,,,3.0,21.5,0.7692307692307693,-21.5,0.9090909090909091,142.5,0.7692307692307693,142.5,0.9090909090909091,13.0,4.0,2:2^,0.0,9.0,3.0,14.0,16.0,10.0,6.0,4.0,2,8.0,3.0,76.9,66.7,67,47,0,1,7.0,4.0,0.0,20181106010101.0,11079^21077,15.0,0.006666666666666667
104,,,3.0,21.5,0.7692307692307693,-21.5,0.9090909090909091,142.5,0.7692307692307693,142.5,0.9090909090909091,13.0,4.0,,0.0,9.0,3.0,14.0,16.0,10.0,6.0,4.0,2,8.0,3.0,76.9,66.7,67,47,0,1,7.0,4.0,1.0,20181106010102.0,21077.0,15.0,0.006666666666666667
105,,,3.0,21.5,0.7692307692307693,-21.5,0.9090909090909091,141.5,0.9090909090909091,141.5,0.7692307692307693,13.0,4.0,,0.0,9.0,3.0,14.0,16.0,10.0,6.0,4.0,2,8.0,3.0,76.9,66.7,67,47,0,1,7.0,2.0,0.0,20181106010104.0,21077.0,15.0,0.006666666666666667
106,,,3.0,21.5,0.7692307692307693,-21.5,0.9090909090909091,141.5,0.9090909090909091,141.5,0.7692307692307693,13.0,4.0,,0.0,9.0,3.0,14.0,16.0,10.0,6.0,4.0,2,8.0,3.0,76.9,66.7,67,47,0,1,7.0,2.0,1.0,20181106010110.0,21077.0,15.0,0.006666666666666667
107,,,3.0,21.5,0.7692307692307693,-21.5,0.9090909090909091,141.5,0.8333333333333334,141.5,0.8333333333333334,13.0,4.0,,0.0,9.0,3.0,14.0,16.0,10.0,6.0,4.0,2,8.0,3.0,76.9,66.7,67,47,0,1,6.0,56.0,1.0,20181106010115.0,21094.0,15.0,0.006666666666666667
108,,,3.0,22.5,0.7692307692307693,-22.5,0.9090909090909091,141.5,0.8333333333333334,141.5,0.8333333333333334,13.0,4.0,,0.0,9.0,3.0,14.0,16.0,10.0,6.0,4.0,2,8.0,3.0,76.9,66.7,67,47,0,1,6.0,56.0,1.0,20181106010116.0,11077.0,15.0,0.006666666666666667
109,,,3.0,21.5,0.7692307692307693,-21.5,0.9090909090909091,141.5,0.8,141.5,0.8695652173913043,13.0,4.0,,0.0,9.0,3.0,14.0,16.0,10.0,6.0,4.0,2,8.0,3.0,76.9,66.7,67,47,0,1,6.0,52.0,1.0,20181106010119.0,21077.0,15.0,0.006666666666666667
110,,,3.0,21.5,0.7692307692307693,-21.5,0.9090909090909091,141.5,0.8,141.5,0.8695652173913043,13.0,4.0,,0.0,9.0,3.0,14.0,16.0,10.0,6.0,4.0,2,8.0,3.0,76.9,66.7,67,47,0,1,6.0,43.0,1.0,20181106010128.0,21077.0,15.0,0.006666666666666667
111,,,3.0,19.5,0.7692307692307693,-19.5,0.9090909090909091,143.5,0.8333333333333334,143.5,0.8333333333333334,13.0,4.0,^,0.0,9.0,4.0,14.0,16.0,10.0,6.0,4.0,2,8.0,3.0,76.9,66.7,67,50,0,1,6.0,37.0,1.0,20181106010134.0,21075^11077,15.0,0.006666666666666667
112,,,3.0,19.5,0.7692307692307693,-19.5,0.9090909090909091,143.5,0.8333333333333334,143.5,0.8333333333333334,13.0,4.0,,0.0,9.0,4.0,14.0,16.0,10.0,6.0,4.0,2,8.0,3.0,76.9,66.7,67,50,0,1,6.0,37.0,1.0,20181106010135.0,11077.0,15.0,0.006666666666666667
113,,,3.0,19.5,0.7692307692307693,-19.5,0.9090909090909091,142.5,0.9090909090909091,142.5,0.7692307692307693,13.0,4.0,,0.0,9.0,4.0,14.0,16.0,10.0,6.0,4.0,2,8.0,3.0,76.9,66.7,67,50,0,1,6.0,28.0,1.0,20181106010143.0,11077.0,15.0,0.006666666666666667
114,,,3.0,19.5,0.7692307692307693,-19.5,0.9090909090909091,142.5,0.8,142.5,0.8695652173913043,13.0,4.0,,0.0,9.0,4.0,14.0,16.0,10.0,6.0,4.0,2,8.0,3.0,76.9,66.7,67,50,0,1,6.0,20.0,1.0,20181106010151.0,11077.0,15.0,0.006666666666666667
115,,,3.0,18.5,0.7692307692307693,-18.5,0.9090909090909091,142.5,0.7692307692307693,142.5,0.9090909090909091,13.0,4.0,,0.0,9.0,4.0,14.0,16.0,10.0,6.0,4.0,2,8.0,3.0,76.9,66.7,67,50,0,1,6.0,18.0,1.0,20181106010153.0,21077.0,15.0,0.006666666666666667
116,,,3.0,18.5,0.7692307692307693,-18.5,0.9090909090909091,141.5,0.9090909090909091,141.5,0.7692307692307693,13.0,4.0,,0.0,9.0,4.0,14.0,16.0,10.0,6.0,4.0,2,8.0,3.0,76.9,66.7,67,50,0,1,6.0,16.0,0.0,20181106010156.0,21077.0,15.0,0.006666666666666667
117,,,3.0,18.5,0.7692307692307693,-18.5,0.9090909090909091,141.5,0.9090909090909091,141.5,0.7692307692307693,13.0,4.0,^,0.0,9.0,4.0,14.0,16.0,10.0,6.0,4.0,2,1.0,3.0,76.9,66.7,67,50,0,1,6.0,16.0,0.0,20181106010159.0,11086^21077,15.0,0.006666666666666667
118,,,3.0,18.5,0.7692307692307693,-18.5,0.9090909090909091,141.5,0.9090909090909091,141.5,0.7692307692307693,13.0,4.0,^,0.0,9.0,4.0,14.0,16.0,10.0,6.0,4.0,2,1.0,3.0,76.9,66.7,67,50,0,1,6.0,16.0,1.0,20181106010224.0,11086^21077,15.0,0.006666666666666667
119,,,3.0,18.5,0.7692307692307693,-18.5,0.9090909090909091,141.5,0.8,141.5,0.8695652173913043,13.0,4.0,^,0.0,9.0,4.0,14.0,16.0,10.0,6.0,4.0,2,1.0,3.0,76.9,66.7,67,50,0,1,6.0,7.0,1.0,20181106010233.0,11086^21077,15.0,0.006666666666666667
120,,,3.0,18.5,0.7692307692307693,-18.5,0.9090909090909091,140.5,0.9090909090909091,140.5,0.7692307692307693,13.0,4.0,,0.0,9.0,4.0,14.0,16.0,10.0,6.0,4.0,2,1.0,3.0,76.9,66.7,67,50,0,1,6.0,2.0,1.0,20181106010238.0,21094.0,15.0,0.006666666666666667
121,,,3.0,18.5,0.7692307692307693,-18.5,0.9090909090909091,140.5,0.9090909090909091,140.5,0.7692307692307693,13.0,4.0,,0.0,9.0,4.0,14.0,16.0,10.0,6.0,4.0,2,1.0,3.0,76.9,66.7,67,50,0,1,6.0,2.0,1.0,20181106010238.0,21077.0,15.0,0.006666666666666667
122,,,3.0,18.5,0.7692307692307693,-18.5,0.9090909090909091,140.5,0.9090909090909091,140.5,0.7692307692307693,13.0,4.0,,0.0,9.0,4.0,14.0,16.0,10.0,6.0,4.0,2,1.0,3.0,76.9,66.7,67,50,0,1,6.0,2.0,1.0,20181106010242.0,11077.0,15.0,0.006666666666666667
123,,,3.0,18.5,0.7692307692307693,-18.5,0.9090909090909091,140.5,0.7692307692307693,140.5,0.9090909090909091,13.0,4.0,,0.0,9.0,4.0,14.0,16.0,10.0,6.0,4.0,2,1.0,3.0,76.9,66.7,67,50,0,1,6.0,49.0,1.0,20181106010250.0,11077.0,15.0,0.006666666666666667
124,,,3.0,18.5,0.7692307692307693,-18.5,0.9090909090909091,139.5,0.9090909090909091,139.5,0.7692307692307693,13.0,4.0,,0.0,9.0,4.0,14.0,16.0,10.0,6.0,4.0,2,1.0,3.0,76.9,66.7,67,50,0,1,6.0,47.0,1.0,20181106010253.0,11095.0,15.0,0.006666666666666667
125,,,3.0,17.5,0.7692307692307693,-17.5,0.9090909090909091,139.5,0.9090909090909091,139.5,0.7692307692307693,13.0,4.0,,0.0,9.0,4.0,14.0,16.0,10.0,6.0,4.0,2,1.0,3.0,76.9,66.7,67,50,0,1,6.0,47.0,1.0,20181106010254.0,21077.0,15.0,0.006666666666666667
126,,,3.0,17.5,0.7692307692307693,-17.5,0.9090909090909091,139.5,0.8,139.5,0.8695652173913043,13.0,4.0,,0.0,9.0,4.0,14.0,16.0,10.0,6.0,4.0,2,1.0,3.0,76.9,66.7,67,50,0,1,6.0,39.0,1.0,20181106010301.0,21094.0,15.0,0.006666666666666667
127,,,3.0,18.5,0.7692307692307693,-18.5,0.9090909090909091,139.5,0.8,139.5,0.8695652173913043,13.0,4.0,,0.0,9.0,4.0,14.0,16.0,10.0,6.0,4.0,2,1.0,3.0,76.9,66.7,67,50,0,1,6.0,39.0,1.0,20181106010302.0,11077.0,15.0,0.006666666666666667
128,,,3.0,18.5,0.7692307692307693,-18.5,0.9090909090909091,138.5,0.8695652173913043,138.5,0.8,13.0,4.0,,0.0,9.0,4.0,14.0,16.0,10.0,6.0,4.0,2,1.0,3.0,76.9,66.7,67,50,0,1,6.0,31.0,0.0,20181106010309.0,11077.0,15.0,0.006666666666666667
129,,,3.0,18.5,0.7692307692307693,-18.5,0.9090909090909091,138.5,0.8695652173913043,138.5,0.8,13.0,4.0,^,1.0,9.0,4.0,14.0,16.0,10.0,6.0,4.0,2,1.0,4.0,76.9,66.7,67,50,0,1,6.0,31.0,0.0,20181106010312.0,21086^11077,15.0,0.006666666666666667
130,,,3.0,18.5,0.7692307692307693,-18.5,0.9090909090909091,138.5,0.8695652173913043,138.5,0.8,13.0,4.0,^,1.0,9.0,4.0,14.0,16.0,10.0,6.0,4.0,2,1.0,4.0,76.9,66.7,67,50,0,1,6.0,31.0,1.0,20181106010352.0,21086^11077,15.0,0.006666666666666667
131,,,3.0,18.5,0.7692307692307693,-18.5,0.9090909090909091,138.5,0.8333333333333334,138.5,0.8333333333333334,13.0,4.0,^,1.0,9.0,4.0,14.0,16.0,10.0,6.0,4.0,2,1.0,4.0,76.9,66.7,67,50,0,1,6.0,27.0,0.0,20181106010356.0,21086^11077,15.0,0.006666666666666667
132,,,3.0,18.5,0.7692307692307693,-18.5,0.9090909090909091,138.5,0.8333333333333334,138.5,0.8333333333333334,13.0,4.0,^,1.0,9.0,4.0,14.0,16.0,10.0,6.0,4.0,2,1.0,4.0,76.9,66.7,67,50,0,1,6.0,27.0,1.0,20181106010451.0,21086^11077,15.0,0.006666666666666667
133,,,3.0,18.5,0.7692307692307693,-18.5,0.9090909090909091,137.5,0.9090909090909091,137.5,0.7692307692307693,13.0,4.0,^,1.0,9.0,4.0,14.0,16.0,10.0,6.0,4.0,2,1.0,4.0,76.9,66.7,67,50,0,1,6.0,18.0,1.0,20181106010459.0,21086^11077,15.0,0.006666666666666667
134,,,3.0,18.5,0.7692307692307693,-18.5,0.9090909090909091,137.5,0.8333333333333334,137.5,0.8333333333333334,13.0,4.0,^,1.0,9.0,4.0,14.0,16.0,10.0,6.0,4.0,2,1.0,4.0,76.9,66.7,67,50,0,1,6.0,12.0,1.0,20181106010505.0,21086^11077,15.0,0.006666666666666667
135,,,3.0,18.5,0.7692307692307693,-18.5,0.9090909090909091,137.5,0.8333333333333334,137.5,0.8333333333333334,13.0,4.0,^,1.0,9.0,4.0,14.0,16.0,10.0,6.0,4.0,2,1.0,5.0,76.9,66.7,67,50,0,1,6.0,12.0,0.0,20181106010506.0,21086^11077,15.0,0.006666666666666667
136,,,3.0,19.5,0.8,-19.5,0.8695652173913043,138.5,0.9090909090909091,138.5,0.7692307692307693,13.0,4.0,1:2,1.0,9.0,4.0,14.0,16.0,10.0,6.0,4.0,2,1.0,5.0,76.9,66.7,67,50,0,1,6.0,12.0,0.0,20181106010511.0,11078.0,15.0,0.006666666666666667
137,,,3.0,19.5,0.8333333333333334,-19.5,0.8333333333333334,139.5,0.7692307692307693,139.5,0.9090909090909091,13.0,4.0,1:2^2:2,1.0,9.0,4.0,14.0,16.0,11.0,6.0,4.0,2,1.0,5.0,78.6,66.7,68,50,0,1,6.0,12.0,0.0,20181106010530.0,11079^11078,15.0,0.006666666666666667
138,,,3.0,18.5,0.8695652173913043,-18.5,0.8,138.5,0.8333333333333334,138.5,0.8333333333333334,13.0,4.0,1:2^2:2,1.0,9.0,4.0,14.0,16.0,11.0,6.0,4.0,2,1.0,5.0,78.6,66.7,68,50,0,1,6.0,12.0,1.0,20181106010543.0,11079^11078,15.0,0.006666666666666667
139,,,3.0,19.5,0.8695652173913043,-19.5,0.8,138.5,0.8333333333333334,138.5,0.8333333333333334,13.0,4.0,,1.0,9.0,4.0,14.0,16.0,11.0,6.0,4.0,2,1.0,5.0,78.6,66.7,68,50,0,1,6.0,12.0,1.0,20181106010544.0,11077.0,15.0,0.006666666666666667
140,,,3.0,19.5,0.8695652173913043,-19.5,0.8,137.5,0.9090909090909091,137.5,0.7692307692307693,13.0,4.0,,1.0,9.0,4.0,14.0,16.0,11.0,6.0,4.0,2,1.0,5.0,78.6,66.7,68,50,0,1,6.0,3.0,1.0,20181106010552.0,11077.0,15.0,0.006666666666666667
141,,,3.0,20.5,0.8695652173913043,-20.5,0.8,137.5,0.9090909090909091,137.5,0.7692307692307693,9.0,4.0,^,1.0,9.0,4.0,16.0,16.0,11.0,6.0,4.0,2,1.0,5.0,78.6,66.7,70,50,0,1,4.0,55.0,1.0,20181106010600.0,11074^21077,15.0,0.006666666666666667
142,,,3.0,20.5,0.8695652173913043,-20.5,0.8,137.5,0.9090909090909091,137.5,0.7692307692307693,9.0,4.0,,1.0,9.0,4.0,16.0,16.0,11.0,6.0,4.0,2,1.0,5.0,78.6,66.7,70,50,0,1,4.0,54.0,1.0,20181106010601.0,21077.0,15.0,0.006666666666666667
143,,,3.0,20.5,0.8333333333333334,-20.5,0.8333333333333334,137.5,0.9090909090909091,137.5,0.7692307692307693,9.0,4.0,,1.0,9.0,4.0,16.0,16.0,11.0,6.0,4.0,2,1.0,5.0,78.6,66.7,70,50,0,1,4.0,46.0,1.0,20181106010609.0,21077.0,15.0,0.006666666666666667
144,,,3.0,20.5,0.8333333333333334,-20.5,0.8333333333333334,137.5,0.9090909090909091,137.5,0.7692307692307693,9.0,4.0,,1.0,9.0,4.0,16.0,16.0,11.0,6.0,4.0,2,1.0,5.0,78.6,66.7,70,50,0,1,4.0,37.0,1.0,20181106010618.0,21077.0,15.0,0.006666666666666667
145,,,3.0,20.5,0.8333333333333334,-20.5,0.8333333333333334,137.5,0.9090909090909091,137.5,0.7692307692307693,9.0,4.0,,1.0,9.0,4.0,16.0,16.0,11.0,6.0,4.0,2,1.0,5.0,78.6,66.7,70,50,0,1,4.0,37.0,1.0,20181106010618.0,21094.0,15.0,0.006666666666666667
146,,,3.0,20.5,0.8333333333333334,-20.5,0.8333333333333334,137.5,0.9090909090909091,137.5,0.7692307692307693,9.0,4.0,,1.0,9.0,4.0,16.0,16.0,11.0,6.0,4.0,2,1.0,5.0,78.6,66.7,70,50,0,1,4.0,28.0,1.0,20181106010627.0,21094.0,15.0,0.006666666666666667
147,,,3.0,20.5,0.8333333333333334,-20.5,0.8333333333333334,137.5,0.9090909090909091,137.5,0.7692307692307693,9.0,4.0,,1.0,9.0,4.0,16.0,16.0,11.0,6.0,4.0,2,1.0,5.0,78.6,66.7,70,50,0,1,4.0,25.0,0.0,20181106010630.0,21094.0,15.0,0.006666666666666667
148,,,3.0,20.5,0.8333333333333334,-20.5,0.8333333333333334,137.5,0.9090909090909091,137.5,0.7692307692307693,9.0,4.0,^,1.0,9.0,4.0,16.0,16.0,11.0,6.0,4.0,2,1.0,6.0,78.6,66.7,70,50,0,1,4.0,25.0,0.0,20181106010633.0,21086^11077,15.0,0.006666666666666667
149,,,3.0,20.5,0.9090909090909091,-20.5,0.7692307692307693,137.5,0.9090909090909091,137.5,0.7692307692307693,9.0,4.0,1:2,1.0,9.0,4.0,16.0,16.0,11.0,6.0,4.0,2,1.0,6.0,78.6,66.7,70,50,0,1,4.0,25.0,0.0,20181106010641.0,11078.0,15.0,0.006666666666666667
150,,,3.0,22.5,0.8,-22.5,0.8695652173913043,137.5,0.9090909090909091,137.5,0.7692307692307693,9.0,4.0,1:2^2:2,1.0,9.0,4.0,16.0,16.0,12.0,6.0,4.0,2,1.0,6.0,75.0,66.7,71,50,0,1,4.0,25.0,0.0,20181106010704.0,11079^11078,15.0,0.006666666666666667
151,,,3.0,22.5,0.8333333333333334,-22.5,0.8333333333333334,137.5,0.9090909090909091,137.5,0.7692307692307693,9.0,4.0,1:2^2:2,1.0,9.0,4.0,16.0,16.0,12.0,6.0,4.0,2,1.0,6.0,75.0,66.7,72,50,0,1,4.0,25.0,0.0,20181106010717.0,11079^11078,15.0,0.006666666666666667
152,,,3.0,22.5,0.8333333333333334,-22.5,0.8333333333333334,137.5,0.9090909090909091,137.5,0.7692307692307693,9.0,4.0,,1.0,9.0,4.0,16.0,16.0,12.0,6.0,4.0,2,1.0,6.0,75.0,66.7,72,50,0,1,4.0,25.0,1.0,20181106010717.0,21077.0,15.0,0.006666666666666667
153,,,3.0,22.5,0.8333333333333334,-22.5,0.8333333333333334,137.5,0.9090909090909091,137.5,0.7692307692307693,9.0,4.0,,1.0,9.0,4.0,16.0,16.0,12.0,6.0,4.0,2,1.0,6.0,75.0,66.7,72,50,0,1,4.0,23.0,0.0,20181106010719.0,21077.0,15.0,0.006666666666666667
154,,,3.0,22.5,0.8333333333333334,-22.5,0.8333333333333334,137.5,0.9090909090909091,137.5,0.7692307692307693,9.0,4.0,,1.0,9.0,4.0,16.0,16.0,12.0,6.0,4.0,2,1.0,6.0,75.0,66.7,72,50,0,1,4.0,23.0,1.0,20181106010727.0,21077.0,15.0,0.006666666666666667
155,,,3.0,22.5,0.8333333333333334,-22.5,0.8333333333333334,137.5,0.9090909090909091,137.5,0.7692307692307693,9.0,4.0,,1.0,9.0,4.0,16.0,16.0,12.0,6.0,4.0,2,1.0,6.0,75.0,66.7,72,50,0,1,4.0,14.0,1.0,20181106010735.0,21077.0,15.0,0.006666666666666667
156,,,3.0,22.5,0.8333333333333334,-22.5,0.8333333333333334,137.5,0.9090909090909091,137.5,0.7692307692307693,9.0,4.0,,1.0,9.0,4.0,16.0,16.0,12.0,6.0,4.0,2,1.0,6.0,75.0,66.7,72,50,0,1,4.0,12.0,1.0,20181106010737.0,21094.0,15.0,0.006666666666666667
157,,,3.0,22.5,0.8333333333333334,-22.5,0.8333333333333334,137.5,0.9090909090909091,137.5,0.7692307692307693,9.0,4.0,,1.0,9.0,4.0,16.0,16.0,12.0,6.0,4.0,2,1.0,6.0,75.0,66.7,72,50,0,1,4.0,12.0,1.0,20181106010738.0,21077.0,15.0,0.006666666666666667
158,,,3.0,22.5,0.8333333333333334,-22.5,0.8333333333333334,137.5,0.9090909090909091,137.5,0.7692307692307693,9.0,4.0,,1.0,9.0,4.0,16.0,16.0,12.0,6.0,4.0,2,1.0,6.0,75.0,66.7,72,50,0,1,4.0,11.0,0.0,20181106010739.0,21077.0,15.0,0.006666666666666667
159,,,3.0,22.5,0.8333333333333334,-22.5,0.8333333333333334,137.5,0.9090909090909091,137.5,0.7692307692307693,9.0,4.0,^,1.0,9.0,4.0,16.0,16.0,12.0,6.0,4.0,2,2.0,6.0,75.0,66.7,72,50,0,1,4.0,11.0,0.0,20181106010741.0,11086^21077,15.0,0.006666666666666667
160,,,3.0,22.5,0.8333333333333334,-22.5,0.8333333333333334,137.5,0.9090909090909091,137.5,0.7692307692307693,9.0,4.0,^,1.0,9.0,4.0,16.0,16.0,12.0,6.0,4.0,2,2.0,6.0,75.0,66.7,72,50,0,1,4.0,11.0,1.0,20181106010755.0,11086^21077,15.0,0.006666666666666667
161,,,3.0,21.5,0.8333333333333334,-21.5,0.8333333333333334,137.5,0.9090909090909091,137.5,0.7692307692307693,9.0,4.0,^,1.0,9.0,4.0,16.0,17.0,12.0,6.0,4.0,2,2.0,6.0,75.0,66.7,72,52,0,1,4.0,3.0,1.0,20181106010802.0,21074^11077,15.0,0.006666666666666667
162,,,3.0,21.5,0.8333333333333334,-21.5,0.8333333333333334,137.5,0.9090909090909091,137.5,0.7692307692307693,9.0,4.0,,1.0,9.0,4.0,16.0,17.0,12.0,6.0,4.0,2,2.0,6.0,75.0,66.7,72,52,0,1,4.0,3.0,1.0,20181106010803.0,11077.0,15.0,0.006666666666666667
163,,,3.0,21.5,0.8333333333333334,-21.5,0.8333333333333334,137.5,0.9090909090909091,137.5,0.7692307692307693,9.0,4.0,,1.0,9.0,4.0,16.0,17.0,12.0,6.0,4.0,2,2.0,6.0,75.0,66.7,72,52,0,1,3.0,54.0,1.0,20181106010811.0,11077.0,15.0,0.006666666666666667
164,,,3.0,20.5,0.8333333333333334,-20.5,0.8333333333333334,137.5,0.9090909090909091,137.5,0.7692307692307693,9.0,4.0,,1.0,9.0,4.0,16.0,17.0,12.0,6.0,4.0,2,2.0,6.0,75.0,66.7,72,52,0,1,3.0,52.0,1.0,20181106010814.0,21077.0,15.0,0.006666666666666667
165,,,3.0,19.5,0.8333333333333334,-19.5,0.8333333333333334,137.5,0.9090909090909091,137.5,0.7692307692307693,10.0,4.0,^,1.0,9.0,4.0,16.0,18.0,12.0,6.0,4.0,2,2.0,6.0,75.0,66.7,72,54,0,1,3.0,48.0,1.0,20181106010818.0,21074^11077,15.0,0.006666666666666667
166,,,3.0,19.5,0.8333333333333334,-19.5,0.8333333333333334,140.5,0.8333333333333334,140.5,0.8333333333333334,10.0,4.0,,1.0,9.0,4.0,16.0,18.0,12.0,6.0,4.0,2,2.0,6.0,75.0,66.7,72,54,0,1,3.0,39.0,1.0,20181106010827.0,11077.0,15.0,0.006666666666666667
167,,,3.0,18.5,0.8333333333333334,-18.5,0.8333333333333334,140.5,0.8333333333333334,140.5,0.8333333333333334,10.0,4.0,^,1.0,9.0,4.0,16.0,19.0,12.0,6.0,4.0,2,2.0,6.0,75.0,66.7,72,54,0,1,3.0,39.0,1.0,20181106010827.0,21077.0,15.0,0.006666666666666667
168,,,3.0,18.5,0.8333333333333334,-18.5,0.8333333333333334,140.5,0.8333333333333334,140.5,0.8333333333333334,10.0,4.0,,1.0,9.0,4.0,16.0,19.0,12.0,6.0,4.0,2,2.0,6.0,75.0,66.7,72,54,0,1,3.0,39.0,1.0,20181106010831.0,11077.0,15.0,0.006666666666666667
169,,,3.0,18.5,0.8333333333333334,-18.5,0.8333333333333334,140.5,0.7142857142857143,140.5,1.0,10.0,4.0,,1.0,9.0,4.0,16.0,19.0,12.0,6.0,4.0,2,2.0,6.0,75.0,66.7,72,54,0,1,3.0,32.0,0.0,20181106010833.0,11077.0,15.0,0.006666666666666667
170,44.0,5.0,3.0,18.5,0.8333333333333334,-18.5,0.8333333333333334,140.5,0.7142857142857143,140.5,1.0,10.0,4.0,,1.0,9.0,4.0,16.0,19.0,12.0,6.0,3.0,2,2.0,6.0,75.0,66.7,72,54,0,1,3.0,32.0,0.0,20181106010840.0,11081.0,15.0,0.006666666666666667
171,44.0,5.0,3.0,18.5,0.8333333333333334,-18.5,0.8333333333333334,141.5,1.0,141.5,0.7142857142857143,10.0,4.0,,1.0,9.0,4.0,16.0,19.0,12.0,6.0,3.0,2,2.0,6.0,75.0,66.7,72,54,0,1,3.0,30.0,0.0,20181106010856.0,11081.0,15.0,0.006666666666666667
172,,,3.0,18.5,0.8333333333333334,-18.5,0.8333333333333334,142.5,0.7692307692307693,142.5,0.9090909090909091,10.0,4.0,,1.0,9.0,4.0,16.0,19.0,12.0,6.0,3.0,2,2.0,6.0,75.0,66.7,72,54,0,1,3.0,34.0,0.0,20181106011012.0,11077.0,15.0,0.006666666666666667
173,,,3.0,18.5,0.8333333333333334,-18.5,0.8333333333333334,142.5,0.7692307692307693,142.5,0.9090909090909091,10.0,4.0,,1.0,9.0,4.0,16.0,19.0,12.0,6.0,3.0,2,2.0,6.0,75.0,66.7,72,54,0,1,3.0,34.0,1.0,20181106011012.0,11077.0,15.0,0.006666666666666667
174,,,3.0,18.5,0.8333333333333334,-18.5,0.8333333333333334,141.5,1.0,141.5,0.7142857142857143,10.0,4.0,,1.0,9.0,4.0,16.0,19.0,12.0,6.0,3.0,2,2.0,6.0,75.0,66.7,72,54,0,1,3.0,31.0,0.0,20181106011015.0,11077.0,15.0,0.006666666666666667
175,,,3.0,18.5,0.8333333333333334,-18.5,0.8333333333333334,141.5,1.0,141.5,0.7142857142857143,10.0,4.0,^,1.0,9.0,4.0,16.0,19.0,12.0,6.0,3.0,2,2.0,7.0,75.0,66.7,72,54,0,1,3.0,31.0,0.0,20181106011017.0,21086^11077,15.0,0.006666666666666667
176,,,3.0,18.5,0.9090909090909091,-18.5,0.7692307692307693,143.5,0.8,143.5,0.8695652173913043,10.0,4.0,1:2,1.0,9.0,4.0,16.0,19.0,12.0,6.0,3.0,2,2.0,7.0,75.0,66.7,72,54,0,1,3.0,31.0,0.0,20181106011022.0,11078.0,15.0,0.006666666666666667
177,,,3.0,18.5,0.7692307692307693,-18.5,0.9090909090909091,143.5,0.8695652173913043,143.5,0.8,10.0,4.0,1:2^2:2,1.0,9.0,4.0,16.0,19.0,14.0,6.0,3.0,2,2.0,7.0,77.8,66.7,73,56,0,1,3.0,31.0,0.0,20181106011033.0,11079^11078,15.0,0.006666666666666667
178,,,3.0,18.5,0.8333333333333334,-18.5,0.8333333333333334,144.5,0.7142857142857143,144.5,1.0,9.0,4.0,2:2^,1.0,9.0,4.0,16.0,19.0,15.0,6.0,3.0,2,2.0,7.0,78.9,66.7,74,56,0,1,3.0,31.0,0.0,20181106011045.0,11079^21077,15.0,0.006666666666666667
179,,,3.0,18.5,0.8333333333333334,-18.5,0.8333333333333334,144.5,0.7142857142857143,144.5,1.0,9.0,4.0,,1.0,9.0,4.0,16.0,19.0,15.0,6.0,3.0,2,2.0,7.0,78.9,66.7,74,56,0,1,3.0,31.0,1.0,20181106011045.0,21077.0,15.0,0.006666666666666667
180,,,3.0,18.5,0.8,-18.5,0.8695652173913043,143.5,0.9090909090909091,143.5,0.7692307692307693,9.0,4.0,,1.0,9.0,4.0,16.0,19.0,15.0,6.0,3.0,2,2.0,7.0,78.9,66.7,74,56,0,1,3.0,28.0,0.0,20181106011047.0,21077.0,15.0,0.006666666666666667
181,,,3.0,18.5,0.8,-18.5,0.8695652173913043,143.5,0.9090909090909091,143.5,0.7692307692307693,9.0,4.0,,1.0,9.0,4.0,16.0,19.0,15.0,6.0,3.0,2,2.0,7.0,78.9,66.7,74,56,0,1,3.0,28.0,1.0,20181106011053.0,21077.0,15.0,0.006666666666666667
182,,,3.0,18.5,0.8,-18.5,0.8695652173913043,143.5,0.8333333333333334,143.5,0.8333333333333334,9.0,4.0,,1.0,9.0,4.0,16.0,19.0,15.0,6.0,3.0,2,2.0,7.0,78.9,66.7,74,56,0,1,3.0,23.0,1.0,20181106011058.0,21095.0,15.0,0.006666666666666667
183,,,3.0,19.5,0.8,-19.5,0.8695652173913043,142.5,1.0,142.5,0.7142857142857143,9.0,4.0,,1.0,9.0,4.0,16.0,19.0,15.0,6.0,3.0,2,2.0,7.0,78.9,66.7,74,56,0,1,3.0,14.0,1.0,20181106011107.0,11077.0,15.0,0.006666666666666667
184,,,3.0,19.5,0.8,-19.5,0.8695652173913043,142.5,0.8333333333333334,142.5,0.8333333333333334,9.0,4.0,,1.0,9.0,4.0,16.0,19.0,15.0,6.0,3.0,2,2.0,7.0,78.9,66.7,74,56,0,1,3.0,8.0,0.0,20181106011113.0,11077.0,15.0,0.006666666666666667
185,,,3.0,19.5,0.8,-19.5,0.8695652173913043,142.5,0.8333333333333334,142.5,0.8333333333333334,9.0,4.0,^,1.0,9.0,4.0,16.0,19.0,15.0,6.0,3.0,2,2.0,8.0,78.9,66.7,74,56,0,1,3.0,8.0,0.0,20181106011115.0,21086^11077,15.0,0.006666666666666667
186,,,3.0,19.5,0.8695652173913043,-19.5,0.8,143.5,0.9090909090909091,143.5,0.7692307692307693,9.0,4.0,1:2,1.0,9.0,4.0,16.0,19.0,15.0,6.0,3.0,2,2.0,8.0,78.9,66.7,74,56,0,1,3.0,8.0,0.0,20181106011121.0,11078.0,15.0,0.006666666666666667
187,,,3.0,19.5,1.0,-19.5,0.7142857142857143,144.5,0.7692307692307693,144.5,0.9090909090909091,9.0,4.0,1:2^2:2,1.0,9.0,4.0,16.0,19.0,16.0,6.0,3.0,2,2.0,8.0,80.0,66.7,75,56,0,1,3.0,8.0,0.0,20181106011137.0,11079^11078,15.0,0.006666666666666667
188,,,3.0,20.5,0.7692307692307693,-20.5,0.9090909090909091,144.5,0.7692307692307693,144.5,0.9090909090909091,8.0,4.0,2:2^,1.0,9.0,4.0,16.0,19.0,17.0,6.0,3.0,2,2.0,8.0,81.0,66.7,76,56,0,1,3.0,8.0,0.0,20181106011151.0,11079^21077,15.0,0.006666666666666667
189,,,3.0,20.5,0.7692307692307693,-20.5,0.9090909090909091,144.5,0.7692307692307693,144.5,0.9090909090909091,8.0,4.0,,1.0,9.0,4.0,16.0,19.0,17.0,6.0,3.0,2,2.0,8.0,81.0,66.7,76,56,0,1,3.0,8.0,1.0,20181106011151.0,21077.0,15.0,0.006666666666666667
190,,,3.0,20.5,0.7692307692307693,-20.5,0.9090909090909091,144.5,0.7692307692307693,144.5,0.9090909090909091,8.0,4.0,,1.0,9.0,4.0,16.0,19.0,17.0,6.0,3.0,2,2.0,8.0,81.0,66.7,76,56,0,1,3.0,5.0,0.0,20181106011154.0,21077.0,15.0,0.006666666666666667
191,,,3.0,20.5,0.7692307692307693,-20.5,0.9090909090909091,144.5,0.7692307692307693,144.5,0.9090909090909091,8.0,4.0,,1.0,9.0,4.0,16.0,19.0,17.0,6.0,3.0,2,2.0,8.0,81.0,66.7,76,56,0,1,3.0,5.0,1.0,20181106011159.0,21077.0,15.0,0.006666666666666667
192,,,3.0,20.5,0.0,-20.5,0.0,144.5,0.7692307692307693,144.5,0.9090909090909091,7.0,4.0,,1.0,9.0,4.0,16.0,19.0,17.0,6.0,3.0,2,2.0,8.0,81.0,66.7,76,56,0,1,2.0,56.0,1.0,20181106011207.0,21077.0,15.0,0.006666666666666667
193,,,3.0,20.5,0.0,-20.5,0.0,144.5,0.7692307692307693,144.5,0.9090909090909091,7.0,4.0,,1.0,9.0,4.0,16.0,19.0,17.0,6.0,3.0,2,2.0,8.0,81.0,66.7,76,56,0,1,2.0,56.0,1.0,20181106011208.0,21095.0,15.0,0.006666666666666667
194,,,3.0,20.5,0.0,-20.5,0.0,144.5,0.7692307692307693,144.5,0.9090909090909091,7.0,4.0,^,1.0,9.0,4.0,16.0,19.0,17.0,6.0,3.0,2,3.0,8.0,81.0,66.7,76,56,0,1,2.0,56.0,0.0,20181106011208.0,11086^21077,15.0,0.006666666666666667
195,,,3.0,19.5,0.0,-19.5,0.0,144.5,0.7692307692307693,144.5,0.9090909090909091,7.0,4.0,1:2,1.0,9.0,4.0,16.0,19.0,17.0,6.0,3.0,2,3.0,8.0,81.0,66.7,76,56,0,1,2.0,56.0,0.0,20181106011212.0,21078.0,15.0,0.006666666666666667
196,,,3.0,20.5,0.0,-20.5,0.0,144.5,0.7692307692307693,144.5,0.9090909090909091,7.0,4.0,1:2^2:2,1.0,9.0,4.0,16.0,19.0,17.0,6.0,3.0,2,3.0,8.0,81.0,60.0,76,56,0,1,2.0,56.0,0.0,20181106011229.0,21080^21078,15.0,0.006666666666666667
197,,,3.0,21.5,0.0,-21.5,0.0,144.5,0.7692307692307693,144.5,0.9090909090909091,7.0,4.0,1:2^2:2,1.0,9.0,4.0,16.0,19.0,17.0,6.0,3.0,2,3.0,8.0,81.0,60.0,76,56,0,1,2.0,56.0,1.0,20181106011244.0,21080^21078,15.0,0.006666666666666667
198,,,3.0,20.5,0.0,-20.5,0.0,144.5,0.7692307692307693,144.5,0.9090909090909091,7.0,4.0,2:2^,1.0,9.0,4.0,16.0,19.0,17.0,6.0,3.0,2,3.0,8.0,81.0,54.5,76,56,0,1,2.0,56.0,1.0,20181106011244.0,21080^11077,15.0,0.006666666666666667
199,,,3.0,20.5,0.0,-20.5,0.0,144.5,0.7692307692307693,144.5,0.9090909090909091,7.0,4.0,2:2^,1.0,9.0,4.0,16.0,19.0,17.0,6.0,3.0,2,3.0,8.0,81.0,54.5,76,56,0,1,2.0,53.0,0.0,20181106011246.0,21080^11077,15.0,0.006666666666666667
200,,,3.0,20.5,0.0,-20.5,0.0,144.5,0.7692307692307693,144.5,0.9090909090909091,7.0,4.0,2:2^,1.0,9.0,4.0,16.0,19.0,17.0,6.0,3.0,2,3.0,8.0,81.0,54.5,76,56,0,1,2.0,53.0,1.0,20181106011253.0,21080^11077,15.0,0.006666666666666667
201,,,3.0,20.5,0.0,-20.5,0.0,144.5,0.7692307692307693,144.5,0.9090909090909091,7.0,4.0,2:2^,1.0,9.0,4.0,16.0,19.0,17.0,6.0,3.0,2,3.0,8.0,81.0,54.5,76,56,0,1,2.0,49.0,1.0,20181106011257.0,21094.0,15.0,0.006666666666666667
202,,,3.0,20.5,0.0,-20.5,0.0,144.5,0.7692307692307693,144.5,0.9090909090909091,7.0,4.0,2:2^,1.0,9.0,4.0,16.0,19.0,17.0,6.0,3.0,2,3.0,8.0,81.0,54.5,76,56,0,1,2.0,49.0,1.0,20181106011258.0,21077.0,15.0,0.006666666666666667
203,,,3.0,20.5,0.0,-20.5,0.0,144.5,0.7692307692307693,144.5,0.9090909090909091,7.0,4.0,2:2^,1.0,9.0,4.0,16.0,19.0,17.0,6.0,3.0,2,3.0,8.0,81.0,54.5,76,56,0,1,2.0,46.0,0.0,20181106011300.0,21077.0,15.0,0.006666666666666667
204,,,3.0,20.5,0.0,-20.5,0.0,144.5,0.7692307692307693,144.5,0.9090909090909091,7.0,4.0,2:2^,1.0,9.0,4.0,16.0,19.0,17.0,6.0,3.0,2,3.0,8.0,81.0,54.5,76,56,0,1,2.0,46.0,1.0,20181106011309.0,21077.0,15.0,0.006666666666666667
205,,,3.0,20.5,0.0,-20.5,0.0,144.5,0.7692307692307693,144.5,0.9090909090909091,7.0,4.0,2:2^,1.0,9.0,4.0,16.0,19.0,17.0,6.0,3.0,2,3.0,8.0,81.0,54.5,76,56,0,1,2.0,40.0,1.0,20181106011315.0,21077.0,15.0,0.006666666666666667
206,,,3.0,20.5,0.0,-20.5,0.0,144.5,0.7692307692307693,144.5,0.9090909090909091,7.0,4.0,2:2^,1.0,9.0,4.0,16.0,19.0,17.0,6.0,3.0,2,3.0,8.0,81.0,54.5,76,56,0,1,2.0,40.0,1.0,20181106011315.0,21095.0,15.0,0.006666666666666667
207,,,3.0,20.5,0.0,-20.5,0.0,144.5,0.7692307692307693,144.5,0.9090909090909091,7.0,4.0,2:2^,1.0,9.0,4.0,16.0,19.0,17.0,6.0,3.0,2,3.0,8.0,81.0,54.5,76,56,0,1,2.0,31.0,1.0,20181106011324.0,21095.0,15.0,0.006666666666666667
208,,,3.0,20.5,0.0,-20.5,0.0,144.5,0.7692307692307693,144.5,0.9090909090909091,7.0,4.0,2:2^,1.0,9.0,4.0,16.0,19.0,17.0,6.0,3.0,2,3.0,8.0,81.0,54.5,76,56,0,1,2.0,23.0,1.0,20181106011333.0,21095.0,15.0,0.006666666666666667
209,,,3.0,20.5,0.0,-20.5,0.0,144.5,0.7692307692307693,144.5,0.9090909090909091,7.0,4.0,2:2^,1.0,9.0,4.0,16.0,19.0,17.0,6.0,3.0,2,3.0,8.0,81.0,54.5,76,56,0,1,2.0,20.0,1.0,20181106011336.0,11095.0,15.0,0.006666666666666667
210,,,3.0,20.5,0.0,-20.5,0.0,144.5,0.7692307692307693,144.5,0.9090909090909091,7.0,4.0,2:2^,1.0,9.0,4.0,16.0,19.0,17.0,6.0,3.0,2,3.0,8.0,81.0,54.5,76,56,0,1,2.0,17.0,0.0,20181106011338.0,21077.0,15.0,0.006666666666666667
211,,,3.0,20.5,0.0,-20.5,0.0,144.5,0.7692307692307693,144.5,0.9090909090909091,7.0,4.0,^,1.0,9.0,4.0,16.0,19.0,17.0,6.0,3.0,2,4.0,8.0,81.0,54.5,76,56,0,1,2.0,17.0,0.0,20181106011340.0,11086^21077,15.0,0.006666666666666667
212,,,3.0,20.5,0.0,-20.5,0.0,144.5,0.7692307692307693,144.5,0.9090909090909091,7.0,4.0,^,1.0,9.0,4.0,16.0,19.0,17.0,6.0,3.0,2,4.0,8.0,81.0,54.5,76,56,0,1,2.0,17.0,1.0,20181106011358.0,11086^21077,15.0,0.006666666666666667
213,,,3.0,21.5,0.0,-21.5,0.0,144.5,0.7692307692307693,144.5,0.9090909090909091,7.0,4.0,,1.0,9.0,4.0,16.0,19.0,17.0,6.0,3.0,2,4.0,8.0,81.0,54.5,76,56,0,1,2.0,9.0,1.0,20181106011407.0,11077.0,15.0,0.006666666666666667
214,,,3.0,21.5,0.0,-21.5,0.0,144.5,0.7692307692307693,144.5,0.9090909090909091,7.0,4.0,,1.0,9.0,4.0,16.0,19.0,17.0,6.0,3.0,2,4.0,8.0,81.0,54.5,76,56,0,1,2.0,8.0,1.0,20181106011407.0,11077.0,15.0,0.006666666666666667
215,,,3.0,21.5,0.0,-21.5,0.0,144.5,0.7692307692307693,144.5,0.9090909090909091,7.0,4.0,,1.0,9.0,4.0,16.0,19.0,17.0,6.0,3.0,2,4.0,8.0,81.0,54.5,76,56,0,1,2.0,7.0,0.0,20181106011409.0,11077.0,15.0,0.006666666666666667
216,,,3.0,21.5,0.0,-21.5,0.0,144.5,0.7692307692307693,144.5,0.9090909090909091,7.0,4.0,,1.0,9.0,4.0,16.0,19.0,17.0,6.0,3.0,2,4.0,8.0,81.0,54.5,76,56,0,1,2.0,7.0,1.0,20181106011415.0,11077.0,15.0,0.006666666666666667
217,,,3.0,20.5,0.0,-20.5,0.0,144.5,0.7692307692307693,144.5,0.9090909090909091,7.0,4.0,,1.0,9.0,4.0,16.0,19.0,17.0,6.0,3.0,2,4.0,8.0,81.0,54.5,76,56,0,1,2.0,2.0,0.0,20181106011420.0,11077.0,15.0,0.006666666666666667
218,,,3.0,20.5,0.0,-20.5,0.0,144.5,0.7692307692307693,144.5,0.9090909090909091,7.0,4.0,^,1.0,9.0,4.0,16.0,19.0,17.0,6.0,3.0,2,4.0,9.0,81.0,54.5,76,56,0,1,2.0,2.0,0.0,20181106011422.0,21086^11077,15.0,0.006666666666666667
219,,,3.0,21.5,0.0,-21.5,0.0,144.5,0.7692307692307693,144.5,0.9090909090909091,7.0,4.0,1:2,1.0,9.0,4.0,16.0,19.0,17.0,6.0,3.0,2,4.0,9.0,81.0,54.5,76,56,0,1,2.0,2.0,0.0,20181106011427.0,11078.0,15.0,0.006666666666666667
220,,,3.0,21.5,0.0,-21.5,0.0,144.5,0.7692307692307693,144.5,0.9090909090909091,7.0,4.0,1:2^2:2,1.0,9.0,4.0,16.0,19.0,18.0,6.0,3.0,2,4.0,9.0,81.8,54.5,77,56,0,1,2.0,2.0,0.0,20181106011446.0,11079^11078,15.0,0.006666666666666667
221,,,3.0,20.5,0.0,-20.5,0.0,144.5,0.7692307692307693,144.5,0.9090909090909091,7.0,4.0,2:2^,1.0,9.0,4.0,16.0,19.0,18.0,6.0,3.0,2,4.0,9.0,78.3,54.5,77,56,0,1,2.0,2.0,1.0,20181106011459.0,11080^21077,15.0,0.006666666666666667
222,,,3.0,20.5,0.0,-20.5,0.0,144.5,0.7692307692307693,144.5,0.9090909090909091,7.0,4.0,,1.0,9.0,4.0,16.0,19.0,18.0,6.0,3.0,2,4.0,9.0,78.3,54.5,77,56,0,1,2.0,2.0,1.0,20181106011500.0,21077.0,15.0,0.006666666666666667
223,,,3.0,20.5,0.0,-20.5,0.0,144.5,0.7692307692307693,144.5,0.9090909090909091,1.0,4.0,,1.0,9.0,4.0,16.0,19.0,18.0,6.0,3.0,2,4.0,9.0,78.3,54.5,77,56,0,1,1.0,53.0,1.0,20181106011508.0,21077.0,15.0,0.006666666666666667
224,,,3.0,20.5,0.0,-20.5,0.0,144.5,0.7692307692307693,144.5,0.9090909090909091,1.0,4.0,,1.0,9.0,4.0,16.0,19.0,18.0,6.0,3.0,2,4.0,9.0,78.3,54.5,77,56,0,1,1.0,47.0,1.0,20181106011514.0,21095.0,15.0,0.006666666666666667
225,,,3.0,20.5,0.0,-20.5,0.0,144.5,0.7692307692307693,144.5,0.9090909090909091,1.0,4.0,,1.0,9.0,4.0,16.0,19.0,18.0,6.0,3.0,2,4.0,9.0,78.3,54.5,77,56,0,1,1.0,43.0,1.0,20181106011518.0,21077.0,15.0,0.006666666666666667
226,,,3.0,21.5,0.0,-21.5,0.0,144.5,0.7692307692307693,144.5,0.9090909090909091,1.0,4.0,,1.0,9.0,4.0,16.0,19.0,18.0,6.0,3.0,2,4.0,9.0,78.3,54.5,77,56,0,1,1.0,34.0,1.0,20181106011527.0,11077.0,15.0,0.006666666666666667
227,,,3.0,23.5,0.0,-23.5,0.0,144.5,0.7692307692307693,144.5,0.9090909090909091,1.0,4.0,^,1.0,10.0,4.0,16.0,19.0,18.0,6.0,3.0,2,4.0,9.0,78.3,54.5,80,56,0,1,1.0,26.0,1.0,20181106011535.0,11075^21077,15.0,0.006666666666666667
228,,,3.0,23.5,0.0,-23.5,0.0,144.5,0.7692307692307693,144.5,0.9090909090909091,1.0,4.0,,1.0,10.0,4.0,16.0,19.0,18.0,6.0,3.0,2,4.0,9.0,78.3,54.5,80,56,0,1,1.0,26.0,1.0,20181106011536.0,21077.0,15.0,0.006666666666666667
229,,,3.0,23.5,0.0,-23.5,0.0,144.5,0.7692307692307693,144.5,0.9090909090909091,1.0,4.0,,1.0,10.0,4.0,16.0,19.0,18.0,6.0,3.0,2,4.0,9.0,78.3,54.5,80,56,0,1,1.0,25.0,1.0,20181106011536.0,21077.0,15.0,0.006666666666666667
230,,,3.0,23.5,0.0,-23.5,0.0,144.5,0.7692307692307693,144.5,0.9090909090909091,1.0,4.0,,1.0,10.0,4.0,16.0,19.0,18.0,6.0,3.0,2,4.0,9.0,78.3,54.5,80,56,0,1,1.0,17.0,1.0,20181106011545.0,21077.0,15.0,0.006666666666666667
231,,,3.0,22.5,0.0,-22.5,0.0,144.5,0.7692307692307693,144.5,0.9090909090909091,1.0,4.0,^,1.0,10.0,4.0,16.0,20.0,18.0,6.0,3.0,2,4.0,9.0,78.3,54.5,80,58,0,1,1.0,13.0,1.0,20181106011548.0,21074^11077,15.0,0.006666666666666667
232,,,3.0,22.5,0.0,-22.5,0.0,144.5,0.7692307692307693,144.5,0.9090909090909091,1.0,4.0,,1.0,10.0,4.0,16.0,20.0,18.0,6.0,3.0,2,4.0,9.0,78.3,54.5,80,58,0,1,1.0,13.0,1.0,20181106011549.0,11077.0,15.0,0.006666666666666667
233,,,3.0,21.5,0.0,-21.5,0.0,144.5,0.7692307692307693,144.5,0.9090909090909091,1.0,4.0,^,1.0,10.0,4.0,16.0,20.0,18.0,6.0,3.0,2,5.0,9.0,78.3,54.5,80,58,0,1,1.0,10.0,0.0,20181106011551.0,11086^21077,15.0,0.006666666666666667
234,,,3.0,21.5,0.0,-21.5,0.0,144.5,0.7692307692307693,144.5,0.9090909090909091,1.0,4.0,,1.0,10.0,4.0,16.0,20.0,18.0,6.0,3.0,2,5.0,9.0,78.3,54.5,80,58,0,1,1.0,10.0,0.0,20181106011552.0,21077.0,15.0,0.006666666666666667
235,,,3.0,22.5,0.0,-22.5,0.0,144.5,0.7692307692307693,144.5,0.9090909090909091,1.0,4.0,1:1,1.0,10.0,4.0,16.0,20.0,18.0,6.0,3.0,2,5.0,9.0,78.3,54.5,80,58,0,1,1.0,10.0,0.0,20181106011556.0,21078.0,15.0,0.006666666666666667
236,,,3.0,21.5,0.0,-21.5,0.0,144.5,0.7692307692307693,144.5,0.9090909090909091,1.0,4.0,1:1^,1.0,10.0,4.0,16.0,20.0,18.0,7.0,3.0,2,5.0,9.0,78.3,58.3,80,59,0,1,1.0,10.0,0.0,20181106011638.0,21079^11077,15.0,0.006666666666666667
237,,,3.0,21.5,0.0,-21.5,0.0,144.5,0.7692307692307693,144.5,0.9090909090909091,1.0,4.0,,1.0,10.0,4.0,16.0,20.0,18.0,7.0,3.0,2,5.0,9.0,78.3,58.3,80,59,0,1,1.0,10.0,1.0,20181106011638.0,11077.0,15.0,0.006666666666666667
238,,,3.0,21.5,0.0,-21.5,0.0,144.5,0.7692307692307693,144.5,0.9090909090909091,1.0,4.0,,1.0,10.0,4.0,16.0,20.0,18.0,7.0,3.0,2,5.0,9.0,78.3,58.3,80,59,0,1,1.0,7.0,0.0,20181106011641.0,11077.0,15.0,0.006666666666666667
239,,,3.0,21.5,0.0,-21.5,0.0,144.5,0.7692307692307693,144.5,0.9090909090909091,1.0,4.0,,1.0,10.0,4.0,16.0,20.0,18.0,7.0,3.0,2,5.0,9.0,78.3,58.3,80,59,0,1,1.0,7.0,1.0,20181106011700.0,11077.0,15.0,0.006666666666666667
240,,,3.0,21.5,0.0,-21.5,0.0,144.5,0.7692307692307693,144.5,0.9090909090909091,1.0,4.0,^,1.0,10.0,4.0,16.0,20.0,18.0,7.0,3.0,2,5.0,10.0,78.3,58.3,80,59,0,1,1.0,5.0,0.0,20181106011703.0,21086^11077,15.0,0.006666666666666667
241,,,3.0,22.5,0.0,-22.5,0.0,144.5,0.7692307692307693,144.5,0.9090909090909091,1.0,4.0,1:2,1.0,10.0,4.0,16.0,20.0,18.0,7.0,3.0,2,5.0,10.0,78.3,58.3,80,59,0,1,1.0,5.0,0.0,20181106011707.0,11078.0,15.0,0.006666666666666667
242,,,3.0,21.5,0.0,-21.5,0.0,144.5,0.7692307692307693,144.5,0.9090909090909091,1.0,4.0,1:2^2:2,1.0,10.0,4.0,16.0,20.0,18.0,7.0,3.0,2,5.0,10.0,75.0,58.3,80,59,0,1,1.0,5.0,0.0,20181106011724.0,11080^11078,15.0,0.006666666666666667
243,,,3.0,21.5,0.0,-21.5,0.0,144.5,0.7692307692307693,144.5,0.9090909090909091,1.0,4.0,2:2^,1.0,10.0,4.0,16.0,20.0,19.0,7.0,3.0,2,5.0,10.0,76.0,58.3,81,59,0,1,1.0,5.0,0.0,20181106011735.0,11079^21077,15.0,0.006666666666666667
244,,,3.0,21.5,0.0,-21.5,0.0,144.5,0.7692307692307693,144.5,0.9090909090909091,1.0,4.0,,1.0,10.0,4.0,16.0,20.0,19.0,7.0,3.0,2,5.0,10.0,76.0,58.3,81,59,0,1,1.0,5.0,1.0,20181106011735.0,21077.0,15.0,0.006666666666666667
245,,,3.0,21.5,0.0,-21.5,0.0,144.5,0.7692307692307693,144.5,0.9090909090909091,1.0,4.0,,1.0,10.0,4.0,16.0,20.0,19.0,7.0,3.0,2,5.0,10.0,76.0,58.3,81,59,0,1,1.0,2.0,0.0,20181106011738.0,21077.0,15.0,0.006666666666666667
246,,,3.0,21.5,0.0,-21.5,0.0,144.5,0.7692307692307693,144.5,0.9090909090909091,1.0,4.0,,1.0,10.0,4.0,16.0,20.0,19.0,7.0,3.0,2,5.0,10.0,76.0,58.3,81,59,0,1,1.0,2.0,1.0,20181106011745.0,21077.0,15.0,0.006666666666666667
247,,,3.0,22.5,0.0,-22.5,0.0,144.5,0.7692307692307693,144.5,0.9090909090909091,1.0,4.0,,1.0,10.0,4.0,16.0,20.0,19.0,7.0,3.0,2,5.0,10.0,76.0,58.3,81,59,0,1,0.0,58.0,1.0,20181106011749.0,11077.0,15.0,0.006666666666666667
248,,,3.0,22.5,0.0,-22.5,0.0,144.5,0.7692307692307693,144.5,0.9090909090909091,1.0,4.0,,1.0,10.0,4.0,16.0,20.0,19.0,7.0,3.0,2,5.0,10.0,76.0,58.3,81,59,0,1,0.0,50.0,1.0,20181106011756.0,11095.0,15.0,0.006666666666666667
249,,,3.0,22.5,0.0,-22.5,0.0,144.5,0.7692307692307693,144.5,0.9090909090909091,1.0,4.0,,1.0,10.0,4.0,16.0,20.0,19.0,7.0,3.0,2,5.0,10.0,76.0,58.3,81,59,0,1,0.0,50.0,1.0,20181106011757.0,11077.0,15.0,0.006666666666666667
250,,,3.0,22.5,0.0,-22.5,0.0,144.5,0.7692307692307693,144.5,0.9090909090909091,1.0,4.0,,1.0,10.0,4.0,16.0,20.0,19.0,7.0,3.0,2,5.0,10.0,76.0,58.3,81,59,0,1,0.0,41.0,1.0,20181106011805.0,11077.0,15.0,0.006666666666666667
251,,,3.0,21.5,0.0,-21.5,0.0,144.5,0.7692307692307693,144.5,0.9090909090909091,1.0,4.0,,1.0,10.0,4.0,16.0,20.0,19.0,7.0,3.0,2,5.0,10.0,76.0,58.3,81,59,0,1,0.0,35.0,1.0,20181106011811.0,21077.0,15.0,0.006666666666666667
252,,,3.0,22.5,0.0,-22.5,0.0,144.5,0.7692307692307693,144.5,0.9090909090909091,1.0,4.0,,1.0,10.0,4.0,16.0,20.0,19.0,7.0,3.0,2,5.0,10.0,76.0,58.3,81,59,0,1,0.0,33.0,1.0,20181106011814.0,11077.0,15.0,0.006666666666666667
253,,,3.0,22.5,0.0,-22.5,0.0,144.5,0.7692307692307693,144.5,0.9090909090909091,1.0,4.0,,1.0,10.0,4.0,16.0,20.0,19.0,7.0,3.0,2,5.0,10.0,76.0,58.3,81,59,0,1,0.0,30.0,0.0,20181106011816.0,11077.0,15.0,0.006666666666666667
254,,,3.0,23.5,0.0,-23.5,0.0,144.5,0.7692307692307693,144.5,0.9090909090909091,1.0,4.0,^,1.0,10.0,4.0,17.0,20.0,19.0,7.0,3.0,2,5.0,10.0,76.0,58.3,83,59,0,1,0.0,30.0,0.0,20181106011822.0,11074^21077,15.0,0.006666666666666667
255,,,3.0,23.5,0.0,-23.5,0.0,144.5,0.7692307692307693,144.5,0.9090909090909091,1.0,4.0,,1.0,10.0,4.0,17.0,20.0,19.0,7.0,3.0,2,5.0,10.0,76.0,58.3,83,59,0,1,0.0,30.0,1.0,20181106011921.0,21077.0,15.0,0.006666666666666667
256,,,3.0,22.5,0.0,-22.5,0.0,144.5,0.7692307692307693,144.5,0.9090909090909091,1.0,4.0,^,1.0,10.0,4.0,17.0,21.0,19.0,7.0,3.0,2,5.0,10.0,76.0,58.3,83,61,0,1,0.0,25.0,1.0,20181106011926.0,21074^11077,15.0,0.006666666666666667
257,,,3.0,22.5,0.0,-22.5,0.0,144.5,0.7692307692307693,144.5,0.9090909090909091,1.0,4.0,,1.0,10.0,4.0,17.0,21.0,19.0,7.0,3.0,2,5.0,10.0,76.0,58.3,83,61,0,1,0.0,25.0,1.0,20181106011927.0,11077.0,15.0,0.006666666666666667
258,,,3.0,22.5,0.0,-22.5,0.0,144.5,0.7692307692307693,144.5,0.9090909090909091,1.0,4.0,,1.0,10.0,4.0,17.0,21.0,19.0,7.0,3.0,2,5.0,10.0,76.0,58.3,83,61,0,1,0.0,16.0,1.0,20181106011935.0,11077.0,15.0,0.006666666666666667
259,,,3.0,22.5,0.0,-22.5,0.0,144.5,0.7692307692307693,144.5,0.9090909090909091,1.0,4.0,,1.0,10.0,4.0,17.0,21.0,19.0,7.0,3.0,2,5.0,10.0,76.0,58.3,83,61,0,1,0.0,8.0,1.0,20181106011944.0,11077.0,15.0,0.006666666666666667
260,,,3.0,22.5,0.0,-22.5,0.0,144.5,0.7692307692307693,144.5,0.9090909090909091,1.0,4.0,,1.0,10.0,4.0,17.0,21.0,19.0,7.0,3.0,2,5.0,10.0,76.0,58.3,83,61,0,1,0.0,0.0,0.0,20181106011952.0,11077.0,15.0,0.006666666666666667
261,,,3.0,22.5,0.0,-22.5,0.0,144.5,0.7692307692307693,144.5,0.9090909090909091,1.0,4.0,,1.0,10.0,4.0,17.0,21.0,19.0,7.0,3.0,2,5.0,10.0,76.0,58.3,83,61,0,1,0.0,0.0,0.0,20181106011954.0,11077.0,15.0,0.006666666666666667
262,,,3.0,22.5,0.0,-22.5,0.0,144.5,0.7692307692307693,144.5,0.9090909090909091,1.0,4.0,,1.0,10.0,4.0,17.0,21.0,19.0,7.0,3.0,2,5.0,10.0,76.0,58.3,83,61,0,1,0.0,0.0,0.0,20181106011954.0,1084.0,15.0,0.006666666666666667
