,CP,ED,HASA,HASA_ODD,HASH,HASH_ODD,HATD,HATD_ODD,HATU,HATU_ODD,LM,MD,PG,PI,S1_a,S1_h,S2_a,S2_h,S3_a,S3_h,S4_a,S4_h,S5_a,S5_h,S6_a,S6_h,SC_a,SC_h,SU,TD,TM,TS,TT,TU,VC,WA_ODD,WH_ODD
0,,3.0,-23.5,0.8695652173913043,23.5,0.8,163.5,0.8333333333333334,163.5,0.8333333333333334,,,,,7.0,5.0,4.0,11.0,5.0,15.0,5,5,0.0,0.0,41.7,100.0,34.0,52.0,0,1,10.0,0.0,0,20181019134812,01083,0.005,16.0
1,,3.0,-23.5,0.8695652173913043,23.5,0.8,163.5,0.8333333333333334,163.5,0.8333333333333334,,,^,,7.0,5.0,4.0,11.0,5.0,15.0,5,5,0.0,0.0,41.7,100.0,34.0,52.0,0,1,10.0,0.0,1.0,20181019140357.0,01089^11077,0.005,16.0
2,,3.0,-23.5,0.8695652173913043,23.5,0.8,163.5,0.8333333333333334,163.5,0.8333333333333334,,,^,,7.0,5.0,4.0,11.0,5.0,15.0,5,5,0.0,0.0,41.7,100.0,34.0,52.0,0,1,9.0,57.0,0.0,20181019140400.0,01089^11077,0.005,16.0
3,,3.0,-23.5,0.8695652173913043,23.5,0.8,163.5,0.8333333333333334,163.5,0.8333333333333334,,,,,7.0,5.0,4.0,11.0,5.0,15.0,5,5,0.0,0.0,41.7,100.0,34.0,52.0,0,1,9.0,57.0,0.0,20181019140400.0,21077.0,0.005,16.0
4,,3.0,-23.5,0.8695652173913043,23.5,0.8,163.5,0.8333333333333334,163.5,0.8333333333333334,,,,,7.0,5.0,4.0,11.0,5.0,15.0,5,5,0.0,0.0,41.7,100.0,34.0,52.0,0,1,9.0,57.0,1.0,20181019140408.0,21077.0,0.005,16.0
5,,3.0,-23.5,0.8695652173913043,23.5,0.8,162.5,0.8695652173913043,162.5,0.8,,,,,7.0,5.0,4.0,11.0,5.0,15.0,5,5,0.0,0.0,41.7,100.0,34.0,52.0,0,1,9.0,49.0,1.0,20181019140417.0,21077.0,0.005,16.0
6,,3.0,-23.5,0.8695652173913043,23.5,0.8,162.5,0.8333333333333334,162.5,0.8333333333333334,,,,,7.0,5.0,4.0,11.0,5.0,15.0,5,5,0.0,0.0,41.7,100.0,34.0,52.0,0,1,9.0,44.0,1.0,20181019140421.0,11077.0,0.005,16.0
7,,3.0,-23.5,0.8695652173913043,23.5,0.8,161.5,0.8695652173913043,161.5,0.8,,,,,7.0,5.0,4.0,11.0,5.0,15.0,5,5,0.0,0.0,41.7,100.0,34.0,52.0,0,1,9.0,36.0,1.0,20181019140429.0,11077.0,0.005,16.0
8,,3.0,-22.5,0.8,22.5,0.8695652173913043,161.5,0.8,161.5,0.8695652173913043,,,,,7.0,5.0,4.0,11.0,5.0,15.0,5,5,0.0,0.0,41.7,100.0,34.0,52.0,0,1,9.0,28.0,1.0,20181019140438.0,11077.0,0.005,16.0
9,,3.0,-22.5,0.8,22.5,0.8695652173913043,160.5,0.8333333333333334,160.5,0.8333333333333334,,,,,7.0,5.0,4.0,11.0,5.0,15.0,5,5,0.0,0.0,41.7,100.0,34.0,52.0,0,1,9.0,20.0,1.0,20181019140446.0,11077.0,0.005,16.0
10,,3.0,-22.5,0.8,22.5,0.8695652173913043,160.5,0.8333333333333334,160.5,0.8333333333333334,,,,,7.0,5.0,4.0,11.0,5.0,15.0,5,5,0.0,0.0,41.7,100.0,34.0,52.0,0,1,9.0,19.0,0.0,20181019140447.0,11077.0,0.005,16.0
11,,3.0,-22.5,0.8,22.5,0.8695652173913043,160.5,0.8333333333333334,160.5,0.8333333333333334,,,,,7.0,5.0,4.0,11.0,5.0,15.0,5,5,0.0,0.0,41.7,100.0,34.0,52.0,0,1,9.0,19.0,1.0,20181019140456.0,11077.0,0.005,16.0
12,,3.0,-22.5,0.8,22.5,0.8695652173913043,159.5,0.8695652173913043,159.5,0.8,,,,,7.0,5.0,4.0,11.0,5.0,15.0,5,5,0.0,0.0,41.7,100.0,34.0,52.0,0,1,9.0,11.0,1.0,20181019140504.0,11077.0,0.005,16.0
13,,3.0,-22.5,0.8,22.5,0.8695652173913043,159.5,0.8333333333333334,159.5,0.8333333333333334,,,,,7.0,5.0,4.0,11.0,5.0,15.0,5,5,0.0,0.0,41.7,100.0,34.0,52.0,0,1,9.0,2.0,1.0,20181019140512.0,11077.0,0.005,16.0
14,,3.0,-23.5,0.8695652173913043,23.5,0.8,158.5,0.8695652173913043,158.5,0.8,,,,,7.0,5.0,4.0,11.0,5.0,15.0,5,5,0.0,0.0,41.7,100.0,34.0,52.0,0,1,8.0,56.0,1.0,20181019140518.0,21077.0,0.005,16.0
15,,3.0,-24.5,0.8333333333333334,24.5,0.8333333333333334,161.5,0.8,161.5,0.8695652173913043,3.0,,^,,7.0,5.0,4.0,12.0,5.0,15.0,5,5,0.0,0.0,41.7,100.0,34.0,54.0,0,1,8.0,55.0,1.0,20181019140520.0,21074^11077,0.005,16.0
16,,3.0,-24.5,0.8333333333333334,24.5,0.8333333333333334,160.5,0.8333333333333334,160.5,0.8333333333333334,3.0,,^,,7.0,5.0,4.0,12.0,5.0,15.0,5,5,0.0,0.0,41.7,100.0,34.0,54.0,0,1,8.0,47.0,1.0,20181019140528.0,21074^11077,0.005,16.0
17,,3.0,-24.5,0.8333333333333334,24.5,0.8333333333333334,159.5,0.8695652173913043,159.5,0.8,3.0,,^,,7.0,5.0,4.0,12.0,5.0,15.0,5,5,0.0,0.0,41.7,100.0,34.0,54.0,0,1,8.0,38.0,1.0,20181019140536.0,21074^11077,0.005,16.0
18,,3.0,-23.5,0.8695652173913043,23.5,0.8,159.5,0.8695652173913043,159.5,0.8,4.0,,^,,7.0,5.0,5.0,12.0,5.0,15.0,5,5,0.0,0.0,41.7,100.0,36.0,54.0,0,1,8.0,38.0,1.0,20181019140537.0,11074^21077,0.005,16.0
19,,3.0,-23.5,0.8695652173913043,23.5,0.8,161.5,0.8333333333333334,161.5,0.8333333333333334,4.0,,^,,7.0,5.0,5.0,12.0,5.0,15.0,5,5,0.0,0.0,41.7,100.0,36.0,54.0,0,1,8.0,29.0,1.0,20181019140545.0,11074^21077,0.004,17.0
20,,3.0,-23.5,0.8695652173913043,23.5,0.8,160.5,0.8695652173913043,160.5,0.8,4.0,,^,,7.0,5.0,5.0,12.0,5.0,15.0,5,5,0.0,0.0,41.7,100.0,36.0,54.0,0,1,8.0,21.0,1.0,20181019140553.0,11074^21077,0.004,17.0
21,,3.0,-23.5,0.8695652173913043,23.5,0.8,160.5,0.8333333333333334,160.5,0.8333333333333334,4.0,,^,,7.0,5.0,5.0,12.0,5.0,15.0,5,5,0.0,0.0,41.7,100.0,36.0,54.0,0,1,8.0,13.0,1.0,20181019140601.0,11074^21077,0.004,17.0
22,,3.0,-22.5,0.8333333333333334,22.5,0.8333333333333334,160.5,0.8333333333333334,160.5,0.8333333333333334,4.0,,,,7.0,5.0,5.0,12.0,5.0,15.0,5,5,0.0,0.0,41.7,100.0,36.0,54.0,0,1,8.0,12.0,1.0,20181019140602.0,11077.0,0.005,16.0
23,,3.0,-22.5,0.8333333333333334,22.5,0.8333333333333334,159.5,0.8695652173913043,159.5,0.8,4.0,,,,7.0,5.0,5.0,12.0,5.0,15.0,5,5,0.0,0.0,41.7,100.0,36.0,54.0,0,1,8.0,8.0,0.0,20181019140606.0,11077.0,0.005,16.0
24,,3.0,-23.5,0.8695652173913043,23.5,0.8,159.5,0.8695652173913043,159.5,0.8,4.0,,^,,7.0,5.0,5.0,12.0,5.0,15.0,5,5,1.0,0.0,41.7,100.0,36.0,54.0,0,1,8.0,8.0,1.0,20181019140633.0,11086^21077,0.004,17.0
25,,3.0,-24.5,0.8695652173913043,24.5,0.8,161.5,0.8333333333333334,161.5,0.8333333333333334,3.0,,^,,7.0,5.0,5.0,13.0,5.0,15.0,5,5,1.0,0.0,41.7,100.0,36.0,56.0,0,1,8.0,0.0,1.0,20181019140641.0,21074^11077,0.004,17.0
26,,3.0,-24.5,0.8695652173913043,24.5,0.8,161.5,0.8,161.5,0.8695652173913043,3.0,,^,,7.0,5.0,5.0,13.0,5.0,15.0,5,5,1.0,0.0,41.7,100.0,36.0,56.0,0,1,7.0,52.0,1.0,20181019140649.0,21074^11077,0.004,17.0
27,,3.0,-24.5,0.8695652173913043,24.5,0.8,160.5,0.8333333333333334,160.5,0.8333333333333334,3.0,,^,,7.0,5.0,5.0,13.0,5.0,15.0,5,5,1.0,0.0,41.7,100.0,36.0,56.0,0,1,7.0,44.0,1.0,20181019140657.0,21074^11077,0.004,17.0
28,,3.0,-25.5,0.9090909090909091,25.5,0.7692307692307693,159.5,0.8695652173913043,159.5,0.8,3.0,,,,7.0,5.0,5.0,13.0,5.0,15.0,5,5,1.0,0.0,41.7,100.0,36.0,56.0,0,1,7.0,37.0,1.0,20181019140705.0,21077.0,0.004,17.0
29,,3.0,-25.5,0.8,25.5,0.8695652173913043,162.5,0.8,162.5,0.8695652173913043,3.0,,^,,7.0,5.0,5.0,14.0,5.0,15.0,5,5,1.0,0.0,41.7,100.0,36.0,58.0,0,1,7.0,36.0,1.0,20181019140705.0,21074^11077,0.004,17.0
30,,3.0,-25.5,0.8,25.5,0.8695652173913043,161.5,0.8333333333333334,161.5,0.8333333333333334,3.0,,^,,7.0,5.0,5.0,14.0,5.0,15.0,5,5,1.0,0.0,41.7,100.0,36.0,58.0,0,1,7.0,28.0,1.0,20181019140714.0,21074^11077,0.004,17.0
31,,3.0,-25.5,0.8,25.5,0.8695652173913043,161.5,0.8,161.5,0.8695652173913043,3.0,,^,,7.0,5.0,5.0,14.0,5.0,15.0,5,5,1.0,0.0,41.7,100.0,36.0,58.0,0,1,7.0,20.0,1.0,20181019140722.0,21074^11077,0.004,17.0
32,,3.0,-25.5,0.8,25.5,0.8695652173913043,160.5,0.8333333333333334,160.5,0.8333333333333334,3.0,,^,,7.0,5.0,5.0,14.0,5.0,15.0,5,5,1.0,0.0,41.7,100.0,36.0,58.0,0,1,7.0,11.0,1.0,20181019140730.0,21074^11077,0.004,17.0
33,,3.0,-25.5,0.8,25.5,0.8695652173913043,160.5,0.8,160.5,0.8695652173913043,3.0,,^,,7.0,5.0,5.0,14.0,5.0,15.0,5,5,1.0,0.0,41.7,100.0,36.0,58.0,0,1,7.0,9.0,0.0,20181019140733.0,21074^11077,0.004,17.0
34,,3.0,-26.5,0.8,26.5,0.8695652173913043,160.5,0.8,160.5,0.8695652173913043,3.0,,,,7.0,5.0,5.0,14.0,5.0,15.0,5,5,1.0,0.0,41.7,100.0,36.0,58.0,0,1,7.0,9.0,1.0,20181019140746.0,21077.0,0.004,17.0
35,,3.0,-26.5,0.8,26.5,0.8695652173913043,159.5,0.8333333333333334,159.5,0.8333333333333334,3.0,,,,7.0,5.0,5.0,14.0,5.0,15.0,5,5,1.0,0.0,41.7,100.0,36.0,58.0,0,1,7.0,0.0,1.0,20181019140755.0,21077.0,0.004,17.0
36,,3.0,-26.5,0.8,26.5,0.8695652173913043,158.5,0.8695652173913043,158.5,0.8,3.0,,,,7.0,5.0,5.0,14.0,5.0,15.0,5,5,1.0,0.0,41.7,100.0,36.0,58.0,0,1,6.0,52.0,1.0,20181019140803.0,21077.0,0.004,17.0
37,,3.0,-25.5,0.8,25.5,0.8695652173913043,158.5,0.8695652173913043,158.5,0.8,3.0,,^,,7.0,5.0,6.0,14.0,5.0,15.0,5,5,1.0,0.0,41.7,100.0,36.0,58.0,0,1,6.0,52.0,1.0,20181019140803.0,11077.0,0.004,17.0
38,,3.0,-25.5,0.8,25.5,0.8695652173913043,160.5,0.8333333333333334,160.5,0.8333333333333334,3.0,,^,,7.0,5.0,6.0,14.0,5.0,15.0,5,5,1.0,0.0,41.7,100.0,36.0,58.0,0,1,6.0,41.0,1.0,20181019140814.0,11077.0,0.004,17.0
39,,3.0,-25.5,0.8,25.5,0.8695652173913043,159.5,0.8695652173913043,159.5,0.8,3.0,,^,,7.0,5.0,6.0,14.0,5.0,15.0,5,5,1.0,0.0,41.7,100.0,36.0,58.0,0,1,6.0,33.0,1.0,20181019140822.0,11077.0,0.004,17.0
40,,3.0,-25.5,0.8333333333333334,25.5,0.8333333333333334,162.5,0.8,162.5,0.8695652173913043,3.0,,^,,7.0,5.0,6.0,15.0,5.0,15.0,5,5,1.0,0.0,41.7,100.0,38.0,60.0,0,1,6.0,31.0,1.0,20181019140824.0,21074^11077,0.004,17.0
41,,3.0,-25.5,0.8333333333333334,25.5,0.8333333333333334,161.5,0.8695652173913043,161.5,0.8,3.0,,^,,7.0,5.0,6.0,15.0,5.0,15.0,5,5,1.0,0.0,41.7,100.0,38.0,60.0,0,1,6.0,29.0,0.0,20181019140826.0,21074^11077,0.004,17.0
42,,3.0,-27.5,0.8333333333333334,27.5,0.8333333333333334,162.5,0.8333333333333334,162.5,0.8333333333333334,3.0,,1:1,,7.0,5.0,6.0,15.0,5.0,15.0,5,5,2.0,0.0,41.7,100.0,38.0,60.0,0,1,6.0,29.0,0.0,20181019140826.0,21078.0,0.004,17.0
43,,3.0,-25.5,0.8333333333333334,25.5,0.8333333333333334,161.5,0.8695652173913043,161.5,0.8,3.0,,1:1^,,7.0,5.0,6.0,15.0,5.0,15.0,5,5,2.0,0.0,41.7,93.8,38.0,60.0,0,1,6.0,29.0,1.0,20181019140846.0,21080^11077,0.004,17.0
44,,3.0,-25.5,0.8333333333333334,25.5,0.8333333333333334,161.5,0.8333333333333334,161.5,0.8333333333333334,3.0,,1:1^,,7.0,5.0,6.0,15.0,5.0,15.0,5,5,2.0,0.0,41.7,93.8,38.0,60.0,0,1,6.0,21.0,1.0,20181019140855.0,21080^11077,0.004,17.0
45,,3.0,-25.5,0.8333333333333334,25.5,0.8333333333333334,160.5,0.8695652173913043,160.5,0.8,3.0,,1:1^,,7.0,5.0,6.0,15.0,5.0,15.0,5,5,2.0,0.0,41.7,93.8,38.0,60.0,0,1,6.0,13.0,1.0,20181019140903.0,21080^11077,0.004,17.0
46,,3.0,-25.5,0.8333333333333334,25.5,0.8333333333333334,160.5,0.8333333333333334,160.5,0.8333333333333334,3.0,,1:1^,,7.0,5.0,6.0,15.0,5.0,15.0,5,5,2.0,0.0,41.7,93.8,38.0,60.0,0,1,6.0,10.0,0.0,20181019140905.0,21080^11077,0.004,17.0
47,,3.0,-26.5,0.8333333333333334,26.5,0.8333333333333334,160.5,0.8333333333333334,160.5,0.8333333333333334,3.0,,,,7.0,5.0,6.0,15.0,5.0,15.0,5,5,2.0,0.0,41.7,93.8,38.0,60.0,0,1,6.0,10.0,1.0,20181019140920.0,21077.0,0.004,17.0
48,,3.0,-26.5,0.8333333333333334,26.5,0.8333333333333334,159.5,0.8695652173913043,159.5,0.8,3.0,,,,7.0,5.0,6.0,15.0,5.0,15.0,5,5,2.0,0.0,41.7,93.8,38.0,60.0,0,1,6.0,2.0,1.0,20181019140928.0,21077.0,0.004,17.0
49,,3.0,-27.5,0.8333333333333334,27.5,0.8333333333333334,161.5,0.9090909090909091,161.5,0.7692307692307693,3.0,,^,,7.0,5.0,6.0,16.0,5.0,15.0,5,5,2.0,0.0,41.7,93.8,38.0,62.0,0,1,5.0,58.0,1.0,20181019140932.0,21074^11077,0.004,17.0
50,,3.0,-27.5,0.8333333333333334,27.5,0.8333333333333334,161.5,0.8333333333333334,161.5,0.8333333333333334,3.0,,^,,7.0,5.0,6.0,16.0,5.0,15.0,5,5,2.0,0.0,41.7,93.8,38.0,62.0,0,1,5.0,50.0,1.0,20181019140940.0,21074^11077,0.004,17.0
51,,3.0,-27.5,0.8333333333333334,27.5,0.8333333333333334,160.5,0.8695652173913043,160.5,0.8,3.0,,^,,7.0,5.0,6.0,16.0,5.0,15.0,5,5,2.0,0.0,41.7,93.8,38.0,62.0,0,1,5.0,42.0,1.0,20181019140948.0,21074^11077,0.004,17.0
52,,3.0,-28.5,0.8333333333333334,28.5,0.8333333333333334,160.5,0.8333333333333334,160.5,0.8333333333333334,3.0,,,,7.0,5.0,6.0,16.0,5.0,15.0,5,5,2.0,0.0,41.7,93.8,38.0,62.0,0,1,5.0,39.0,1.0,20181019140951.0,21077.0,0.004,17.0
53,,3.0,-28.5,0.8333333333333334,28.5,0.8333333333333334,160.5,0.8333333333333334,160.5,0.8333333333333334,3.0,,,,7.0,5.0,6.0,16.0,5.0,15.0,5,5,2.0,0.0,41.7,93.8,38.0,62.0,0,1,5.0,38.0,0.0,20181019140952.0,21077.0,0.004,17.0
54,,3.0,-28.5,0.8333333333333334,28.5,0.8333333333333334,160.5,0.8333333333333334,160.5,0.8333333333333334,3.0,,,,7.0,5.0,6.0,16.0,5.0,15.0,5,5,2.0,0.0,41.7,93.8,38.0,62.0,0,1,5.0,38.0,1.0,20181019141016.0,21077.0,0.004,17.0
55,,3.0,-28.5,0.8333333333333334,28.5,0.8333333333333334,160.5,0.8333333333333334,160.5,0.8333333333333334,3.0,,^,,7.0,5.0,6.0,16.0,5.0,15.0,5,5,3.0,0.0,41.7,93.8,38.0,62.0,0,1,5.0,31.0,0.0,20181019141023.0,11086^21077,0.004,17.0
56,,3.0,-28.5,0.8333333333333334,28.5,0.8333333333333334,160.5,0.8333333333333334,160.5,0.8333333333333334,3.0,,^,,7.0,5.0,6.0,16.0,5.0,15.0,5,5,3.0,0.0,41.7,93.8,38.0,62.0,0,1,5.0,31.0,1.0,20181019141025.0,11086^21077,0.004,17.0
57,,3.0,-28.5,0.8333333333333334,28.5,0.8333333333333334,160.5,0.8695652173913043,160.5,0.8,3.0,,^,,7.0,5.0,6.0,16.0,5.0,15.0,5,5,3.0,0.0,41.7,93.8,38.0,62.0,0,1,5.0,29.0,0.0,20181019141027.0,11086^21077,0.004,17.0
58,,3.0,-27.5,0.8333333333333334,27.5,0.8333333333333334,160.5,0.8695652173913043,160.5,0.8,3.0,,,,7.0,5.0,6.0,16.0,5.0,15.0,5,5,3.0,0.0,41.7,93.8,38.0,62.0,0,1,5.0,29.0,1.0,20181019141045.0,11077.0,0.004,17.0
59,,3.0,-27.5,0.8333333333333334,27.5,0.8333333333333334,160.5,0.8333333333333334,160.5,0.8333333333333334,3.0,,,,7.0,5.0,6.0,16.0,5.0,15.0,5,5,3.0,0.0,41.7,93.8,38.0,62.0,0,1,5.0,21.0,1.0,20181019141053.0,11077.0,0.004,17.0
60,,3.0,-25.5,0.8333333333333334,25.5,0.8333333333333334,162.5,0.8333333333333334,162.5,0.8333333333333334,3.0,,^,,8.0,5.0,6.0,16.0,5.0,15.0,5,5,3.0,0.0,41.7,93.8,41.0,62.0,0,1,5.0,15.0,1.0,20181019141058.0,11075^21077,0.004,17.0
61,,3.0,-25.5,0.8333333333333334,25.5,0.8333333333333334,161.5,0.8333333333333334,161.5,0.8333333333333334,3.0,,^,,8.0,5.0,6.0,16.0,5.0,15.0,5,5,3.0,0.0,41.7,93.8,41.0,62.0,0,1,5.0,7.0,1.0,20181019141106.0,11075^21077,0.004,17.0
62,,3.0,-24.5,0.8333333333333334,24.5,0.8333333333333334,161.5,0.8333333333333334,161.5,0.8333333333333334,3.0,,,,8.0,5.0,6.0,16.0,5.0,15.0,5,5,3.0,0.0,41.7,93.8,41.0,62.0,0,1,5.0,1.0,1.0,20181019141112.0,11077.0,0.004,17.0
63,,3.0,-24.5,0.8333333333333334,24.5,0.8333333333333334,161.5,0.8,161.5,0.8695652173913043,3.0,,,,8.0,5.0,6.0,16.0,5.0,15.0,5,5,3.0,0.0,41.7,93.8,41.0,62.0,0,1,4.0,58.0,0.0,20181019141115.0,11077.0,0.004,17.0
64,,3.0,-24.5,0.8333333333333334,24.5,0.8333333333333334,161.5,0.8,161.5,0.8695652173913043,3.0,,^,,8.0,5.0,6.0,16.0,5.0,15.0,5,5,3.0,1.0,41.7,93.8,41.0,62.0,0,1,4.0,58.0,1.0,20181019141141.0,21086^11077,0.004,17.0
65,,3.0,-24.5,0.8333333333333334,24.5,0.8333333333333334,160.5,0.8333333333333334,160.5,0.8333333333333334,3.0,,^,,8.0,5.0,6.0,16.0,5.0,15.0,5,5,3.0,1.0,41.7,93.8,41.0,62.0,0,1,4.0,50.0,1.0,20181019141149.0,21086^11077,0.004,17.0
66,,3.0,-25.5,0.8333333333333334,25.5,0.8333333333333334,160.5,0.8,160.5,0.8695652173913043,3.0,,,,8.0,5.0,6.0,16.0,5.0,15.0,5,5,3.0,1.0,41.7,93.8,41.0,62.0,0,1,4.0,47.0,1.0,20181019141152.0,21077.0,0.004,17.0
67,,3.0,-25.5,0.8695652173913043,25.5,0.8,159.5,0.8333333333333334,159.5,0.8333333333333334,3.0,,,,8.0,5.0,6.0,16.0,5.0,15.0,5,5,3.0,1.0,41.7,93.8,41.0,62.0,0,1,4.0,39.0,1.0,20181019141200.0,21077.0,0.004,17.0
68,,3.0,-25.5,0.8695652173913043,25.5,0.8,159.5,0.8,159.5,0.8695652173913043,3.0,,,,8.0,5.0,6.0,16.0,5.0,15.0,5,5,3.0,1.0,41.7,93.8,41.0,62.0,0,1,4.0,31.0,1.0,20181019141209.0,21077.0,0.004,17.0
69,,3.0,-25.5,0.8695652173913043,25.5,0.8,159.5,0.7692307692307693,159.5,0.9090909090909091,3.0,,,,8.0,5.0,6.0,16.0,5.0,15.0,5,5,3.0,1.0,41.7,93.8,41.0,62.0,0,1,4.0,30.0,0.0,20181019141210.0,21077.0,0.004,17.0
70,,3.0,-24.5,0.8695652173913043,24.5,0.8,159.5,0.7692307692307693,159.5,0.9090909090909091,3.0,,,,8.0,5.0,6.0,16.0,5.0,15.0,5,5,3.0,1.0,41.7,93.8,41.0,62.0,0,1,4.0,30.0,1.0,20181019141241.0,11077.0,0.004,17.0
71,,3.0,-24.5,0.8695652173913043,24.5,0.8,158.5,0.8333333333333334,158.5,0.8333333333333334,3.0,,,,8.0,5.0,6.0,16.0,5.0,15.0,5,5,3.0,1.0,41.7,93.8,41.0,62.0,0,1,4.0,22.0,1.0,20181019141249.0,11077.0,0.004,17.0
72,,3.0,-24.5,0.8695652173913043,24.5,0.8,157.5,0.8695652173913043,157.5,0.8,3.0,,,,8.0,5.0,6.0,16.0,5.0,15.0,5,5,3.0,1.0,41.7,93.8,41.0,62.0,0,1,4.0,14.0,1.0,20181019141258.0,11077.0,0.004,17.0
73,,3.0,-25.5,0.8695652173913043,24.5,0.8,157.5,0.8333333333333334,157.5,0.8333333333333334,3.0,,,,8.0,5.0,6.0,16.0,5.0,15.0,5,5,3.0,1.0,41.7,93.8,41.0,62.0,0,1,4.0,10.0,1.0,20181019141301.0,11077.0,0.004,17.0
74,,3.0,-25.5,0.8695652173913043,25.5,0.8,157.5,0.7692307692307693,157.5,0.9090909090909091,3.0,,,,8.0,5.0,6.0,16.0,5.0,15.0,5,5,3.0,1.0,41.7,93.8,41.0,62.0,0,1,4.0,2.0,1.0,20181019141309.0,21077.0,0.004,17.0
75,,3.0,-25.5,0.8695652173913043,25.5,0.8,156.5,0.8333333333333334,156.5,0.8333333333333334,3.0,,,,8.0,5.0,6.0,16.0,5.0,15.0,5,5,3.0,1.0,41.7,93.8,41.0,62.0,0,1,3.0,54.0,1.0,20181019141317.0,21077.0,0.004,17.0
76,,3.0,-24.5,0.9090909090909091,24.5,0.7692307692307693,156.5,0.8333333333333334,156.5,0.8333333333333334,3.0,,,,8.0,5.0,6.0,16.0,5.0,15.0,5,5,3.0,1.0,41.7,93.8,41.0,62.0,0,1,3.0,52.0,1.0,20181019141319.0,11077.0,0.004,17.0
77,,3.0,-24.5,0.9090909090909091,24.5,0.7692307692307693,156.5,0.7692307692307693,156.5,0.9090909090909091,3.0,,,,8.0,5.0,6.0,16.0,5.0,15.0,5,5,3.0,1.0,41.7,93.8,41.0,62.0,0,1,3.0,48.0,0.0,20181019141323.0,11077.0,0.004,17.0
78,,3.0,-24.5,0.9090909090909091,24.5,0.7692307692307693,156.5,0.7692307692307693,156.5,0.9090909090909091,3.0,,^,,8.0,5.0,6.0,16.0,5.0,15.0,5,5,3.0,2.0,41.7,93.8,41.0,62.0,0,1,3.0,48.0,0.0,20181019141323.0,21086^11077,0.004,17.0
79,,3.0,-24.5,0.9090909090909091,24.5,0.7692307692307693,156.5,0.8695652173913043,156.5,0.8,3.0,,1:2^2:2,,8.0,5.0,6.0,16.0,6.0,15.0,5,5,3.0,2.0,46.2,93.8,42.0,62.0,0,1,3.0,48.0,0.0,20181019141323.0,11079^11078,0.004,17.0
80,,3.0,-24.5,0.8695652173913043,24.5,0.8,158.5,0.8333333333333334,158.5,0.8333333333333334,3.0,,2:2^,,8.0,5.0,6.0,16.0,7.0,15.0,5,5,3.0,2.0,50.0,93.8,43.0,62.0,0,1,3.0,48.0,0.0,20181019141323.0,11079^21077,0.004,17.0
81,,3.0,-24.5,0.8695652173913043,24.5,0.8,158.5,0.8333333333333334,158.5,0.8333333333333334,3.0,,2:2^,,8.0,5.0,6.0,16.0,7.0,15.0,5,5,3.0,2.0,50.0,93.8,43.0,62.0,0,1,3.0,48.0,1.0,20181019141419.0,11079^21077,0.004,17.0
82,,3.0,-24.5,0.8695652173913043,24.5,0.8,157.5,0.8695652173913043,157.5,0.8,3.0,,2:2^,,8.0,5.0,6.0,16.0,7.0,15.0,5,5,3.0,2.0,50.0,93.8,43.0,62.0,0,1,3.0,40.0,1.0,20181019141428.0,11079^21077,0.004,17.0
83,,3.0,-24.5,0.9090909090909091,24.5,0.7692307692307693,157.5,0.8,157.5,0.8695652173913043,3.0,,2:2^,,8.0,5.0,6.0,16.0,7.0,15.0,5,5,3.0,2.0,50.0,93.8,43.0,62.0,0,1,3.0,32.0,1.0,20181019141436.0,11079^21077,0.004,17.0
84,,3.0,-24.5,0.9090909090909091,24.5,0.7692307692307693,157.5,0.8,157.5,0.8695652173913043,3.0,,2:2^,,8.0,5.0,6.0,16.0,7.0,15.0,5,5,3.0,2.0,50.0,93.8,43.0,62.0,0,1,3.0,32.0,0.0,20181019141436.0,11079^21077,0.004,17.0
85,,3.0,-24.5,0.9090909090909091,24.5,0.7692307692307693,157.5,0.8,157.5,0.8695652173913043,3.0,,^,1.0,8.0,5.0,6.0,16.0,7.0,15.0,5,5,4.0,2.0,50.0,93.8,43.0,62.0,0,1,3.0,32.0,1.0,20181019141501.0,11086^21077,0.004,17.0
86,,3.0,-22.5,0.7692307692307693,22.5,0.9090909090909091,156.5,0.8333333333333334,156.5,0.8333333333333334,3.0,,^,1.0,8.0,5.0,6.0,16.0,7.0,15.0,5,5,4.0,2.0,50.0,93.8,43.0,62.0,0,1,3.0,23.0,1.0,20181019141509.0,11086^21077,0.004,17.0
87,,3.0,-21.5,0.7692307692307693,21.5,0.9090909090909091,156.5,0.8333333333333334,156.5,0.8333333333333334,3.0,,,1.0,8.0,5.0,6.0,16.0,7.0,15.0,5,5,4.0,2.0,50.0,93.8,43.0,62.0,0,1,3.0,20.0,1.0,20181019141512.0,11077.0,0.004,17.0
88,,3.0,-22.5,0.7692307692307693,22.5,0.9090909090909091,156.5,0.8,156.5,0.8695652173913043,3.0,,,1.0,8.0,5.0,6.0,16.0,7.0,15.0,5,5,4.0,2.0,50.0,93.8,43.0,62.0,0,1,3.0,18.0,1.0,20181019141515.0,21077.0,0.004,17.0
89,,3.0,-23.5,0.8,23.5,0.8695652173913043,158.5,0.8,158.5,0.8695652173913043,3.0,,^,1.0,8.0,5.0,6.0,17.0,7.0,15.0,5,5,4.0,2.0,50.0,93.8,43.0,64.0,0,1,3.0,15.0,1.0,20181019141518.0,21074^11077,0.004,17.0
90,,3.0,-23.5,0.8,23.5,0.8695652173913043,158.5,0.7692307692307693,158.5,0.9090909090909091,3.0,,^,1.0,8.0,5.0,6.0,17.0,7.0,15.0,5,5,4.0,2.0,50.0,93.8,43.0,64.0,0,1,3.0,13.0,0.0,20181019141520.0,21074^11077,0.004,17.0
91,,3.0,-25.5,0.8333333333333334,25.5,0.8333333333333334,158.5,0.8333333333333334,158.5,0.8333333333333334,3.0,,1:1,1.0,8.0,5.0,6.0,17.0,7.0,15.0,5,5,5.0,2.0,50.0,93.8,43.0,64.0,0,1,3.0,13.0,0.0,20181019141520.0,21078.0,0.004,17.0
92,,3.0,-24.5,0.8,24.5,0.8695652173913043,159.5,0.8,159.5,0.8695652173913043,3.0,,1:1^,1.0,8.0,5.0,6.0,17.0,7.0,16.0,5,5,5.0,2.0,50.0,94.1,43.0,65.0,0,1,3.0,13.0,0.0,20181019141520.0,21079^11077,0.004,17.0
93,,3.0,-24.5,0.8,24.5,0.8695652173913043,159.5,0.8,159.5,0.8695652173913043,3.0,,1:1^,1.0,8.0,5.0,6.0,17.0,7.0,16.0,5,5,5.0,2.0,50.0,94.1,43.0,65.0,0,1,3.0,13.0,1.0,20181019141541.0,21079^11077,0.004,17.0
94,,3.0,-24.5,0.8,24.5,0.8695652173913043,158.5,0.8333333333333334,158.5,0.8333333333333334,3.0,,1:1^,1.0,8.0,5.0,6.0,17.0,7.0,16.0,5,5,5.0,2.0,50.0,94.1,43.0,65.0,0,1,3.0,4.0,1.0,20181019141549.0,21079^11077,0.004,17.0
95,,3.0,-23.5,0.8,23.5,0.8695652173913043,160.5,0.8333333333333334,160.5,0.8333333333333334,3.0,,^,1.0,8.0,5.0,7.0,17.0,7.0,16.0,5,5,5.0,2.0,50.0,94.1,45.0,65.0,0,1,2.0,59.0,1.0,20181019141555.0,11074^21077,0.004,17.0
96,,3.0,-23.5,0.8,23.5,0.8695652173913043,159.5,0.8695652173913043,159.5,0.8,3.0,,^,1.0,8.0,5.0,7.0,17.0,7.0,16.0,5,5,5.0,2.0,50.0,94.1,45.0,65.0,0,1,2.0,51.0,1.0,20181019141603.0,11074^21077,0.004,17.0
97,,3.0,-23.5,0.8,23.5,0.8695652173913043,159.5,0.8333333333333334,159.5,0.8333333333333334,3.0,,^,1.0,8.0,5.0,7.0,17.0,7.0,16.0,5,5,5.0,2.0,50.0,94.1,45.0,65.0,0,1,2.0,43.0,1.0,20181019141611.0,11074^21077,0.004,17.0
98,,3.0,-24.5,0.8333333333333334,24.5,0.8333333333333334,161.5,0.8,161.5,0.8695652173913043,3.0,,^,1.0,8.0,5.0,7.0,18.0,7.0,16.0,5,5,5.0,2.0,50.0,94.1,45.0,67.0,0,1,2.0,38.0,1.0,20181019141616.0,21074^11077,0.004,17.0
99,,3.0,-24.5,0.8333333333333334,24.5,0.8333333333333334,160.5,0.8333333333333334,160.5,0.8333333333333334,3.0,,^,1.0,8.0,5.0,7.0,18.0,7.0,16.0,5,5,5.0,2.0,50.0,94.1,45.0,67.0,0,1,2.0,29.0,1.0,20181019141625.0,21074^11077,0.004,17.0
100,,3.0,-24.5,0.8333333333333334,24.5,0.8333333333333334,160.5,0.8333333333333334,160.5,0.8333333333333334,3.0,,^,1.0,8.0,5.0,7.0,18.0,7.0,16.0,5,5,5.0,2.0,50.0,94.1,45.0,67.0,0,1,2.0,28.0,0.0,20181019141626.0,21074^11077,0.004,17.0
101,,3.0,-25.5,0.8333333333333334,25.5,0.8333333333333334,160.5,0.8333333333333334,160.5,0.8333333333333334,3.0,,,1.0,8.0,5.0,7.0,18.0,7.0,16.0,5,5,5.0,3.0,50.0,94.1,45.0,67.0,0,1,2.0,28.0,0.0,20181019141626.0,21077.0,0.004,17.0
102,,3.0,-25.5,0.8333333333333334,25.5,0.8333333333333334,160.5,0.8333333333333334,160.5,0.8333333333333334,3.0,,,1.0,8.0,5.0,7.0,18.0,7.0,16.0,5,5,5.0,3.0,50.0,94.1,45.0,67.0,0,1,2.0,28.0,1.0,20181019141643.0,21077.0,0.004,17.0
103,,3.0,-23.5,0.8333333333333334,23.5,0.8333333333333334,162.5,0.8,162.5,0.8695652173913043,3.0,,,1.0,8.0,5.0,8.0,18.0,7.0,16.0,5,5,5.0,3.0,50.0,94.1,47.0,67.0,0,1,2.0,20.0,1.0,20181019141651.0,11074^21077,0.004,17.0
104,,3.0,-23.5,0.8333333333333334,23.5,0.8333333333333334,161.5,0.8695652173913043,161.5,0.8,3.0,,,1.0,8.0,5.0,8.0,18.0,7.0,16.0,5,5,5.0,3.0,50.0,94.1,47.0,67.0,0,1,2.0,14.0,0.0,20181019141657.0,11074^21077,0.004,17.0
105,,3.0,-23.5,0.8333333333333334,23.5,0.8333333333333334,161.5,0.8695652173913043,161.5,0.8,3.0,,,1.0,8.0,5.0,8.0,18.0,7.0,16.0,5,5,5.0,3.0,50.0,94.1,47.0,67.0,0,1,2.0,14.0,1.0,20181019141700.0,11074^21077,0.004,17.0
106,,3.0,-23.5,0.8333333333333334,23.5,0.8333333333333334,161.5,0.8,161.5,0.8695652173913043,3.0,,,1.0,8.0,5.0,8.0,18.0,7.0,16.0,5,5,5.0,3.0,50.0,94.1,47.0,67.0,0,1,2.0,6.0,1.0,20181019141708.0,11074^21077,0.004,17.0
107,,3.0,-25.5,0.8333333333333334,25.5,0.8333333333333334,164.5,0.8,164.5,0.8695652173913043,3.0,,,1.0,8.0,6.0,8.0,18.0,7.0,16.0,5,5,5.0,3.0,50.0,94.1,47.0,70.0,0,1,2.0,2.0,1.0,20181019141713.0,21075^11077,0.004,17.0
108,,3.0,-25.5,0.8333333333333334,25.5,0.8333333333333334,163.5,0.8333333333333334,163.5,0.8333333333333334,3.0,,,1.0,8.0,6.0,8.0,18.0,7.0,16.0,5,5,5.0,3.0,50.0,94.1,47.0,70.0,0,1,1.0,53.0,1.0,20181019141721.0,21075^11077,0.004,17.0
109,,3.0,-25.5,0.8333333333333334,25.5,0.8333333333333334,163.5,0.8,163.5,0.8695652173913043,3.0,,,1.0,8.0,6.0,8.0,18.0,7.0,16.0,5,5,5.0,3.0,50.0,94.1,47.0,70.0,0,1,1.0,46.0,0.0,20181019141728.0,21075^11077,0.004,17.0
110,,3.0,-25.5,0.8333333333333334,25.5,0.8333333333333334,163.5,0.8,163.5,0.8695652173913043,3.0,,,1.0,8.0,6.0,8.0,18.0,7.0,16.0,5,5,5.0,3.0,50.0,94.1,47.0,70.0,0,1,1.0,46.0,1.0,20181019141740.0,21075^11077,0.004,17.0
111,,3.0,-25.5,0.8333333333333334,25.5,0.8333333333333334,162.5,0.8333333333333334,162.5,0.8333333333333334,3.0,,,1.0,8.0,6.0,8.0,18.0,7.0,16.0,5,5,5.0,3.0,50.0,94.1,47.0,70.0,0,1,1.0,38.0,1.0,20181019141748.0,21075^11077,0.004,17.0
112,,3.0,-25.5,0.8333333333333334,25.5,0.8333333333333334,162.5,0.8333333333333334,162.5,0.8333333333333334,3.0,,,1.0,8.0,6.0,8.0,18.0,7.0,16.0,5,5,5.0,3.0,50.0,94.1,47.0,70.0,0,1,1.0,38.0,0.0,20181019141749.0,21075^11077,0.004,17.0
113,,3.0,-25.5,0.8333333333333334,25.5,0.8333333333333334,162.5,0.8333333333333334,162.5,0.8333333333333334,3.0,,,1.0,8.0,6.0,8.0,18.0,7.0,16.0,5,5,5.0,3.0,50.0,94.1,47.0,70.0,0,1,1.0,38.0,1.0,20181019141800.0,21075^11077,0.004,17.0
114,,3.0,-26.5,0.8333333333333334,26.5,0.8333333333333334,162.5,0.8,162.5,0.8695652173913043,3.0,,,1.0,8.0,6.0,8.0,18.0,7.0,16.0,5,5,5.0,3.0,50.0,94.1,47.0,70.0,0,1,1.0,34.0,1.0,20181019141804.0,21077.0,0.004,17.0
115,,3.0,-26.5,0.8333333333333334,26.5,0.8333333333333334,161.5,0.8333333333333334,161.5,0.8333333333333334,3.0,,,1.0,8.0,6.0,8.0,18.0,7.0,16.0,5,5,5.0,3.0,50.0,94.1,47.0,70.0,0,1,1.0,26.0,1.0,20181019141812.0,21077.0,0.004,17.0
116,,3.0,-25.5,0.8333333333333334,25.5,0.8333333333333334,161.5,0.8333333333333334,161.5,0.8333333333333334,3.0,,,1.0,8.0,6.0,8.0,18.0,7.0,16.0,5,5,5.0,3.0,50.0,94.1,47.0,70.0,0,1,1.0,24.0,1.0,20181019141814.0,21077.0,0.004,17.0
117,,3.0,-25.5,0.8333333333333334,25.5,0.8333333333333334,161.5,0.8333333333333334,161.5,0.8333333333333334,3.0,,,1.0,8.0,6.0,8.0,18.0,7.0,16.0,5,5,5.0,3.0,50.0,94.1,47.0,70.0,0,1,1.0,16.0,1.0,20181019141822.0,11077.0,0.004,17.0
118,,3.0,-25.5,0.8333333333333334,25.5,0.8333333333333334,161.5,0.8333333333333334,161.5,0.8333333333333334,3.0,,,1.0,8.0,6.0,8.0,18.0,7.0,16.0,5,5,5.0,3.0,50.0,94.1,47.0,70.0,0,1,1.0,8.0,1.0,20181019141830.0,11077.0,0.004,17.0
119,,3.0,-24.5,0.8333333333333334,24.5,0.8333333333333334,162.5,0.8,162.5,0.8695652173913043,3.0,,^,1.0,8.0,6.0,9.0,18.0,7.0,16.0,5,5,5.0,3.0,50.0,94.1,49.0,70.0,0,1,1.0,3.0,1.0,20181019141834.0,11074^21077,0.004,17.0
120,,3.0,-24.5,0.8333333333333334,24.5,0.8333333333333334,162.5,0.8,162.5,0.8695652173913043,3.0,,^,1.0,8.0,6.0,9.0,18.0,7.0,16.0,5,5,5.0,3.0,50.0,94.1,49.0,70.0,0,1,1.0,2.0,0.0,20181019141836.0,11074^21077,0.004,17.0
121,,3.0,-22.5,0.8333333333333334,22.5,0.8333333333333334,162.5,0.8695652173913043,163.5,0.8,3.0,,1:1,1.0,8.0,6.0,9.0,18.0,7.0,16.0,5,5,5.0,3.0,50.0,94.1,50.0,70.0,0,1,1.0,2.0,0.0,20181019141836.0,11078.0,0.004,17.0
122,,3.0,-22.5,0.8333333333333334,22.5,0.8333333333333334,162.5,0.8695652173913043,163.5,0.8,3.0,,1:1^,1.0,8.0,6.0,9.0,18.0,8.0,16.0,5,5,5.0,3.0,53.3,94.1,50.0,70.0,0,1,1.0,2.0,1.0,20181019141910.0,11079^11077,0.004,17.0
123,,3.0,-23.5,0.8333333333333334,23.5,0.8333333333333334,162.5,0.8,163.5,0.8695652173913043,3.0,,,1.0,8.0,6.0,9.0,18.0,8.0,16.0,5,5,5.0,3.0,53.3,94.1,50.0,70.0,0,1,1.0,0.0,1.0,20181019141911.0,21077.0,0.004,17.0
124,,3.0,-23.5,0.8333333333333334,23.5,0.8333333333333334,162.5,0.8333333333333334,162.5,0.8333333333333334,3.0,,,1.0,8.0,6.0,9.0,18.0,8.0,16.0,5,5,5.0,3.0,53.3,94.1,50.0,70.0,0,1,0.0,52.0,1.0,20181019141919.0,21077.0,0.004,17.0
125,,3.0,-23.5,0.8333333333333334,23.5,0.8333333333333334,162.5,0.8333333333333334,162.5,0.8333333333333334,3.0,,,1.0,8.0,6.0,9.0,18.0,8.0,16.0,5,5,5.0,3.0,53.3,94.1,50.0,70.0,0,1,0.0,50.0,0.0,20181019141921.0,21077.0,0.004,17.0
126,,3.0,-23.5,0.8333333333333334,23.5,0.8333333333333334,162.5,0.8333333333333334,162.5,0.8333333333333334,3.0,,^,1.0,8.0,6.0,9.0,18.0,8.0,16.0,5,5,6.0,3.0,53.3,94.1,50.0,70.0,0,1,0.0,50.0,0.0,20181019141921.0,11086^21077,0.004,17.0
127,,3.0,-23.5,0.7692307692307693,23.5,0.9090909090909091,164.5,0.8,164.5,0.8695652173913043,3.0,,1:2^2:2,1.0,8.0,6.0,9.0,18.0,8.0,17.0,5,5,6.0,3.0,53.3,94.4,50.0,71.0,0,1,0.0,50.0,0.0,20181019141921.0,21079^21078,0.004,17.0
128,,3.0,-24.5,0.8695652173913043,24.5,0.8,164.5,0.8333333333333334,164.5,0.8333333333333334,3.0,,2:2^,1.0,8.0,6.0,9.0,18.0,8.0,18.0,5,5,6.0,3.0,53.3,94.7,50.0,72.0,0,1,0.0,50.0,0.0,20181019141921.0,21079^11077,0.004,17.0
129,,3.0,-24.5,0.8695652173913043,24.5,0.8,164.5,0.8333333333333334,164.5,0.8333333333333334,3.0,,2:2^,1.0,8.0,6.0,9.0,18.0,8.0,18.0,5,5,6.0,3.0,53.3,94.7,50.0,72.0,0,1,0.0,50.0,1.0,20181019141958.0,21079^11077,0.004,17.0
130,,3.0,-24.5,0.8695652173913043,24.5,0.8,164.5,0.8,164.5,0.8695652173913043,3.0,,2:2^,1.0,8.0,6.0,9.0,18.0,8.0,18.0,5,5,6.0,3.0,53.3,94.7,50.0,72.0,0,1,0.0,42.0,1.0,20181019142006.0,21079^11077,0.004,17.0
131,,3.0,-23.5,0.8333333333333334,23.5,0.8333333333333334,163.5,0.9090909090909091,163.5,0.7692307692307693,3.0,,2:2^,1.0,8.0,6.0,9.0,18.0,8.0,18.0,5,5,6.0,3.0,53.3,94.7,50.0,72.0,0,1,0.0,39.0,1.0,20181019142009.0,21079^11077,0.004,17.0
132,,3.0,-24.5,0.8333333333333334,24.5,0.8333333333333334,163.5,0.8333333333333334,163.5,0.8333333333333334,3.0,,,1.0,8.0,6.0,9.0,18.0,8.0,18.0,5,5,6.0,3.0,53.3,94.7,50.0,72.0,0,1,0.0,32.0,1.0,20181019142016.0,21077.0,0.004,17.0
133,,3.0,-24.5,0.8333333333333334,24.5,0.8333333333333334,162.5,0.8695652173913043,162.5,0.8,3.0,,,1.0,8.0,6.0,9.0,18.0,8.0,18.0,5,5,6.0,3.0,53.3,94.7,50.0,72.0,0,1,0.0,24.0,1.0,20181019142024.0,21077.0,0.004,17.0
134,,3.0,-24.5,0.8333333333333334,24.5,0.8333333333333334,162.5,0.8,162.5,0.8695652173913043,3.0,,,1.0,8.0,6.0,9.0,18.0,8.0,18.0,5,5,6.0,3.0,53.3,94.7,50.0,72.0,0,1,0.0,16.0,1.0,20181019142033.0,21077.0,0.004,17.0
135,,3.0,-26.5,0.8333333333333334,26.5,0.8333333333333334,165.5,0.8333333333333334,165.5,0.8333333333333334,3.0,,,1.0,8.0,6.0,9.0,18.0,8.0,18.0,5,5,6.0,3.0,53.3,94.7,50.0,75.0,0,1,0.0,13.0,1.0,20181019142035.0,21077.0,0.004,17.0
136,,3.0,-26.5,0.8333333333333334,26.5,0.8333333333333334,165.5,0.7692307692307693,165.5,0.9090909090909091,3.0,,^,1.0,8.0,7.0,9.0,18.0,8.0,18.0,5,5,6.0,3.0,53.3,94.7,50.0,75.0,0,1,0.0,9.0,0.0,20181019142039.0,21075^11077,0.004,17.0
137,,3.0,-26.5,0.8333333333333334,26.5,0.8333333333333334,165.5,0.7692307692307693,165.5,0.9090909090909091,3.0,,^,1.0,8.0,7.0,9.0,18.0,8.0,18.0,5,5,6.0,3.0,53.3,94.7,50.0,75.0,0,1,0.0,9.0,1.0,20181019142045.0,21075^11077,0.004,17.0
138,,3.0,-26.5,0.8333333333333334,26.5,0.8333333333333334,164.5,0.8333333333333334,164.5,0.8333333333333334,3.0,,^,1.0,8.0,7.0,9.0,18.0,8.0,18.0,5,5,6.0,3.0,53.3,94.7,50.0,75.0,0,1,0.0,1.0,1.0,20181019142053.0,21075^11077,0.004,17.0
139,,3.0,-26.5,0.8,26.5,0.8695652173913043,164.5,0.8333333333333334,164.5,0.8333333333333334,3.0,,^,1.0,8.0,7.0,9.0,18.0,8.0,18.0,5,5,6.0,3.0,53.3,94.7,50.0,75.0,0,1,0.0,0.0,0.0,20181019142056.0,21075^11077,0.004,17.0
140,Q4,4th Quarter,-26.5,0.8,26.5,0.8695652173913043,164.5,0.8333333333333334,164.5,0.8333333333333334,3.0,4.0,,0.0,8.0,7.0,9.0,18.0,8.0,18.0,5,5,0.0,0.0,53.3,94.7,50.0,75.0,0,1,10.0,0.0,0.0,20181019142056.0,1082.0,0.004,17.0
141,Q4,4th Quarter,-26.5,0.8,26.5,0.8695652173913043,164.5,0.8333333333333334,164.5,0.8333333333333334,3.0,4.0,,0.0,8.0,7.0,9.0,18.0,8.0,18.0,5,5,0.0,0.0,53.3,94.7,50.0,75.0,0,1,10.0,0.0,1.0,20181019142255.0,1082.0,0.004,17.0
142,Q4,4th Quarter,-26.5,0.8,26.5,0.8695652173913043,163.5,0.8695652173913043,163.5,0.8,3.0,4.0,^,0.0,8.0,7.0,9.0,18.0,8.0,18.0,5,5,0.0,0.0,53.3,94.7,50.0,75.0,0,1,9.0,51.0,1.0,20181019142303.0,01090^11077,0.004,17.0
143,Q4,4th Quarter,-26.5,0.8,26.5,0.8695652173913043,163.5,0.8333333333333334,163.5,0.8333333333333334,3.0,4.0,,0.0,8.0,7.0,9.0,18.0,8.0,18.0,5,5,0.0,0.0,53.3,94.7,50.0,75.0,0,1,9.0,45.0,1.0,20181019142310.0,21077.0,0.004,17.0
144,Q4,4th Quarter,-26.5,0.8,26.5,0.8695652173913043,162.5,0.8695652173913043,162.5,0.8,3.0,4.0,,0.0,8.0,7.0,9.0,18.0,8.0,18.0,5,5,0.0,0.0,53.3,94.7,50.0,75.0,0,1,9.0,37.0,1.0,20181019142318.0,21077.0,0.004,17.0
145,Q4,4th Quarter,-28.5,0.8333333333333334,28.5,0.8333333333333334,164.5,0.8695652173913043,164.5,0.8,3.0,4.0,^,0.0,8.0,7.0,9.0,19.0,8.0,18.0,5,5,0.0,0.0,53.3,94.7,50.0,77.0,0,1,9.0,33.0,1.0,20181019142322.0,21074^11077,0.004,17.0
146,Q4,4th Quarter,-28.5,0.8333333333333334,28.5,0.8333333333333334,164.5,0.7692307692307693,164.5,0.9090909090909091,3.0,4.0,^,0.0,8.0,7.0,9.0,19.0,8.0,18.0,5,5,0.0,0.0,53.3,94.7,50.0,77.0,0,1,9.0,24.0,1.0,20181019142330.0,21074^11077,0.004,17.0
147,Q4,4th Quarter,-28.5,0.8333333333333334,28.5,0.8333333333333334,163.5,0.8333333333333334,163.5,0.8333333333333334,3.0,4.0,^,0.0,8.0,7.0,9.0,19.0,8.0,18.0,5,5,0.0,0.0,53.3,94.7,50.0,77.0,0,1,9.0,16.0,1.0,20181019142338.0,21074^11077,0.004,17.0
148,Q4,4th Quarter,-26.5,0.8,26.5,0.8695652173913043,165.5,0.8,165.5,0.8695652173913043,3.0,4.0,^,0.0,8.0,7.0,10.0,19.0,8.0,18.0,5,5,0.0,0.0,53.3,94.7,52.0,77.0,0,1,9.0,10.0,1.0,20181019142345.0,11074^21077,0.004,17.0
149,Q4,4th Quarter,-26.5,0.8,26.5,0.8695652173913043,165.5,0.8333333333333334,165.5,0.8333333333333334,3.0,4.0,^,0.0,8.0,7.0,10.0,19.0,8.0,18.0,5,5,0.0,0.0,53.3,94.7,52.0,77.0,0,1,9.0,1.0,0.0,20181019142345.0,11074^21077,0.004,17.0
150,Q4,4th Quarter,-26.5,0.8,26.5,0.8695652173913043,165.5,0.8333333333333334,165.5,0.8333333333333334,3.0,4.0,^,0.0,8.0,7.0,10.0,19.0,8.0,18.0,5,5,0.0,0.0,53.3,94.7,52.0,77.0,0,1,9.0,1.0,1.0,20181019142408.0,11074^21077,0.004,17.0
151,Q4,4th Quarter,-26.5,0.8333333333333334,26.5,0.8333333333333334,165.5,0.8333333333333334,165.5,0.8333333333333334,3.0,4.0,,0.0,8.0,7.0,10.0,19.0,8.0,18.0,5,5,0.0,0.0,53.3,94.7,52.0,77.0,0,1,8.0,59.0,1.0,20181019142411.0,11077.0,0.004,17.0
152,Q4,4th Quarter,-26.5,0.8,26.5,0.8695652173913043,165.5,0.8,165.5,0.8695652173913043,3.0,4.0,,0.0,8.0,7.0,10.0,19.0,8.0,18.0,5,5,0.0,0.0,53.3,94.7,52.0,77.0,0,1,8.0,56.0,1.0,20181019142413.0,21077.0,0.004,17.0
153,Q4,4th Quarter,-28.5,0.8333333333333334,28.5,0.8333333333333334,166.5,0.8,166.5,0.8695652173913043,3.0,4.0,^,0.0,8.0,7.0,10.0,20.0,8.0,18.0,5,5,0.0,0.0,53.3,94.7,52.0,79.0,0,1,8.0,53.0,1.0,20181019142417.0,21074^11077,0.004,17.0
154,Q4,4th Quarter,-28.5,0.8333333333333334,28.5,0.8333333333333334,165.5,0.8333333333333334,165.5,0.8333333333333334,3.0,4.0,^,0.0,8.0,7.0,10.0,20.0,8.0,18.0,5,5,0.0,0.0,53.3,94.7,52.0,79.0,0,1,8.0,45.0,1.0,20181019142425.0,21074^11077,0.004,17.0
155,Q4,4th Quarter,-28.5,0.8333333333333334,28.5,0.8333333333333334,165.5,0.7692307692307693,165.5,0.9090909090909091,3.0,4.0,^,0.0,8.0,7.0,10.0,20.0,8.0,18.0,5,5,0.0,0.0,53.3,94.7,52.0,79.0,0,1,8.0,37.0,1.0,20181019142433.0,21074^11077,0.004,17.0
156,Q4,4th Quarter,-28.5,0.8,28.5,0.8695652173913043,164.5,0.8695652173913043,164.5,0.8,3.0,4.0,,0.0,8.0,7.0,10.0,20.0,8.0,18.0,5,5,0.0,0.0,53.3,94.7,52.0,79.0,0,1,8.0,33.0,1.0,20181019142437.0,21077.0,0.004,17.0
157,Q4,4th Quarter,-28.5,0.7692307692307693,28.5,0.9090909090909091,164.5,0.8,164.5,0.8695652173913043,3.0,4.0,,0.0,8.0,7.0,10.0,20.0,8.0,18.0,5,5,0.0,0.0,53.3,94.7,52.0,79.0,0,1,8.0,25.0,1.0,20181019142445.0,21077.0,0.004,17.0
158,Q4,4th Quarter,-28.5,0.7692307692307693,28.5,0.9090909090909091,163.5,0.9090909090909091,163.5,0.7692307692307693,3.0,4.0,,0.0,8.0,7.0,10.0,20.0,8.0,18.0,5,5,0.0,0.0,53.3,94.7,52.0,79.0,0,1,8.0,21.0,0.0,20181019142449.0,21077.0,0.004,17.0
159,Q4,4th Quarter,-28.5,0.7692307692307693,28.5,0.9090909090909091,163.5,0.9090909090909091,163.5,0.7692307692307693,3.0,4.0,,0.0,8.0,7.0,10.0,20.0,8.0,18.0,5,5,0.0,0.0,53.3,94.7,52.0,79.0,0,1,8.0,21.0,1.0,20181019142503.0,21077.0,0.004,17.0
160,Q4,4th Quarter,-28.5,0.7692307692307693,28.5,0.9090909090909091,163.5,0.8,163.5,0.8695652173913043,3.0,4.0,,0.0,8.0,7.0,10.0,20.0,8.0,18.0,5,5,0.0,0.0,53.3,94.7,52.0,79.0,0,1,8.0,12.0,1.0,20181019142511.0,21077.0,0.004,17.0
161,Q4,4th Quarter,-28.5,0.7692307692307693,28.5,0.9090909090909091,162.5,0.8695652173913043,162.5,0.8,3.0,4.0,,0.0,8.0,7.0,10.0,20.0,8.0,18.0,5,5,0.0,0.0,53.3,94.7,52.0,79.0,0,1,8.0,4.0,1.0,20181019142519.0,21077.0,0.004,17.0
162,Q4,4th Quarter,-28.5,0.9090909090909091,28.5,0.7692307692307693,162.5,0.8333333333333334,162.5,0.8333333333333334,3.0,4.0,,0.0,8.0,7.0,10.0,20.0,8.0,18.0,5,5,0.0,0.0,53.3,94.7,52.0,79.0,0,1,8.0,2.0,1.0,20181019142522.0,11077.0,0.004,17.0
163,Q4,4th Quarter,-28.5,0.9090909090909091,28.5,0.7692307692307693,162.5,0.8333333333333334,162.5,0.8333333333333334,3.0,4.0,,0.0,8.0,7.0,10.0,20.0,8.0,18.0,5,5,0.0,0.0,53.3,94.7,52.0,79.0,0,1,7.0,59.0,1.0,20181019142525.0,11077.0,0.004,17.0
164,Q4,4th Quarter,-28.5,0.9090909090909091,28.5,0.7692307692307693,162.5,0.8,162.5,0.8695652173913043,3.0,4.0,,0.0,8.0,7.0,10.0,20.0,8.0,18.0,5,5,0.0,0.0,53.3,94.7,52.0,79.0,0,1,7.0,58.0,1.0,20181019142525.0,11077.0,0.004,17.0
165,Q4,4th Quarter,-28.5,0.9090909090909091,28.5,0.7692307692307693,162.5,0.7692307692307693,162.5,0.9090909090909091,3.0,4.0,,0.0,8.0,7.0,10.0,20.0,8.0,18.0,5,5,0.0,0.0,53.3,94.7,52.0,79.0,0,1,7.0,54.0,1.0,20181019142530.0,11077.0,0.004,17.0
166,Q4,4th Quarter,-28.5,0.9090909090909091,28.5,0.7692307692307693,161.5,0.9090909090909091,161.5,0.7692307692307693,3.0,4.0,,0.0,8.0,7.0,10.0,20.0,8.0,18.0,5,5,0.0,0.0,53.3,94.7,52.0,79.0,0,1,7.0,52.0,1.0,20181019142532.0,11077.0,0.004,17.0
167,Q4,4th Quarter,-28.5,0.9090909090909091,28.5,0.7692307692307693,161.5,0.8333333333333334,161.5,0.8333333333333334,3.0,4.0,,0.0,8.0,7.0,10.0,20.0,8.0,18.0,5,5,0.0,0.0,53.3,94.7,52.0,79.0,0,1,7.0,48.0,0.0,20181019142536.0,11077.0,0.004,17.0
168,Q4,4th Quarter,-28.5,0.7692307692307693,28.5,0.9090909090909091,161.5,0.8333333333333334,161.5,0.8333333333333334,3.0,4.0,,0.0,8.0,7.0,10.0,20.0,8.0,18.0,5,5,0.0,0.0,53.3,94.7,52.0,79.0,0,1,7.0,48.0,1.0,20181019142558.0,21077.0,0.004,17.0
169,Q4,4th Quarter,-28.5,0.7692307692307693,28.5,0.9090909090909091,161.5,0.7692307692307693,161.5,0.9090909090909091,3.0,4.0,,0.0,8.0,7.0,10.0,20.0,8.0,18.0,5,5,0.0,0.0,53.3,94.7,52.0,79.0,0,1,7.0,40.0,1.0,20181019142606.0,21077.0,0.004,17.0
170,Q4,4th Quarter,-26.5,0.8333333333333334,26.5,0.8333333333333334,160.5,0.9090909090909091,160.5,0.7692307692307693,3.0,4.0,,0.0,8.0,7.0,10.0,20.0,8.0,18.0,5,5,0.0,0.0,53.3,94.7,52.0,79.0,0,1,7.0,37.0,1.0,20181019142609.0,21077.0,0.004,17.0
171,Q4,4th Quarter,-25.5,0.8333333333333334,25.5,0.8333333333333334,160.5,0.8333333333333334,160.5,0.8333333333333334,3.0,4.0,,0.0,8.0,7.0,10.0,20.0,8.0,18.0,5,5,0.0,0.0,53.3,94.7,52.0,79.0,0,1,7.0,33.0,1.0,20181019142613.0,11077.0,0.004,17.0
172,Q4,4th Quarter,-25.5,0.8333333333333334,25.5,0.8333333333333334,159.5,0.9090909090909091,159.5,0.7692307692307693,3.0,4.0,,0.0,8.0,7.0,10.0,20.0,8.0,18.0,5,5,0.0,0.0,53.3,94.7,52.0,79.0,0,1,7.0,24.0,1.0,20181019142621.0,11077.0,0.004,17.0
173,Q4,4th Quarter,-25.5,0.8333333333333334,25.5,0.8333333333333334,159.5,0.8333333333333334,159.5,0.8333333333333334,3.0,4.0,,0.0,8.0,7.0,10.0,20.0,8.0,18.0,5,5,0.0,0.0,53.3,94.7,52.0,79.0,0,1,7.0,17.0,0.0,20181019142629.0,11077.0,0.004,17.0
174,Q4,4th Quarter,-26.5,0.8333333333333334,26.5,0.8333333333333334,159.5,0.8333333333333334,159.5,0.8333333333333334,3.0,4.0,,0.0,8.0,7.0,10.0,20.0,8.0,18.0,5,5,0.0,0.0,53.3,94.7,52.0,79.0,0,1,7.0,17.0,1.0,20181019142636.0,21077.0,0.004,17.0
175,Q4,4th Quarter,-26.5,0.8333333333333334,26.5,0.8333333333333334,158.5,0.9090909090909091,158.5,0.7692307692307693,3.0,4.0,,0.0,8.0,7.0,10.0,20.0,8.0,18.0,5,5,0.0,0.0,53.3,94.7,52.0,79.0,0,1,7.0,9.0,1.0,20181019142644.0,21077.0,0.004,17.0
176,Q4,4th Quarter,-27.5,0.8333333333333334,27.5,0.8333333333333334,160.5,0.8695652173913043,160.5,0.8,3.0,4.0,^,0.0,8.0,7.0,10.0,21.0,8.0,18.0,5,5,0.0,0.0,53.3,94.7,52.0,81.0,0,1,7.0,4.0,1.0,20181019142649.0,21074^11077,0.004,17.0
177,Q4,4th Quarter,-27.5,0.8333333333333334,27.5,0.8333333333333334,160.5,0.7692307692307693,160.5,0.9090909090909091,3.0,4.0,^,0.0,8.0,7.0,10.0,21.0,8.0,18.0,5,5,0.0,0.0,53.3,94.7,52.0,81.0,0,1,6.0,56.0,1.0,20181019142657.0,21074^11077,0.004,17.0
178,Q4,4th Quarter,-27.5,0.8333333333333334,27.5,0.8333333333333334,159.5,0.8333333333333334,159.5,0.8333333333333334,3.0,4.0,^,0.0,8.0,7.0,10.0,21.0,8.0,18.0,5,5,0.0,0.0,53.3,94.7,52.0,81.0,0,1,6.0,48.0,1.0,20181019142705.0,21074^11077,0.004,17.0
179,Q4,4th Quarter,-28.5,0.8333333333333334,28.5,0.8333333333333334,159.5,0.8333333333333334,159.5,0.8333333333333334,3.0,4.0,,0.0,8.0,7.0,10.0,21.0,8.0,18.0,5,5,0.0,0.0,53.3,94.7,52.0,81.0,0,1,6.0,47.0,1.0,20181019142706.0,21077.0,0.004,17.0
180,Q4,4th Quarter,-28.5,0.8333333333333334,28.5,0.8333333333333334,158.5,0.9090909090909091,158.5,0.7692307692307693,3.0,4.0,,0.0,8.0,7.0,10.0,21.0,8.0,18.0,5,5,0.0,0.0,53.3,94.7,52.0,81.0,0,1,6.0,39.0,1.0,20181019142714.0,21077.0,0.004,17.0
181,Q4,4th Quarter,-30.5,0.8333333333333334,30.5,0.8333333333333334,161.5,0.9090909090909091,161.5,0.7692307692307693,3.0,4.0,^,0.0,8.0,8.0,10.0,21.0,8.0,18.0,5,5,0.0,0.0,53.3,94.7,52.0,84.0,0,1,6.0,36.0,1.0,20181019142717.0,21075^11077,0.004,17.0
182,Q4,4th Quarter,-30.5,0.8333333333333334,30.5,0.8333333333333334,161.5,0.9090909090909091,161.5,0.7692307692307693,3.0,4.0,^,0.0,8.0,8.0,10.0,21.0,8.0,18.0,5,5,0.0,0.0,53.3,94.7,52.0,84.0,0,1,6.0,31.0,0.0,20181019142722.0,21075^11077,0.004,17.0
183,Q4,4th Quarter,-30.5,0.8333333333333334,30.5,0.8333333333333334,161.5,0.9090909090909091,161.5,0.7692307692307693,3.0,4.0,^,0.0,8.0,8.0,10.0,21.0,8.0,18.0,5,5,0.0,0.0,53.3,94.7,52.0,84.0,0,1,6.0,31.0,1.0,20181019142844.0,21075^11077,0.004,17.0
184,Q4,4th Quarter,-30.5,0.8,30.5,0.8695652173913043,160.5,0.9090909090909091,160.5,0.7692307692307693,3.0,4.0,^,0.0,8.0,8.0,10.0,21.0,8.0,18.0,5,5,0.0,0.0,53.3,94.7,52.0,84.0,0,1,6.0,22.0,1.0,20181019142852.0,21075^11077,0.004,17.0
185,Q4,4th Quarter,-31.5,0.8,31.5,0.8695652173913043,160.5,0.8695652173913043,160.5,0.8,3.0,4.0,,0.0,8.0,8.0,10.0,21.0,8.0,18.0,5,5,0.0,0.0,53.3,94.7,52.0,84.0,0,1,6.0,19.0,1.0,20181019142856.0,21077.0,0.004,17.0
186,Q4,4th Quarter,-31.5,0.8,31.5,0.8695652173913043,160.5,0.8333333333333334,160.5,0.8333333333333334,3.0,4.0,,0.0,8.0,8.0,10.0,21.0,8.0,18.0,5,5,0.0,0.0,53.3,94.7,52.0,84.0,0,1,6.0,17.0,0.0,20181019142857.0,21077.0,0.004,17.0
187,Q4,4th Quarter,-31.5,0.8,31.5,0.8695652173913043,160.5,0.8333333333333334,160.5,0.8333333333333334,3.0,4.0,^,0.0,8.0,8.0,10.0,21.0,8.0,18.0,5,5,1.0,0.0,53.3,94.7,52.0,84.0,0,1,6.0,17.0,1.0,20181019142914.0,11086^21077,0.004,17.0
188,Q4,4th Quarter,-31.5,0.8,31.5,0.8695652173913043,160.5,0.7692307692307693,160.5,0.9090909090909091,3.0,4.0,^,0.0,8.0,8.0,10.0,21.0,8.0,18.0,5,5,1.0,0.0,53.3,94.7,52.0,84.0,0,1,6.0,9.0,1.0,20181019142922.0,11086^21077,0.004,17.0
189,Q4,4th Quarter,-31.5,0.8,31.5,0.8695652173913043,159.5,0.8333333333333334,159.5,0.8333333333333334,3.0,4.0,^,0.0,8.0,8.0,10.0,21.0,8.0,18.0,5,5,1.0,0.0,53.3,94.7,52.0,84.0,0,1,6.0,1.0,1.0,20181019142930.0,11086^21077,0.004,17.0
190,Q4,4th Quarter,-31.5,0.8,31.5,0.8695652173913043,159.5,0.8333333333333334,159.5,0.8333333333333334,3.0,4.0,,0.0,8.0,8.0,10.0,21.0,8.0,18.0,5,5,1.0,0.0,53.3,94.7,52.0,84.0,0,1,5.0,53.0,1.0,20181019142938.0,21077.0,0.004,17.0
191,Q4,4th Quarter,-31.5,0.8,31.5,0.8695652173913043,159.5,0.9090909090909091,159.5,0.7692307692307693,3.0,4.0,,0.0,8.0,8.0,10.0,21.0,8.0,18.0,5,5,1.0,0.0,53.3,94.7,52.0,84.0,0,1,5.0,52.0,1.0,20181019142940.0,21077.0,0.004,17.0
192,Q4,4th Quarter,-31.5,0.8,31.5,0.8695652173913043,159.5,0.8695652173913043,159.5,0.8,3.0,4.0,,0.0,8.0,8.0,10.0,21.0,8.0,18.0,5,5,1.0,0.0,53.3,94.7,52.0,84.0,0,1,5.0,50.0,1.0,20181019142941.0,21077.0,0.004,17.0
193,Q4,4th Quarter,-31.5,0.8,31.5,0.8695652173913043,159.5,0.8695652173913043,159.5,0.8,3.0,4.0,,0.0,8.0,8.0,10.0,21.0,8.0,18.0,5,5,1.0,0.0,53.3,94.7,52.0,84.0,0,1,5.0,49.0,1.0,20181019142942.0,21077.0,0.004,17.0
194,Q4,4th Quarter,-33.5,0.8,33.5,0.8695652173913043,161.5,0.8695652173913043,161.5,0.8,3.0,4.0,^,0.0,8.0,9.0,10.0,21.0,8.0,18.0,5,5,1.0,0.0,53.3,94.7,52.0,87.0,0,1,5.0,46.0,1.0,20181019142945.0,21075^11077,0.004,17.0
195,Q4,4th Quarter,-33.5,0.8,33.5,0.8695652173913043,161.5,0.7692307692307693,161.5,0.9090909090909091,3.0,4.0,^,0.0,8.0,9.0,10.0,21.0,8.0,18.0,5,5,1.0,0.0,53.3,94.7,52.0,87.0,0,1,5.0,38.0,1.0,20181019142953.0,21075^11077,0.004,17.0
196,Q4,4th Quarter,-34.5,0.8,34.5,0.8695652173913043,160.5,0.9090909090909091,160.5,0.7692307692307693,3.0,4.0,,0.0,8.0,9.0,10.0,21.0,8.0,18.0,5,5,1.0,0.0,53.3,94.7,52.0,87.0,0,1,5.0,35.0,1.0,20181019142956.0,21077.0,0.004,17.0
197,Q4,4th Quarter,-34.5,0.8,34.5,0.8695652173913043,160.5,0.8333333333333334,160.5,0.8333333333333334,3.0,4.0,,0.0,8.0,9.0,10.0,21.0,8.0,18.0,5,5,1.0,0.0,53.3,94.7,52.0,87.0,0,1,5.0,31.0,0.0,20181019143000.0,21077.0,0.004,17.0
198,Q4,4th Quarter,-35.5,0.9090909090909091,35.5,0.7692307692307693,161.5,0.9090909090909091,161.5,0.7692307692307693,3.0,4.0,^,0.0,8.0,9.0,10.0,21.0,8.0,18.0,5,5,2.0,0.0,53.3,94.7,52.0,87.0,0,1,5.0,31.0,0.0,20181019143000.0,11086^21077,0.004,17.0
199,Q4,4th Quarter,-35.5,0.8333333333333334,35.5,0.8333333333333334,162.5,0.8,162.5,0.8695652173913043,3.0,4.0,1:2^2:2,0.0,8.0,9.0,10.0,21.0,8.0,19.0,5,5,2.0,0.0,53.3,95.0,52.0,88.0,0,1,5.0,31.0,0.0,20181019143000.0,21079^21078,0.004,17.0
200,Q4,4th Quarter,-35.5,0.8,35.5,0.8695652173913043,162.5,0.8695652173913043,162.5,0.8,3.0,4.0,2:2^,0.0,8.0,9.0,10.0,21.0,8.0,20.0,5,5,2.0,0.0,53.3,95.2,52.0,89.0,0,1,5.0,31.0,0.0,20181019143000.0,21079^11077,0.004,17.0
201,Q4,4th Quarter,-35.5,0.8,35.5,0.8695652173913043,162.5,0.8695652173913043,162.5,0.8,3.0,4.0,2:2^,0.0,8.0,9.0,10.0,21.0,8.0,20.0,5,5,2.0,0.0,53.3,95.2,52.0,89.0,0,1,5.0,31.0,1.0,20181019143153.0,21079^11077,0.004,17.0
202,Q4,4th Quarter,-35.5,0.7692307692307693,35.5,0.9090909090909091,162.5,0.7692307692307693,162.5,0.9090909090909091,3.0,4.0,2:2^,0.0,8.0,9.0,10.0,21.0,8.0,20.0,5,5,2.0,0.0,53.3,95.2,52.0,89.0,0,1,5.0,23.0,1.0,20181019143201.0,21079^11077,0.004,17.0
203,Q4,4th Quarter,-36.5,0.7692307692307693,36.5,0.9090909090909091,161.5,1.0,161.5,0.7142857142857143,3.0,4.0,,0.0,8.0,9.0,10.0,21.0,8.0,20.0,5,5,2.0,0.0,53.3,95.2,52.0,89.0,0,1,5.0,20.0,1.0,20181019143204.0,21077.0,0.004,17.0
204,Q4,4th Quarter,-36.5,0.7692307692307693,36.5,0.9090909090909091,161.5,1.0,161.5,0.7142857142857143,3.0,4.0,^,0.0,8.0,9.0,10.0,22.0,8.0,20.0,5,5,2.0,0.0,53.3,95.2,52.0,91.0,0,1,5.0,18.0,1.0,20181019143206.0,21074^11077,0.004,17.0
205,Q4,4th Quarter,-36.5,0.7692307692307693,36.5,0.9090909090909091,161.5,0.8333333333333334,161.5,0.8333333333333334,3.0,4.0,^,0.0,8.0,9.0,10.0,22.0,8.0,20.0,5,5,2.0,0.0,53.3,95.2,52.0,91.0,0,1,5.0,10.0,1.0,20181019143214.0,21074^11077,0.004,17.0
206,Q4,4th Quarter,-36.5,0.7692307692307693,36.5,0.9090909090909091,161.5,0.7692307692307693,161.5,0.9090909090909091,3.0,4.0,^,0.0,8.0,9.0,10.0,22.0,8.0,20.0,5,5,2.0,0.0,53.3,95.2,52.0,91.0,0,1,5.0,7.0,0.0,20181019143217.0,21074^11077,0.004,17.0
207,Q4,4th Quarter,-36.5,0.7692307692307693,36.5,0.9090909090909091,161.5,0.7692307692307693,161.5,0.9090909090909091,3.0,4.0,^,0.0,8.0,9.0,10.0,22.0,8.0,20.0,5,5,2.0,0.0,53.3,95.2,52.0,91.0,0,1,5.0,7.0,1.0,20181019143230.0,21074^11077,0.004,17.0
208,Q4,4th Quarter,-36.5,0.7692307692307693,36.5,0.9090909090909091,161.5,0.7142857142857143,161.5,1.0,3.0,4.0,^,0.0,8.0,9.0,10.0,22.0,8.0,20.0,5,5,2.0,0.0,53.3,95.2,52.0,91.0,0,1,5.0,5.0,1.0,20181019143232.0,21074^11077,0.004,17.0
209,Q4,4th Quarter,-38.5,0.7692307692307693,38.5,0.9090909090909091,162.5,0.9090909090909091,162.5,0.7692307692307693,3.0,4.0,,0.0,8.0,9.0,10.0,22.0,8.0,20.0,5,5,2.0,0.0,53.3,95.2,52.0,91.0,0,1,5.0,1.0,1.0,20181019143236.0,21077.0,0.004,17.0
210,Q4,4th Quarter,-38.5,0.7692307692307693,38.5,0.9090909090909091,162.5,0.9090909090909091,162.5,0.7692307692307693,2.0,4.0,,0.0,8.0,9.0,10.0,22.0,8.0,20.0,5,5,2.0,0.0,53.3,95.2,52.0,91.0,0,1,4.0,53.0,1.0,20181019143244.0,21077.0,0.004,17.0
211,Q4,4th Quarter,-38.5,0.7692307692307693,38.5,0.9090909090909091,162.5,0.9090909090909091,162.5,0.7692307692307693,2.0,4.0,,0.0,8.0,9.0,10.0,22.0,8.0,20.0,5,5,2.0,0.0,53.3,95.2,52.0,91.0,0,1,4.0,52.0,0.0,20181019143244.0,21077.0,0.004,17.0
212,Q4,4th Quarter,-37.5,0.7692307692307693,37.5,0.9090909090909091,162.5,0.9090909090909091,162.5,0.7692307692307693,2.0,4.0,,0.0,8.0,9.0,10.0,22.0,8.0,20.0,5,5,2.0,0.0,53.3,95.2,52.0,91.0,0,1,4.0,52.0,0.0,20181019143244.0,11077.0,0.004,17.0
213,Q4,4th Quarter,-37.5,0.7692307692307693,37.5,0.9090909090909091,162.5,0.9090909090909091,162.5,0.7692307692307693,2.0,4.0,,0.0,8.0,9.0,10.0,22.0,8.0,20.0,5,5,2.0,0.0,53.3,95.2,52.0,91.0,0,1,4.0,52.0,1.0,20181019143254.0,11077.0,0.004,17.0
214,Q4,4th Quarter,-37.5,0.7692307692307693,37.5,0.9090909090909091,162.5,0.9090909090909091,162.5,0.7692307692307693,2.0,4.0,,0.0,8.0,9.0,10.0,22.0,8.0,20.0,5,5,2.0,0.0,53.3,95.2,52.0,91.0,0,1,4.0,44.0,1.0,20181019143302.0,11077.0,0.004,17.0
215,Q4,4th Quarter,-37.5,0.7692307692307693,37.5,0.9090909090909091,162.5,0.9090909090909091,162.5,0.7692307692307693,2.0,4.0,,0.0,8.0,9.0,10.0,22.0,8.0,20.0,5,5,2.0,0.0,53.3,95.2,52.0,91.0,0,1,4.0,38.0,0.0,20181019143308.0,11077.0,0.004,17.0
216,Q4,4th Quarter,-37.5,0.7692307692307693,37.5,0.9090909090909091,162.5,0.9090909090909091,162.5,0.7692307692307693,2.0,4.0,^,0.0,8.0,9.0,10.0,22.0,8.0,20.0,5,5,2.0,1.0,53.3,95.2,52.0,91.0,0,1,4.0,38.0,1.0,20181019143318.0,21086^11077,0.004,17.0
217,Q4,4th Quarter,-37.5,0.7692307692307693,37.5,0.9090909090909091,162.5,0.9090909090909091,162.5,0.7692307692307693,2.0,4.0,^,0.0,8.0,9.0,10.0,22.0,8.0,20.0,5,5,2.0,1.0,53.3,95.2,52.0,91.0,0,1,4.0,37.0,0.0,20181019143318.0,21086^11077,0.004,17.0
218,Q4,4th Quarter,-37.5,0.7692307692307693,37.5,0.9090909090909091,162.5,0.9090909090909091,162.5,0.7692307692307693,2.0,4.0,^,0.0,8.0,9.0,10.0,22.0,8.0,20.0,5,5,2.0,1.0,53.3,95.2,52.0,91.0,0,1,4.0,42.0,0.0,20181019143319.0,21086^11077,0.004,17.0
219,Q4,4th Quarter,-37.5,0.7692307692307693,37.5,0.9090909090909091,162.5,0.9090909090909091,162.5,0.7692307692307693,2.0,4.0,^,0.0,8.0,9.0,10.0,22.0,8.0,20.0,5,5,2.0,1.0,53.3,95.2,52.0,91.0,0,1,4.0,42.0,1.0,20181019143327.0,21086^11077,0.004,17.0
220,Q4,4th Quarter,-37.5,0.7692307692307693,37.5,0.9090909090909091,162.5,0.9090909090909091,162.5,0.7692307692307693,2.0,4.0,^,0.0,8.0,9.0,10.0,22.0,8.0,20.0,5,5,2.0,1.0,53.3,95.2,52.0,91.0,0,1,4.0,34.0,1.0,20181019143335.0,21086^11077,0.004,17.0
221,Q4,4th Quarter,-37.5,0.7692307692307693,37.5,0.9090909090909091,162.5,0.9090909090909091,162.5,0.7692307692307693,2.0,4.0,^,0.0,8.0,9.0,10.0,22.0,8.0,20.0,5,5,2.0,1.0,53.3,95.2,52.0,91.0,0,1,4.0,28.0,0.0,20181019143341.0,21086^11077,0.004,17.0
222,Q4,4th Quarter,-40.5,0.7692307692307693,40.5,0.9090909090909091,162.5,0.9090909090909091,162.5,0.7692307692307693,2.0,4.0,,0.0,8.0,9.0,10.0,22.0,8.0,20.0,5,5,2.0,1.0,53.3,95.2,52.0,91.0,0,1,4.0,28.0,1.0,20181019143357.0,21077.0,0.004,17.0
223,Q4,4th Quarter,-40.5,0.7692307692307693,40.5,0.9090909090909091,162.5,0.9090909090909091,162.5,0.7692307692307693,2.0,4.0,,0.0,8.0,9.0,10.0,22.0,8.0,20.0,5,5,2.0,1.0,53.3,95.2,52.0,91.0,0,1,4.0,20.0,1.0,20181019143405.0,21077.0,0.004,17.0
224,Q4,4th Quarter,-40.5,0.7692307692307693,40.5,0.9090909090909091,162.5,0.9090909090909091,162.5,0.7692307692307693,2.0,4.0,,0.0,8.0,9.0,10.0,22.0,8.0,20.0,5,5,2.0,1.0,53.3,95.2,52.0,91.0,0,1,4.0,12.0,1.0,20181019143413.0,21077.0,0.004,17.0
225,Q4,4th Quarter,-40.5,0.8695652173913043,40.5,0.8,162.5,0.9090909090909091,162.5,0.7692307692307693,2.0,4.0,,0.0,8.0,9.0,10.0,22.0,8.0,20.0,5,5,2.0,1.0,53.3,95.2,52.0,91.0,0,1,4.0,3.0,1.0,20181019143421.0,21077.0,0.004,17.0
226,Q4,4th Quarter,-39.5,0.8695652173913043,39.5,0.8,162.5,0.9090909090909091,162.5,0.7692307692307693,2.0,4.0,,0.0,8.0,9.0,10.0,22.0,8.0,20.0,5,5,2.0,1.0,53.3,95.2,52.0,91.0,0,1,3.0,59.0,1.0,20181019143426.0,11077.0,0.004,17.0
227,Q4,4th Quarter,-39.5,0.8695652173913043,39.5,0.8,162.5,0.9090909090909091,162.5,0.7692307692307693,2.0,4.0,,0.0,8.0,9.0,10.0,22.0,8.0,20.0,5,5,2.0,1.0,53.3,95.2,52.0,91.0,0,1,3.0,51.0,1.0,20181019143434.0,11077.0,0.004,17.0
228,Q4,4th Quarter,-40.5,0.8695652173913043,40.5,0.8,162.5,0.9090909090909091,162.5,0.7692307692307693,2.0,4.0,,0.0,8.0,9.0,10.0,22.0,8.0,20.0,5,5,2.0,1.0,53.3,95.2,52.0,91.0,0,1,3.0,51.0,1.0,20181019143443.0,21077.0,0.004,17.0
229,Q4,4th Quarter,-40.5,0.9090909090909091,40.5,0.7692307692307693,162.5,0.9090909090909091,162.5,0.7692307692307693,2.0,4.0,,0.0,8.0,9.0,10.0,22.0,8.0,20.0,5,5,2.0,1.0,53.3,95.2,52.0,91.0,0,1,3.0,34.0,1.0,20181019143451.0,21077.0,0.004,17.0
230,Q4,4th Quarter,-39.5,0.9090909090909091,39.5,0.7692307692307693,162.5,0.9090909090909091,162.5,0.7692307692307693,2.0,4.0,,0.0,8.0,9.0,10.0,22.0,8.0,20.0,5,5,2.0,1.0,53.3,95.2,52.0,91.0,0,1,3.0,28.0,1.0,20181019143457.0,11077.0,0.004,17.0
231,Q4,4th Quarter,-39.5,0.9090909090909091,39.5,0.7692307692307693,162.5,0.9090909090909091,162.5,0.7692307692307693,2.0,4.0,,0.0,8.0,9.0,10.0,22.0,8.0,20.0,5,5,2.0,1.0,53.3,95.2,52.0,91.0,0,1,3.0,20.0,1.0,20181019143505.0,11077.0,0.004,17.0
232,Q4,4th Quarter,-39.5,0.9090909090909091,39.5,0.7692307692307693,162.5,0.9090909090909091,162.5,0.7692307692307693,2.0,4.0,,0.0,8.0,9.0,10.0,22.0,8.0,20.0,5,5,2.0,1.0,53.3,95.2,52.0,91.0,0,1,3.0,11.0,1.0,20181019143513.0,11077.0,0.004,17.0
233,Q4,4th Quarter,-39.5,0.9090909090909091,39.5,0.7692307692307693,162.5,0.9090909090909091,162.5,0.7692307692307693,2.0,4.0,,0.0,8.0,9.0,10.0,22.0,8.0,20.0,5,5,2.0,1.0,53.3,95.2,52.0,91.0,0,1,3.0,6.0,0.0,20181019143519.0,11077.0,0.004,17.0
234,Q4,4th Quarter,-39.5,0.9090909090909091,39.5,0.7692307692307693,162.5,0.9090909090909091,162.5,0.7692307692307693,2.0,4.0,,0.0,8.0,9.0,10.0,22.0,8.0,20.0,5,5,2.0,1.0,53.3,95.2,52.0,91.0,0,1,3.0,6.0,1.0,20181019143531.0,11077.0,0.004,17.0
235,Q4,4th Quarter,-40.5,0.9090909090909091,40.5,0.7692307692307693,162.5,0.9090909090909091,162.5,0.7692307692307693,2.0,4.0,,0.0,8.0,9.0,10.0,22.0,8.0,20.0,5,5,2.0,1.0,53.3,95.2,52.0,91.0,0,1,3.0,5.0,1.0,20181019143532.0,21077.0,0.004,17.0
236,Q4,4th Quarter,-40.5,0.0,40.5,0.0,162.5,0.9090909090909091,162.5,0.7692307692307693,2.0,4.0,,0.0,8.0,9.0,10.0,22.0,8.0,20.0,5,5,2.0,1.0,53.3,95.2,52.0,91.0,0,1,2.0,57.0,1.0,20181019143540.0,21077.0,0.004,17.0
237,Q4,4th Quarter,-41.5,0.0,40.5,0.0,162.5,0.9090909090909091,162.5,0.7692307692307693,2.0,4.0,^,0.0,8.0,9.0,10.0,23.0,8.0,20.0,5,5,2.0,1.0,53.3,95.2,52.0,93.0,0,1,2.0,51.0,1.0,20181019143545.0,21074^11077,0.004,17.0
238,Q4,4th Quarter,-41.5,0.0,40.5,0.0,162.5,0.9090909090909091,162.5,0.7692307692307693,2.0,4.0,^,0.0,8.0,9.0,10.0,23.0,8.0,20.0,5,5,2.0,1.0,53.3,95.2,52.0,93.0,0,1,2.0,47.0,0.0,20181019143550.0,21074^11077,0.004,17.0
239,Q4,4th Quarter,-41.5,0.0,40.5,0.0,162.5,0.9090909090909091,162.5,0.7692307692307693,2.0,4.0,^,0.0,8.0,9.0,10.0,23.0,8.0,20.0,5,5,2.0,1.0,53.3,95.2,52.0,93.0,0,1,2.0,47.0,1.0,20181019143713.0,21074^11077,0.004,17.0
240,Q4,4th Quarter,-41.5,0.0,40.5,0.0,162.5,0.9090909090909091,162.5,0.7692307692307693,2.0,4.0,^,0.0,8.0,9.0,10.0,23.0,8.0,20.0,5,5,2.0,1.0,53.3,95.2,52.0,93.0,0,1,2.0,39.0,1.0,20181019143721.0,21074^11077,0.004,17.0
241,Q4,4th Quarter,-41.5,0.0,40.5,0.0,162.5,0.9090909090909091,162.5,0.7692307692307693,2.0,4.0,^,0.0,8.0,9.0,10.0,23.0,8.0,20.0,5,5,2.0,1.0,53.3,95.2,52.0,93.0,0,1,2.0,31.0,1.0,20181019143729.0,21074^11077,0.004,17.0
242,Q4,4th Quarter,-40.5,0.0,40.5,0.0,162.5,0.9090909090909091,162.5,0.7692307692307693,2.0,4.0,^,0.0,8.0,9.0,10.0,23.0,8.0,20.0,5,5,2.0,1.0,53.3,95.2,52.0,93.0,0,1,2.0,23.0,0.0,20181019143736.0,21074^11077,0.004,17.0
243,Q4,4th Quarter,-43.5,0.0,43.5,0.0,162.5,0.9090909090909091,162.5,0.7692307692307693,2.0,4.0,1:2,0.0,8.0,9.0,10.0,23.0,8.0,20.0,5,5,2.0,1.0,53.3,95.2,52.0,94.0,0,1,2.0,23.0,0.0,20181019143736.0,21078.0,0.004,17.0
244,Q4,4th Quarter,-43.5,0.0,43.5,0.0,162.5,0.9090909090909091,162.5,0.7692307692307693,2.0,4.0,1:2^2:2,0.0,8.0,9.0,10.0,23.0,8.0,21.0,5,5,2.0,1.0,53.3,95.5,52.0,95.0,0,1,2.0,23.0,0.0,20181019143736.0,21079^21078,0.004,17.0
245,Q4,4th Quarter,-43.5,0.0,43.5,0.0,162.5,0.9090909090909091,162.5,0.7692307692307693,2.0,4.0,1:2^2:2,0.0,8.0,9.0,10.0,23.0,8.0,21.0,5,5,2.0,1.0,53.3,95.5,52.0,95.0,0,1,2.0,23.0,1.0,20181019143821.0,21079^21078,0.004,17.0
246,Q4,4th Quarter,-43.5,0.0,43.5,0.0,162.5,0.9090909090909091,162.5,0.7692307692307693,2.0,4.0,1:2^2:2,0.0,8.0,9.0,10.0,23.0,8.0,21.0,5,5,2.0,1.0,53.3,95.5,52.0,95.0,0,1,2.0,15.0,1.0,20181019143830.0,21079^21078,0.004,17.0
247,Q4,4th Quarter,-43.5,0.0,43.5,0.0,162.5,0.9090909090909091,162.5,0.7692307692307693,2.0,4.0,1:2^2:2,0.0,8.0,9.0,10.0,23.0,8.0,21.0,5,5,2.0,1.0,53.3,95.5,52.0,95.0,0,1,2.0,7.0,1.0,20181019143838.0,21079^21078,0.004,17.0
248,Q4,4th Quarter,-43.5,0.0,43.5,0.0,162.5,0.9090909090909091,162.5,0.7692307692307693,1.0,4.0,1:2^2:2,0.0,8.0,9.0,10.0,23.0,8.0,21.0,5,5,2.0,1.0,53.3,95.5,52.0,95.0,0,1,1.0,59.0,1.0,20181019143846.0,21079^21078,0.004,17.0
249,Q4,4th Quarter,-43.5,0.0,43.5,0.0,162.5,0.9090909090909091,162.5,0.7692307692307693,1.0,4.0,1:2^2:2,0.0,8.0,9.0,10.0,23.0,8.0,21.0,5,5,2.0,1.0,53.3,95.5,52.0,95.0,0,1,1.0,51.0,0.0,20181019143853.0,21079^21078,0.004,17.0
250,Q4,4th Quarter,-44.5,0.0,44.5,0.0,162.5,0.9090909090909091,162.5,0.7692307692307693,1.0,4.0,1:2,0.0,8.0,9.0,10.0,23.0,8.0,23.0,5,5,2.0,1.0,53.3,95.8,52.0,95.0,0,1,1.0,51.0,0.0,20181019143853.0,21078.0,0.004,17.0
251,Q4,4th Quarter,-44.5,0.0,44.5,0.0,162.5,0.9090909090909091,162.5,0.7692307692307693,1.0,4.0,2:2^,0.0,8.0,9.0,10.0,23.0,8.0,24.0,5,5,2.0,1.0,53.3,96.0,52.0,97.0,0,1,1.0,51.0,0.0,20181019143853.0,21079^11077,0.004,17.0
252,Q4,4th Quarter,-44.5,0.0,44.5,0.0,162.5,0.9090909090909091,162.5,0.7692307692307693,1.0,4.0,2:2^,0.0,8.0,9.0,10.0,23.0,8.0,24.0,5,5,2.0,1.0,53.3,96.0,52.0,97.0,0,1,1.0,51.0,1.0,20181019143945.0,21079^11077,0.004,17.0
253,Q4,4th Quarter,-44.5,0.0,44.5,0.0,162.5,0.9090909090909091,162.5,0.7692307692307693,1.0,4.0,2:2^,0.0,8.0,9.0,10.0,23.0,8.0,24.0,5,5,2.0,1.0,53.3,96.0,52.0,97.0,0,1,1.0,45.0,0.0,20181019143951.0,21079^11077,0.004,17.0
254,Q4,4th Quarter,-44.5,0.0,44.5,0.0,162.5,0.9090909090909091,162.5,0.7692307692307693,1.0,4.0,2:2^,0.0,8.0,9.0,10.0,23.0,8.0,24.0,5,5,2.0,1.0,53.3,96.0,52.0,97.0,0,1,1.0,45.0,1.0,20181019143952.0,21079^11077,0.004,17.0
255,Q4,4th Quarter,-44.5,0.0,44.5,0.0,162.5,0.9090909090909091,162.5,0.7692307692307693,1.0,4.0,2:2^,0.0,8.0,9.0,10.0,23.0,8.0,24.0,5,5,2.0,1.0,53.3,96.0,52.0,97.0,0,1,1.0,42.0,0.0,20181019143956.0,21079^11077,0.004,17.0
256,Q4,4th Quarter,-44.5,0.0,44.5,0.0,162.5,0.9090909090909091,162.5,0.7692307692307693,1.0,4.0,^,0.0,8.0,9.0,10.0,23.0,8.0,24.0,5,5,2.0,2.0,53.3,96.0,52.0,97.0,0,1,1.0,42.0,1.0,20181019144018.0,21086^11077,0.004,17.0
257,Q4,4th Quarter,-44.5,0.0,44.5,0.0,162.5,0.9090909090909091,162.5,0.7692307692307693,1.0,4.0,^,0.0,8.0,9.0,10.0,23.0,8.0,24.0,5,5,2.0,2.0,53.3,96.0,52.0,97.0,0,1,1.0,33.0,1.0,20181019144026.0,21086^11077,0.004,17.0
258,Q4,4th Quarter,-44.5,0.0,44.5,0.0,162.5,0.9090909090909091,162.5,0.7692307692307693,1.0,4.0,^,0.0,8.0,9.0,10.0,23.0,8.0,24.0,5,5,2.0,2.0,53.3,96.0,52.0,97.0,0,1,1.0,25.0,1.0,20181019144034.0,21086^11077,0.004,17.0
259,Q4,4th Quarter,-45.5,0.0,45.5,0.0,162.5,0.9090909090909091,162.5,0.7692307692307693,1.0,4.0,,0.0,8.0,9.0,10.0,23.0,8.0,24.0,5,5,2.0,2.0,53.3,96.0,52.0,97.0,0,1,1.0,19.0,1.0,20181019144041.0,21077.0,0.004,17.0
260,Q4,4th Quarter,-44.5,0.0,44.5,0.0,162.5,0.9090909090909091,162.5,0.7692307692307693,1.0,4.0,,0.0,8.0,9.0,10.0,23.0,8.0,24.0,5,5,2.0,2.0,53.3,96.0,52.0,97.0,0,1,1.0,17.0,1.0,20181019144043.0,11077.0,0.004,17.0
261,Q4,4th Quarter,-44.5,0.0,44.5,0.0,162.5,0.9090909090909091,162.5,0.7692307692307693,1.0,4.0,,0.0,8.0,9.0,10.0,23.0,8.0,24.0,5,5,2.0,2.0,53.3,96.0,52.0,97.0,0,1,1.0,9.0,1.0,20181019144051.0,11077.0,0.004,17.0
262,Q4,4th Quarter,-44.5,0.0,44.5,0.0,162.5,0.9090909090909091,162.5,0.7692307692307693,1.0,4.0,,0.0,8.0,9.0,10.0,23.0,8.0,24.0,5,5,2.0,2.0,53.3,96.0,52.0,97.0,0,1,1.0,0.0,1.0,20181019144059.0,11077.0,0.004,17.0
263,Q4,4th Quarter,-44.5,0.0,44.5,0.0,162.5,0.9090909090909091,162.5,0.7692307692307693,1.0,4.0,,0.0,8.0,9.0,10.0,23.0,8.0,24.0,5,5,2.0,2.0,53.3,96.0,52.0,97.0,0,1,0.0,52.0,1.0,20181019144108.0,11077.0,0.004,17.0
264,Q4,4th Quarter,-45.5,0.0,45.5,0.0,162.5,0.9090909090909091,162.5,0.7692307692307693,1.0,4.0,,0.0,8.0,9.0,10.0,23.0,8.0,24.0,5,5,2.0,2.0,53.3,96.0,52.0,97.0,0,1,0.0,46.0,1.0,20181019144114.0,21077.0,0.004,17.0
265,Q4,4th Quarter,-45.5,0.0,45.5,0.0,162.5,0.9090909090909091,162.5,0.7692307692307693,1.0,4.0,,0.0,8.0,9.0,10.0,23.0,8.0,24.0,5,5,2.0,2.0,53.3,96.0,52.0,97.0,0,1,0.0,37.0,1.0,20181019144122.0,21077.0,0.004,17.0
266,Q4,4th Quarter,-45.5,0.0,45.5,0.0,162.5,0.9090909090909091,162.5,0.7692307692307693,1.0,4.0,,0.0,8.0,9.0,10.0,23.0,8.0,24.0,5,5,2.0,2.0,53.3,96.0,52.0,97.0,0,1,0.0,29.0,1.0,20181019144130.0,21077.0,0.004,17.0
267,Q4,4th Quarter,-44.5,0.0,44.5,0.0,162.5,0.9090909090909091,162.5,0.7692307692307693,1.0,4.0,,0.0,8.0,9.0,10.0,23.0,8.0,24.0,5,5,2.0,2.0,53.3,96.0,52.0,97.0,0,1,0.0,25.0,1.0,20181019144135.0,11077.0,0.004,17.0
268,Q4,4th Quarter,-44.5,0.0,44.5,0.0,162.5,0.9090909090909091,162.5,0.7692307692307693,1.0,4.0,,0.0,8.0,9.0,10.0,23.0,8.0,24.0,5,5,2.0,2.0,53.3,96.0,52.0,97.0,0,1,0.0,17.0,1.0,20181019144143.0,11077.0,0.004,17.0
269,Q4,4th Quarter,-43.5,0.0,43.5,0.0,162.5,0.9090909090909091,162.5,0.7692307692307693,1.0,4.0,^,0.0,8.0,9.0,11.0,23.0,8.0,24.0,5,5,2.0,2.0,53.3,96.0,54.0,97.0,0,1,0.0,13.0,1.0,20181019144146.0,11074^21077,0.004,17.0
270,Q4,4th Quarter,-43.5,0.0,43.5,0.0,162.5,0.9090909090909091,162.5,0.7692307692307693,1.0,4.0,^,0.0,8.0,9.0,11.0,23.0,8.0,24.0,5,5,2.0,2.0,53.3,96.0,54.0,97.0,0,1,0.0,5.0,1.0,20181019144155.0,11074^21077,0.004,17.0
271,Q4,4th Quarter,-43.5,0.0,43.5,0.0,162.5,0.9090909090909091,162.5,0.7692307692307693,1.0,4.0,^,0.0,8.0,9.0,11.0,23.0,8.0,24.0,5,5,2.0,2.0,53.3,96.0,54.0,97.0,0,1,0.0,0.0,0.0,20181019144201.0,11074^21077,0.004,17.0
272,Q4,4th Quarter,-43.5,0.0,43.5,0.0,162.5,0.9090909090909091,162.5,0.7692307692307693,1.0,4.0,,0.0,8.0,9.0,11.0,23.0,8.0,24.0,5,5,2.0,2.0,53.3,96.0,54.0,97.0,0,1,0.0,0.0,0.0,20181019144201.0,1084.0,0.004,17.0
