,AM,AS,CP,ED,HASA,HASA_ODD,HASH,HASH_ODD,HATD,HATD_ODD,HATU,HATU_ODD,HD,MD,PG,PI,S1_a,S1_h,S2_a,S2_h,S3_a,S3_h,S4_a,S4_h,S5_a,S5_h,S6_a,S6_h,SC_a,SC_h,SU,TD,TM,TS,TT,TU,VC,WA_ODD,WH_ODD
0,,,,第3节,4.5,0.91,-4.5,0.83,204.5,0.87,204.5,0.87,,,,,7.0,5.0,14.0,14.0,6.0,5.0,5.0,5.0,0.0,0.0,50.0,83.3,55.0,48.0,0.0,1,12.0,0.0,0,20180516023909,1082,0.0,0.0
1,,,,第3节,4.5,0.91,-4.5,0.83,204.5,0.91,204.5,0.83,,3.0,,,7.0,5.0,14.0,14.0,6.0,5.0,5.0,5.0,0.0,0.0,50.0,83.3,55.0,48.0,0.0,1,12.0,0.0,0,20180516023909,1089.0,0.0,0.0
2,,,,第3节,4.5,0.91,-4.5,0.83,204.5,0.87,204.5,0.87,,3.0,,,7.0,5.0,14.0,14.0,6.0,5.0,5.0,5.0,0.0,0.0,50.0,83.3,55.0,48.0,0.0,1,11.0,55.0,1.0,20180516025505.0,21077.0,0.0,0.0
3,,,,第3节,4.5,0.91,-4.5,0.83,204.5,0.87,204.5,0.87,,3.0,,,7.0,5.0,14.0,14.0,6.0,5.0,5.0,5.0,0.0,0.0,50.0,83.3,55.0,48.0,0.0,1,11.0,55.0,1.0,20180516025505.0,21077.0,0.0,0.0
4,,,,第3节,4.5,0.91,-4.5,0.83,204.5,0.87,204.5,0.87,,3.0,,,7.0,5.0,14.0,14.0,6.0,5.0,5.0,5.0,0.0,0.0,50.0,83.3,55.0,48.0,0.0,1,11.0,50.0,1.0,20180516025506.0,21077.0,0.0,0.0
5,,,,第3节,4.5,0.91,-4.5,0.83,204.5,0.83,204.5,0.91,,3.0,,,7.0,5.0,14.0,15.0,6.0,5.0,5.0,5.0,0.0,0.0,50.0,83.3,55.0,50.0,0.0,1,11.0,50.0,1.0,20180516025506.0,21074.0,0.0,0.0
6,,,,第3节,4.5,0.91,-4.5,0.83,204.5,0.83,204.5,0.91,,3.0,,,7.0,5.0,14.0,15.0,6.0,5.0,5.0,5.0,0.0,0.0,50.0,83.3,50.0,55.0,0.0,1,11.0,50.0,1.0,20180516025506.0,11077.0,0.0,0.0
7,,,,第3节,4.5,0.91,-4.5,0.83,205.5,0.87,205.5,0.87,205.5,3.0,,,7.0,5.0,14.0,15.0,6.0,5.0,5.0,5.0,0.0,0.0,50.0,83.3,50.0,55.0,0.0,1,11.0,50.0,1.0,20180516025506.0,11077.0,0.0,0.0
8,,,,第3节,4.5,0.91,-4.5,0.83,205.5,0.87,205.5,0.87,205.5,3.0,,,7.0,5.0,14.0,15.0,6.0,5.0,5.0,5.0,0.0,0.0,50.0,83.3,50.0,55.0,0.0,1,11.0,50.0,1.0,20180516025506.0,11077.0,0.0,0.0
9,,,,第3节,4.5,0.91,-3.5,0.83,205.5,0.87,205.5,0.87,-3.5,3.0,,,7.0,5.0,14.0,15.0,6.0,5.0,5.0,5.0,0.0,0.0,50.0,83.3,50.0,55.0,0.0,1,11.0,50.0,1.0,20180516025506.0,11077.0,0.0,0.0
10,,,,第3节,3.5,0.91,-3.5,0.83,205.5,0.87,205.5,0.87,3.5,3.0,,,7.0,5.0,14.0,15.0,6.0,5.0,5.0,5.0,0.0,0.0,50.0,83.3,50.0,55.0,0.0,1,11.0,44.0,0.0,20180516025506.0,11077.0,0.0,0.0
11,,,,第3节,3.5,0.91,-3.5,0.83,205.5,0.87,205.5,0.87,3.5,3.0,,,7.0,5.0,14.0,15.0,6.0,5.0,5.0,5.0,0.0,0.0,50.0,83.3,50.0,55.0,0.0,1,11.0,44.0,0.0,20180516025506.0,11077.0,0.0,0.0
12,,,,第3节,3.5,0.91,-3.5,0.83,205.5,0.87,205.5,0.87,3.5,3.0,,,7.0,5.0,14.0,15.0,6.0,5.0,5.0,5.0,0.0,0.0,50.0,83.3,50.0,55.0,0.0,1,11.0,44.0,1.0,20180516025524.0,11077.0,0.0,0.0
13,,,,第3节,3.5,0.91,-3.5,0.83,205.5,0.87,205.5,0.87,3.5,3.0,,,7.0,5.0,15.0,15.0,6.0,5.0,5.0,5.0,0.0,0.0,50.0,83.3,57.0,55.0,0.0,1,11.0,44.0,1.0,20180516025524.0,11074.0,0.0,0.0
14,,,,第3节,3.5,0.91,-3.5,0.83,205.5,0.87,205.5,0.87,3.5,3.0,,,7.0,5.0,15.0,15.0,6.0,5.0,5.0,5.0,0.0,0.0,50.0,83.3,50.0,57.0,0.0,1,11.0,44.0,1.0,20180516025524.0,21077.0,0.0,0.0
15,,,,第3节,3.5,0.91,-3.5,0.83,206.5,0.87,206.5,0.87,206.5,3.0,,,7.0,5.0,15.0,15.0,6.0,5.0,5.0,5.0,0.0,0.0,50.0,83.3,50.0,57.0,0.0,1,11.0,44.0,1.0,20180516025524.0,21077.0,0.0,0.0
16,,,,第3节,3.5,0.91,-3.5,0.83,206.5,0.87,206.5,0.87,206.5,3.0,,,7.0,5.0,15.0,15.0,6.0,5.0,5.0,5.0,0.0,0.0,50.0,83.3,50.0,57.0,0.0,1,11.0,44.0,1.0,20180516025524.0,21077.0,0.0,0.0
17,,,,第3节,3.5,0.91,-4.5,0.83,206.5,0.87,206.5,0.87,-4.5,3.0,,,7.0,5.0,15.0,15.0,6.0,5.0,5.0,5.0,0.0,0.0,50.0,83.3,50.0,57.0,0.0,1,11.0,44.0,1.0,20180516025524.0,21077.0,0.0,0.0
18,,,,第3节,4.5,0.91,-4.5,0.83,206.5,0.87,205.5,0.87,4.5,3.0,,,7.0,5.0,15.0,15.0,6.0,5.0,5.0,5.0,0.0,0.0,50.0,83.3,50.0,57.0,0.0,1,11.0,44.0,1.0,20180516025524.0,21077.0,0.0,0.0
19,,,,第3节,4.5,0.91,-4.5,0.83,205.5,0.87,205.5,0.87,205.5,3.0,,,7.0,5.0,15.0,15.0,6.0,5.0,5.0,5.0,0.0,0.0,50.0,83.3,50.0,57.0,0.0,1,11.0,44.0,1.0,20180516025524.0,21077.0,0.0,0.0
20,,,,第3节,4.5,0.87,-4.5,0.87,205.5,0.87,205.5,0.87,205.5,3.0,,,7.0,5.0,15.0,15.0,6.0,5.0,5.0,5.0,0.0,0.0,50.0,83.3,50.0,57.0,0.0,1,11.0,16.0,1.0,20180516025548.0,21077.0,0.0,0.0
21,,,,第3节,4.5,0.95,-4.5,0.8,205.5,0.83,205.5,0.91,205.5,3.0,,,7.0,5.0,15.0,15.0,6.0,5.0,5.0,5.0,0.0,0.0,50.0,83.3,50.0,57.0,0.0,1,11.0,16.0,1.0,20180516025548.0,11077.0,0.0,0.0
22,,,,第3节,4.5,0.95,-4.5,0.8,204.5,0.87,204.5,0.87,204.5,3.0,,,7.0,5.0,15.0,15.0,6.0,5.0,5.0,5.0,0.0,0.0,50.0,83.3,50.0,57.0,0.0,1,11.0,16.0,1.0,20180516025548.0,21077.0,0.0,0.0
23,,,,第3节,4.5,0.87,-4.5,0.87,204.5,0.87,204.5,0.87,204.5,3.0,,,7.0,5.0,15.0,15.0,6.0,5.0,5.0,5.0,0.0,0.0,50.0,83.3,50.0,57.0,0.0,1,11.0,1.0,0.0,20180516025548.0,21077.0,0.0,0.0
24,,,,第3节,4.5,0.87,-4.5,0.87,204.5,0.87,204.5,0.87,204.5,3.0,,,7.0,5.0,15.0,15.0,6.0,5.0,5.0,5.0,0.0,0.0,50.0,83.3,50.0,57.0,0.0,1,11.0,1.0,0.0,20180516025548.0,21077.0,0.0,0.0
25,,,,第3节,4.5,0.87,-4.5,0.87,204.5,0.87,204.5,0.87,204.5,3.0,,,7.0,5.0,15.0,15.0,6.0,5.0,5.0,5.0,0.0,0.0,50.0,83.3,50.0,57.0,0.0,1,11.0,1.0,1.0,20180516025611.0,21077.0,0.0,0.0
26,,,,第3节,4.5,0.87,-4.5,0.87,204.5,0.87,204.5,0.87,204.5,3.0,,,7.0,5.0,15.0,16.0,6.0,5.0,5.0,5.0,0.0,0.0,50.0,83.3,52.0,57.0,0.0,1,11.0,1.0,1.0,20180516025611.0,21074.0,0.0,0.0
27,,,,第3节,4.5,0.87,-4.5,0.87,205.5,0.87,205.5,0.87,205.5,3.0,,,7.0,5.0,15.0,16.0,6.0,5.0,5.0,5.0,0.0,0.0,50.0,83.3,52.0,57.0,0.0,1,11.0,1.0,1.0,20180516025611.0,21074.0,0.0,0.0
28,,,,第3节,4.5,0.8,-4.5,0.95,205.5,0.87,205.5,0.87,205.5,3.0,,,7.0,5.0,15.0,16.0,6.0,5.0,5.0,5.0,0.0,0.0,50.0,83.3,52.0,57.0,0.0,1,11.0,1.0,1.0,20180516025611.0,11077.0,1.7,0.47
29,,,,第3节,4.5,0.8,-4.5,0.95,205.5,0.87,205.5,0.87,205.5,3.0,,,7.0,5.0,16.0,16.0,6.0,5.0,5.0,5.0,0.0,0.0,50.0,83.3,59.0,57.0,0.0,1,11.0,1.0,1.0,20180516025611.0,11074.0,1.7,0.47
30,,,,第3节,4.5,0.87,-4.5,0.87,205.5,0.91,205.5,0.83,205.5,3.0,,,7.0,5.0,16.0,16.0,6.0,5.0,5.0,5.0,0.0,0.0,50.0,83.3,52.0,59.0,0.0,1,11.0,1.0,1.0,20180516025611.0,21077.0,0.0,0.0
31,,,,第3节,4.5,0.83,-5.5,0.91,205.5,0.83,205.5,0.91,-5.5,3.0,,,7.0,5.0,16.0,16.0,6.0,5.0,5.0,5.0,0.0,0.0,50.0,83.3,52.0,59.0,0.0,1,11.0,1.0,1.0,20180516025611.0,11077.0,0.0,0.0
32,,,,第3节,5.5,0.83,-5.5,0.91,205.5,0.83,205.5,0.91,5.5,3.0,,,7.0,5.0,17.0,16.0,6.0,5.0,5.0,5.0,0.0,0.0,50.0,83.3,61.0,59.0,0.0,1,11.0,1.0,1.0,20180516025611.0,11074.0,0.0,0.0
33,,,,第3节,5.5,0.83,-5.5,0.91,206.5,0.87,206.5,0.87,206.5,3.0,,,7.0,5.0,17.0,16.0,6.0,5.0,5.0,5.0,0.0,0.0,50.0,83.3,61.0,59.0,0.0,1,11.0,1.0,1.0,20180516025611.0,21077.0,0.0,0.0
34,,,,第3节,5.5,0.91,-5.5,0.83,206.5,0.87,206.5,0.87,206.5,3.0,,,7.0,5.0,17.0,16.0,6.0,5.0,5.0,5.0,0.0,0.0,50.0,83.3,52.0,61.0,0.0,1,11.0,1.0,1.0,20180516025611.0,21077.0,0.0,0.0
35,,,,第3节,5.5,0.91,-5.5,0.83,205.5,0.87,205.5,0.87,205.5,3.0,,,7.0,5.0,17.0,16.0,6.0,5.0,5.0,5.0,0.0,0.0,50.0,83.3,52.0,61.0,0.0,1,11.0,1.0,1.0,20180516025611.0,11077.0,0.0,0.0
36,,,,第3节,5.5,0.91,-5.5,0.87,205.5,0.87,205.5,0.87,205.5,3.0,,,7.0,5.0,17.0,16.0,6.0,5.0,5.0,5.0,0.0,0.0,50.0,83.3,52.0,61.0,0.0,1,11.0,1.0,1.0,20180516025611.0,11077.0,0.0,0.0
37,,,,第3节,5.5,0.87,-6.5,0.87,205.5,0.87,205.5,0.87,-6.5,3.0,,,7.0,5.0,17.0,16.0,6.0,5.0,5.0,5.0,0.0,0.0,50.0,83.3,52.0,61.0,0.0,1,11.0,1.0,1.0,20180516025611.0,11077.0,0.0,0.0
38,,,,第3节,6.5,0.87,-6.5,0.87,205.5,0.87,205.5,0.87,6.5,3.0,,,7.0,5.0,17.0,16.0,6.0,5.0,5.0,5.0,0.0,0.0,50.0,83.3,52.0,61.0,0.0,1,9.0,34.0,0.0,20180516025611.0,11077.0,0.0,0.0
39,,,,第3节,6.5,0.87,-6.5,0.87,204.5,0.83,204.5,0.91,204.5,3.0,,,7.0,5.0,17.0,16.0,6.0,5.0,5.0,5.0,0.0,0.0,50.0,83.3,52.0,61.0,0.0,1,9.0,34.0,0.0,20180516025611.0,11077.0,0.0,0.0
40,,,,第3节,6.5,0.87,-6.5,0.87,204.5,0.83,204.5,0.91,204.5,3.0,,,7.0,5.0,17.0,16.0,6.0,5.0,5.0,5.0,0.0,0.0,50.0,83.3,52.0,61.0,0.0,1,9.0,34.0,1.0,20180516025759.0,11077.0,0.0,0.0
41,,,,第3节,6.5,0.87,-6.5,0.87,203.5,0.91,203.5,0.83,203.5,3.0,,,7.0,5.0,17.0,16.0,6.0,5.0,5.0,5.0,0.0,0.0,50.0,83.3,52.0,61.0,0.0,1,9.0,34.0,1.0,20180516025759.0,21077.0,0.0,0.0
42,,,,第3节,6.5,0.87,-6.5,0.83,203.5,0.91,203.5,0.83,203.5,3.0,,,7.0,5.0,17.0,16.0,6.0,5.0,5.0,5.0,0.0,0.0,50.0,83.3,52.0,61.0,0.0,1,9.0,34.0,1.0,20180516025759.0,21077.0,0.0,0.0
43,,,,第3节,6.5,0.91,-5.5,0.83,203.5,0.91,203.5,0.83,-5.5,3.0,,,7.0,5.0,17.0,16.0,6.0,5.0,5.0,5.0,0.0,0.0,50.0,83.3,52.0,61.0,0.0,1,9.0,34.0,1.0,20180516025759.0,21077.0,0.0,0.0
44,,,,第3节,5.5,0.91,-5.5,0.83,203.5,0.91,203.5,0.83,5.5,3.0,,,7.0,5.0,17.0,16.0,6.0,5.0,5.0,5.0,0.0,0.0,50.0,83.3,52.0,61.0,0.0,1,9.0,29.0,0.0,20180516025759.0,21077.0,0.0,0.0
45,,,,第3节,5.5,0.91,-5.5,0.83,203.5,0.91,203.5,0.83,5.5,3.0,,,7.0,5.0,17.0,16.0,6.0,5.0,5.0,5.0,0.0,0.0,50.0,83.3,52.0,61.0,0.0,1,9.0,29.0,0.0,20180516025759.0,21077.0,0.0,0.0
46,,,,第3节,5.5,0.91,-5.5,0.83,203.5,0.91,203.5,0.83,5.5,3.0,,,7.0,5.0,17.0,16.0,6.0,5.0,5.0,5.0,0.0,0.0,50.0,83.3,52.0,61.0,0.0,1,9.0,29.0,1.0,20180516025815.0,21077.0,0.0,0.0
47,,,,第3节,5.5,0.91,-5.5,0.83,203.5,0.91,203.5,0.83,5.5,3.0,,,7.0,5.0,17.0,17.0,6.0,5.0,5.0,5.0,0.0,0.0,50.0,83.3,52.0,54.0,0.0,1,9.0,29.0,1.0,20180516025815.0,21074.0,0.0,0.0
48,,,,第3节,5.5,0.91,-5.5,0.83,204.5,0.91,204.5,0.83,204.5,3.0,,,7.0,5.0,17.0,17.0,6.0,5.0,5.0,5.0,0.0,0.0,50.0,83.3,54.0,61.0,0.0,1,9.0,29.0,1.0,20180516025815.0,11077.0,0.0,0.0
49,,,,第3节,5.5,0.87,-5.5,0.87,204.5,0.91,204.5,0.83,204.5,3.0,,,7.0,5.0,17.0,17.0,6.0,5.0,5.0,5.0,0.0,0.0,50.0,83.3,54.0,61.0,0.0,1,9.0,29.0,1.0,20180516025815.0,21077.0,0.0,0.0
50,,,,第3节,5.5,0.87,-4.5,0.87,204.5,0.91,203.5,0.87,-4.5,3.0,,,7.0,5.0,17.0,17.0,6.0,5.0,5.0,5.0,0.0,0.0,50.0,83.3,54.0,61.0,0.0,1,9.0,29.0,1.0,20180516025815.0,21077.0,0.0,0.0
51,,,,第3节,5.5,0.87,-4.5,0.87,203.5,0.87,203.5,0.87,203.5,3.0,,,7.0,5.0,17.0,17.0,6.0,5.0,5.0,5.0,0.0,0.0,50.0,83.3,54.0,61.0,0.0,1,9.0,29.0,1.0,20180516025815.0,21077.0,0.0,0.0
52,,,,第3节,5.5,0.87,-4.5,0.87,203.5,0.87,203.5,0.87,203.5,3.0,,,7.0,5.0,17.0,17.0,6.0,5.0,5.0,5.0,0.0,0.0,50.0,83.3,54.0,61.0,0.0,1,9.0,29.0,1.0,20180516025815.0,21077.0,0.0,0.0
53,,,,第3节,4.5,0.87,-4.5,0.87,203.5,0.87,203.5,0.87,4.5,3.0,,,7.0,5.0,17.0,18.0,6.0,5.0,5.0,5.0,0.0,0.0,50.0,83.3,54.0,56.0,0.0,1,9.0,29.0,1.0,20180516025815.0,21074.0,0.0,0.0
54,,,,第3节,4.5,0.87,-4.5,0.87,204.5,0.91,204.5,0.83,204.5,3.0,,,7.0,5.0,17.0,18.0,6.0,5.0,5.0,5.0,0.0,0.0,50.0,83.3,54.0,56.0,0.0,1,9.0,29.0,1.0,20180516025815.0,11077.0,0.0,0.0
55,,,,第3节,4.5,0.87,-4.5,0.87,204.5,0.91,204.5,0.83,204.5,3.0,,,7.0,5.0,17.0,18.0,6.0,5.0,5.0,5.0,0.0,0.0,50.0,83.3,56.0,61.0,0.0,1,9.0,29.0,1.0,20180516025815.0,11077.0,0.0,0.0
56,,,,第3节,4.5,0.87,-4.5,0.87,204.5,0.87,204.5,0.87,204.5,3.0,,,7.0,5.0,17.0,18.0,6.0,5.0,5.0,5.0,0.0,0.0,50.0,83.3,56.0,61.0,0.0,1,8.0,45.0,0.0,20180516025815.0,11077.0,0.0,0.0
57,,,,第3节,4.5,0.83,-4.5,0.91,204.5,0.87,204.5,0.87,204.5,3.0,,,7.0,5.0,17.0,18.0,6.0,5.0,5.0,5.0,0.0,0.0,50.0,83.3,56.0,61.0,0.0,1,8.0,45.0,0.0,20180516025815.0,11077.0,0.0,0.0
58,,,,第3节,4.5,0.83,-4.5,0.91,204.5,0.87,204.5,0.87,204.5,3.0,,,7.0,5.0,17.0,18.0,6.0,5.0,5.0,5.0,0.0,0.0,50.0,83.3,56.0,61.0,0.0,1,8.0,45.0,1.0,20180516030235.0,11077.0,0.0,0.0
59,,,,第3节,4.5,0.83,-4.5,0.91,203.5,0.87,203.5,0.87,203.5,3.0,,,7.0,5.0,17.0,18.0,6.0,5.0,5.0,5.0,0.0,0.0,50.0,83.3,56.0,61.0,0.0,1,8.0,45.0,1.0,20180516030235.0,21077.0,0.0,0.0
60,,,,第3节,4.5,0.83,-4.5,0.87,203.5,0.87,203.5,0.87,203.5,3.0,,,7.0,5.0,17.0,18.0,6.0,5.0,5.0,5.0,0.0,0.0,50.0,83.3,56.0,61.0,0.0,1,8.0,45.0,1.0,20180516030235.0,21077.0,0.0,0.0
61,,,,第3节,4.5,0.87,-3.5,0.87,203.5,0.87,203.5,0.87,-3.5,3.0,,,7.0,5.0,17.0,18.0,6.0,5.0,5.0,5.0,0.0,0.0,50.0,83.3,56.0,61.0,0.0,1,8.0,45.0,1.0,20180516030235.0,21077.0,0.0,0.0
62,,,,第3节,3.5,0.87,-3.5,0.87,203.5,0.87,203.5,0.87,3.5,3.0,,,7.0,6.0,17.0,18.0,6.0,5.0,5.0,5.0,0.0,0.0,50.0,83.3,56.0,59.0,0.0,1,8.0,45.0,1.0,20180516030235.0,21075.0,0.0,0.0
63,,,,第3节,3.5,0.87,-3.5,0.87,203.5,0.87,203.5,0.87,3.5,3.0,,,7.0,6.0,17.0,18.0,6.0,5.0,5.0,5.0,0.0,0.0,50.0,83.3,59.0,61.0,0.0,1,8.0,45.0,1.0,20180516030235.0,11077.0,0.0,0.0
64,,,,第3节,3.5,0.87,-3.5,0.87,205.5,0.87,205.5,0.87,205.5,3.0,,,7.0,6.0,17.0,18.0,6.0,5.0,5.0,5.0,0.0,0.0,50.0,83.3,59.0,61.0,0.0,1,8.0,45.0,1.0,20180516030235.0,11077.0,0.0,0.0
65,,,,第3节,3.5,0.87,-3.5,0.83,205.5,0.87,205.5,0.87,205.5,3.0,,,7.0,6.0,17.0,18.0,6.0,5.0,5.0,5.0,0.0,0.0,50.0,83.3,59.0,61.0,0.0,1,8.0,45.0,1.0,20180516030235.0,11077.0,0.0,0.0
66,,,,第3节,3.5,0.91,-2.5,0.83,205.5,0.87,205.5,0.87,-2.5,3.0,,,7.0,6.0,17.0,18.0,6.0,5.0,5.0,5.0,0.0,0.0,50.0,83.3,59.0,61.0,0.0,1,8.0,45.0,1.0,20180516030235.0,11077.0,0.0,0.0
67,,,,第3节,2.5,0.91,-2.5,0.83,205.5,0.87,205.5,0.87,2.5,3.0,,,8.0,6.0,17.0,18.0,6.0,5.0,5.0,5.0,0.0,0.0,50.0,83.3,64.0,61.0,0.0,1,8.0,45.0,1.0,20180516030235.0,11075.0,0.0,0.0
68,,,,第3节,2.5,0.91,-2.5,0.83,205.5,0.87,205.5,0.87,2.5,3.0,,,8.0,6.0,17.0,18.0,6.0,5.0,5.0,5.0,0.0,0.0,50.0,83.3,59.0,64.0,0.0,1,8.0,45.0,1.0,20180516030235.0,21077.0,0.0,0.0
69,,,,第3节,2.5,0.91,-2.5,0.83,207.5,0.87,207.5,0.87,207.5,3.0,,,8.0,6.0,17.0,18.0,6.0,5.0,5.0,5.0,0.0,0.0,50.0,83.3,59.0,64.0,0.0,1,8.0,45.0,1.0,20180516030235.0,21077.0,0.0,0.0
70,,,,第3节,2.5,0.91,-2.5,0.87,207.5,0.87,207.5,0.87,207.5,3.0,,,8.0,6.0,17.0,18.0,6.0,5.0,5.0,5.0,0.0,0.0,50.0,83.3,59.0,64.0,0.0,1,8.0,45.0,1.0,20180516030235.0,21077.0,0.0,0.0
71,,,,第3节,2.5,0.87,-3.5,0.87,207.5,0.87,207.5,0.87,-3.5,3.0,,,8.0,6.0,17.0,18.0,6.0,5.0,5.0,5.0,0.0,0.0,50.0,83.3,59.0,64.0,0.0,1,8.0,45.0,1.0,20180516030235.0,21077.0,0.0,0.0
72,,,,第3节,3.5,0.87,-3.5,0.87,207.5,0.87,207.5,0.87,3.5,3.0,,,8.0,6.0,17.0,18.0,6.0,5.0,5.0,5.0,0.0,0.0,50.0,83.3,59.0,64.0,0.0,1,8.0,45.0,1.0,20180516030235.0,11077.0,0.0,0.0
73,,,,第3节,3.5,0.87,-4.5,0.87,207.5,0.87,206.5,0.91,-4.5,3.0,,,8.0,6.0,17.0,18.0,6.0,5.0,5.0,5.0,0.0,0.0,50.0,83.3,59.0,64.0,0.0,1,8.0,45.0,1.0,20180516030235.0,11077.0,0.0,0.0
74,,,,第3节,3.5,0.87,-4.5,0.87,206.5,0.83,206.5,0.91,206.5,3.0,,,8.0,6.0,17.0,18.0,6.0,5.0,5.0,5.0,0.0,0.0,50.0,83.3,59.0,64.0,0.0,1,8.0,45.0,1.0,20180516030235.0,11077.0,0.0,0.0
75,,,,第3节,3.5,0.87,-4.5,0.87,206.5,0.83,206.5,0.91,206.5,3.0,,,8.0,6.0,17.0,18.0,6.0,5.0,5.0,5.0,0.0,0.0,50.0,83.3,59.0,64.0,0.0,1,8.0,45.0,1.0,20180516030235.0,11077.0,0.0,0.0
76,,,,第3节,4.5,0.87,-4.5,0.87,206.5,0.83,205.5,0.87,4.5,3.0,,,8.0,6.0,17.0,18.0,6.0,5.0,5.0,5.0,0.0,0.0,50.0,83.3,59.0,64.0,0.0,1,8.0,45.0,1.0,20180516030235.0,11077.0,0.0,0.0
77,,,,第3节,4.5,0.87,-4.5,0.87,206.5,0.83,205.5,0.87,205.5,3.0,,,8.0,6.0,17.0,18.0,6.0,5.0,5.0,5.0,0.0,0.0,50.0,83.3,59.0,64.0,0.0,1,7.0,34.0,0.0,20180516030235.0,11077.0,0.0,0.0
78,,,,第3节,4.5,0.87,-4.5,0.87,205.5,0.87,205.5,0.87,205.5,3.0,,,8.0,6.0,17.0,18.0,6.0,5.0,5.0,5.0,0.0,1.0,50.0,83.3,59.0,64.0,0.0,1,7.0,34.0,0.0,20180516030235.0,21086.0,0.0,0.0
79,,,,第3节,4.5,0.87,-4.5,0.87,205.5,0.87,205.5,0.87,205.5,3.0,,,8.0,6.0,17.0,18.0,6.0,5.0,5.0,5.0,0.0,1.0,50.0,83.3,59.0,64.0,0.0,1,7.0,34.0,1.0,20180516030414.0,11077.0,0.0,0.0
80,,,,第3节,4.5,0.87,-4.5,0.87,204.5,0.91,204.5,0.83,204.5,3.0,,,8.0,6.0,17.0,18.0,6.0,5.0,5.0,5.0,0.0,1.0,50.0,83.3,59.0,64.0,0.0,1,7.0,34.0,1.0,20180516030414.0,21077.0,0.0,0.0
81,,,,第3节,4.5,0.87,-4.5,0.87,204.5,0.91,204.5,0.83,204.5,3.0,,,8.0,6.0,17.0,18.0,6.0,5.0,5.0,5.0,0.0,1.0,50.0,83.3,59.0,64.0,0.0,1,7.0,34.0,1.0,20180516030414.0,21077.0,0.0,0.0
82,,,,第3节,4.5,0.87,-3.5,0.87,204.5,0.91,204.5,0.83,-3.5,3.0,,,8.0,6.0,17.0,18.0,6.0,5.0,5.0,5.0,0.0,1.0,50.0,83.3,59.0,64.0,0.0,1,7.0,34.0,1.0,20180516030414.0,21077.0,0.0,0.0
83,,,,第3节,3.5,0.87,-3.5,0.87,204.5,0.91,204.5,0.83,3.5,3.0,,,8.0,6.0,17.0,19.0,6.0,5.0,5.0,5.0,0.0,1.0,50.0,83.3,61.0,64.0,0.0,1,7.0,34.0,1.0,20180516030414.0,21074.0,0.0,0.0
84,,,,第3节,3.5,0.87,-2.5,0.91,204.5,0.91,205.5,0.83,-2.5,3.0,,,8.0,6.0,17.0,19.0,6.0,5.0,5.0,5.0,0.0,1.0,50.0,83.3,61.0,64.0,0.0,1,7.0,34.0,1.0,20180516030414.0,21074.0,0.0,0.0
85,,,,第3节,3.5,0.87,-2.5,0.91,205.5,0.91,205.5,0.83,205.5,3.0,,,8.0,6.0,17.0,19.0,6.0,5.0,5.0,5.0,0.0,1.0,50.0,83.3,61.0,64.0,0.0,1,7.0,34.0,1.0,20180516030414.0,21074.0,0.0,0.0
86,,,,第3节,3.5,0.83,-2.5,0.91,205.5,0.91,205.5,0.83,205.5,3.0,,,8.0,6.0,17.0,19.0,6.0,5.0,5.0,5.0,0.0,1.0,50.0,83.3,61.0,64.0,0.0,1,7.0,34.0,1.0,20180516030414.0,21074.0,0.0,0.0
87,,,,第3节,2.5,0.83,-2.5,0.91,205.5,0.91,205.5,0.83,2.5,3.0,,,8.0,6.0,17.0,19.0,6.0,5.0,5.0,5.0,0.0,1.0,50.0,83.3,61.0,64.0,0.0,1,7.0,34.0,1.0,20180516030414.0,11077.0,1.3,0.63
88,,,,第3节,2.5,0.83,-3.5,0.91,205.5,0.91,205.5,0.83,-3.5,3.0,,,8.0,6.0,17.0,19.0,6.0,5.0,5.0,5.0,0.0,1.0,50.0,83.3,61.0,64.0,0.0,1,7.0,34.0,1.0,20180516030414.0,11077.0,1.3,0.63
89,,,,第3节,3.5,0.83,-3.5,0.91,205.5,0.91,205.5,0.83,3.5,3.0,,,8.0,6.0,18.0,19.0,6.0,5.0,5.0,5.0,0.0,1.0,50.0,83.3,66.0,64.0,0.0,1,7.0,34.0,1.0,20180516030414.0,11074.0,0.0,0.0
90,,,,第3节,3.5,0.83,-3.5,0.91,205.5,0.91,205.5,0.83,3.5,3.0,,,8.0,6.0,18.0,19.0,6.0,5.0,5.0,5.0,0.0,1.0,50.0,83.3,61.0,66.0,0.0,1,7.0,34.0,1.0,20180516030414.0,21077.0,0.0,0.0
91,,,,第3节,3.5,0.83,-3.5,0.87,206.5,0.87,206.5,0.87,206.5,3.0,,,8.0,6.0,18.0,19.0,6.0,5.0,5.0,5.0,0.0,1.0,50.0,83.3,61.0,66.0,0.0,1,7.0,34.0,1.0,20180516030414.0,21077.0,0.0,0.0
92,,,,第3节,3.5,0.87,-3.5,0.87,206.5,0.87,206.5,0.87,206.5,3.0,,,8.0,7.0,18.0,19.0,6.0,5.0,5.0,5.0,0.0,1.0,50.0,83.3,61.0,64.0,0.0,1,7.0,34.0,1.0,20180516030414.0,21075.0,0.0,0.0
93,,,,第3节,3.5,0.87,-3.5,0.87,206.5,0.87,206.5,0.87,206.5,3.0,,,8.0,7.0,18.0,19.0,6.0,5.0,5.0,5.0,0.0,1.0,50.0,83.3,64.0,66.0,0.0,1,7.0,34.0,1.0,20180516030414.0,11077.0,0.0,0.0
94,,,,第3节,3.5,0.87,-2.5,0.87,206.5,0.87,208.5,0.87,-2.5,3.0,,,8.0,7.0,18.0,19.0,6.0,5.0,5.0,5.0,0.0,1.0,50.0,83.3,64.0,66.0,0.0,1,7.0,34.0,1.0,20180516030414.0,11077.0,0.0,0.0
95,,,,第3节,3.5,0.87,-2.5,0.87,208.5,0.87,208.5,0.87,208.5,3.0,,,8.0,7.0,18.0,19.0,6.0,5.0,5.0,5.0,0.0,1.0,50.0,83.3,64.0,66.0,0.0,1,7.0,34.0,1.0,20180516030414.0,11077.0,0.0,0.0
96,,,,第3节,3.5,0.87,-2.5,0.87,208.5,0.87,208.5,0.87,208.5,3.0,,,8.0,7.0,18.0,19.0,6.0,5.0,5.0,5.0,0.0,1.0,50.0,83.3,64.0,66.0,0.0,1,7.0,34.0,1.0,20180516030414.0,11077.0,0.0,0.0
97,,,,第3节,2.5,0.87,-2.5,0.87,208.5,0.87,207.5,0.91,2.5,3.0,,,8.0,7.0,18.0,19.0,6.0,5.0,5.0,5.0,0.0,1.0,50.0,83.3,64.0,66.0,0.0,1,7.0,34.0,1.0,20180516030414.0,21077.0,1.35,0.61
98,,,,第3节,2.5,0.87,-2.5,0.83,208.5,0.87,207.5,0.91,207.5,3.0,,,8.0,7.0,18.0,19.0,6.0,5.0,5.0,5.0,0.0,1.0,50.0,83.3,64.0,66.0,0.0,1,7.0,34.0,1.0,20180516030414.0,21077.0,1.35,0.61
99,,,,第3节,2.5,0.87,-1.5,0.83,207.5,0.83,207.5,0.91,-1.5,3.0,,,8.0,7.0,18.0,19.0,6.0,5.0,5.0,5.0,0.0,1.0,50.0,83.3,64.0,66.0,0.0,1,7.0,34.0,1.0,20180516030414.0,21077.0,1.35,0.61
100,,,,第3节,2.5,0.91,-1.5,0.83,207.5,0.83,207.5,0.91,207.5,3.0,,,8.0,7.0,18.0,19.0,6.0,5.0,5.0,5.0,0.0,1.0,50.0,83.3,64.0,66.0,0.0,1,7.0,34.0,1.0,20180516030414.0,21077.0,1.35,0.61
101,,,,第3节,1.5,0.91,-1.5,0.83,207.5,0.83,206.5,0.87,1.5,3.0,,,8.0,7.0,18.0,19.0,6.0,5.0,5.0,5.0,0.0,1.0,50.0,83.3,64.0,66.0,0.0,1,7.0,34.0,1.0,20180516030414.0,21077.0,1.1,0.71
102,,,,第3节,1.5,0.91,-1.5,0.83,206.5,0.87,206.5,0.87,206.5,3.0,,,8.0,7.0,18.0,19.0,6.0,5.0,5.0,5.0,0.0,1.0,50.0,83.3,64.0,66.0,0.0,1,7.0,34.0,1.0,20180516030414.0,21077.0,1.1,0.71
103,,,,第3节,1.5,0.91,-1.5,0.83,206.5,0.87,206.5,0.87,206.5,3.0,,,8.0,7.0,18.0,19.0,6.0,5.0,5.0,5.0,0.0,1.0,50.0,83.3,64.0,66.0,0.0,1,6.0,12.0,0.0,20180516030414.0,21077.0,1.1,0.71
104,,,,第3节,1.5,0.91,-1.5,0.83,206.5,0.87,206.5,0.87,206.5,3.0,,,8.0,7.0,18.0,19.0,6.0,5.0,5.0,5.0,1.0,1.0,50.0,83.3,64.0,66.0,0.0,1,6.0,12.0,0.0,20180516030414.0,11086.0,1.1,0.71
105,,,,第3节,1.5,0.91,-1.5,0.83,206.5,0.87,206.5,0.87,206.5,3.0,,,8.0,7.0,18.0,19.0,6.0,5.0,5.0,5.0,1.0,1.0,50.0,83.3,64.0,66.0,0.0,1,6.0,12.0,0.0,20180516030414.0,21077.0,1.1,0.71
106,,,,第3节,1.5,0.91,-1.5,0.83,208.5,0.83,208.5,0.91,208.5,3.0,1:2,,8.0,7.0,18.0,19.0,6.0,5.0,5.0,5.0,1.0,1.0,50.0,83.3,64.0,66.0,0.0,1,6.0,12.0,0.0,20180516030414.0,21078.0,1.1,0.71
107,,,,第3节,1.5,0.91,-1.5,0.95,208.5,0.83,208.5,0.91,208.5,3.0,1:2,,8.0,7.0,18.0,19.0,6.0,5.0,5.0,5.0,1.0,1.0,50.0,83.3,64.0,66.0,0.0,1,6.0,12.0,0.0,20180516030414.0,21078.0,1.15,0.69
108,,,,第3节,1.5,0.8,-2.5,0.95,208.5,0.83,208.5,0.91,-2.5,3.0,1:2,,8.0,7.0,18.0,19.0,6.0,5.0,5.0,5.0,1.0,1.0,50.0,83.3,64.0,66.0,0.0,1,6.0,12.0,0.0,20180516030414.0,21078.0,1.15,0.69
109,,,,第3节,2.5,0.8,-2.5,0.95,208.5,0.83,208.5,0.91,2.5,3.0,1:2,,8.0,7.0,18.0,19.0,6.0,6.0,5.0,5.0,1.0,1.0,50.0,85.7,64.0,65.0,0.0,1,6.0,12.0,0.0,20180516030414.0,21079.0,1.2,0.66
110,,,,第3节,2.5,0.8,-2.5,0.95,208.5,0.83,208.5,0.91,2.5,3.0,2:2,,8.0,7.0,18.0,19.0,6.0,6.0,5.0,5.0,1.0,1.0,50.0,85.7,65.0,66.0,0.0,1,6.0,12.0,0.0,20180516030414.0,21078.0,1.2,0.66
111,,,,第3节,2.5,0.95,-1.5,0.8,208.5,0.87,208.5,0.87,-1.5,3.0,2:2,,8.0,7.0,18.0,19.0,6.0,6.0,5.0,5.0,1.0,1.0,50.0,85.7,65.0,66.0,0.0,1,6.0,12.0,0.0,20180516030414.0,21078.0,1.2,0.66
112,,,,第3节,1.5,0.95,-1.5,0.8,208.5,0.87,208.5,0.87,1.5,3.0,2:2,,8.0,7.0,18.0,19.0,6.0,6.0,5.0,5.0,1.0,1.0,50.0,85.7,66.0,66.0,0.0,1,6.0,12.0,0.0,20180516030414.0,21078.0,1.15,0.69
113,,,,第3节,1.5,0.95,-1.5,0.87,209.5,0.83,209.5,0.91,209.5,3.0,2:2,,8.0,7.0,18.0,19.0,6.0,6.0,5.0,5.0,1.0,1.0,50.0,85.7,66.0,66.0,0.0,1,6.0,12.0,0.0,20180516030414.0,21078.0,1.15,0.69
114,,,,第3节,1.5,0.87,-1.5,0.83,209.5,0.83,208.5,0.87,209.5,3.0,2:2,,8.0,7.0,18.0,19.0,6.0,7.0,5.0,5.0,1.0,1.0,50.0,87.5,66.0,66.0,0.0,1,6.0,12.0,0.0,20180516030414.0,21079.0,1.05,0.74
115,,,,第3节,1.5,0.87,-1.5,0.83,208.5,0.87,208.5,0.87,208.5,3.0,2:2,,8.0,7.0,18.0,19.0,6.0,7.0,5.0,5.0,1.0,1.0,50.0,87.5,66.0,66.0,0.0,1,6.0,12.0,0.0,20180516030414.0,21079.0,1.05,0.74
116,,,,第3节,1.5,0.91,-1.5,0.83,208.5,0.87,208.5,0.87,208.5,3.0,,,8.0,7.0,18.0,19.0,6.0,7.0,5.0,5.0,1.0,1.0,50.0,87.5,66.0,66.0,0.0,1,6.0,12.0,1.0,20180516030626.0,11077.0,1.15,0.69
117,,,,第3节,1.5,0.91,-1.5,0.95,207.5,0.87,207.5,0.87,207.5,3.0,,,8.0,7.0,18.0,19.0,6.0,7.0,5.0,5.0,1.0,1.0,50.0,87.5,66.0,66.0,0.0,1,6.0,12.0,1.0,20180516030626.0,21077.0,1.15,0.69
118,,,,第3节,1.5,0.8,-1.5,0.83,207.5,0.87,206.5,0.83,207.5,3.0,,,8.0,7.0,18.0,19.0,6.0,7.0,5.0,5.0,1.0,1.0,50.0,87.5,66.0,66.0,0.0,1,6.0,12.0,1.0,20180516030626.0,11077.0,0.91,0.83
119,,,,第3节,1.5,0.8,-1.5,0.83,206.5,0.91,206.5,0.83,206.5,3.0,,,8.0,7.0,18.0,19.0,6.0,7.0,5.0,5.0,1.0,1.0,50.0,87.5,66.0,66.0,0.0,1,6.0,12.0,1.0,20180516030626.0,11077.0,0.91,0.83
120,,,,第3节,1.5,0.91,-1.5,0.83,206.5,0.91,206.5,0.83,206.5,3.0,,,9.0,7.0,18.0,19.0,6.0,7.0,5.0,5.0,1.0,1.0,50.0,87.5,69.0,66.0,0.0,1,6.0,12.0,1.0,20180516030626.0,11075.0,1.15,0.69
121,,,,第3节,1.5,0.91,-1.5,0.83,206.5,0.91,206.5,0.83,206.5,3.0,,,9.0,7.0,18.0,19.0,6.0,7.0,5.0,5.0,1.0,1.0,50.0,87.5,66.0,69.0,0.0,1,6.0,12.0,1.0,20180516030626.0,21077.0,1.15,0.69
122,,,,第3节,1.5,0.91,-1.5,0.87,206.5,0.91,209.5,0.91,209.5,3.0,,,9.0,7.0,18.0,19.0,6.0,7.0,5.0,5.0,1.0,1.0,50.0,87.5,66.0,69.0,0.0,1,6.0,12.0,1.0,20180516030626.0,21077.0,1.15,0.69
123,,,,第3节,1.5,0.91,-2.5,0.87,209.5,0.83,209.5,0.91,-2.5,3.0,,,9.0,7.0,18.0,19.0,6.0,7.0,5.0,5.0,1.0,1.0,50.0,87.5,66.0,69.0,0.0,1,6.0,12.0,1.0,20180516030626.0,21077.0,1.15,0.69
124,,,,第3节,1.5,0.87,-2.5,0.87,209.5,0.83,209.5,0.91,209.5,3.0,,,9.0,7.0,18.0,19.0,6.0,7.0,5.0,5.0,1.0,1.0,50.0,87.5,66.0,69.0,0.0,1,6.0,12.0,1.0,20180516030626.0,21077.0,1.15,0.69
125,,,,第3节,2.5,0.87,-2.5,0.87,209.5,0.83,209.5,0.91,2.5,3.0,,,9.0,7.0,18.0,20.0,6.0,7.0,5.0,5.0,1.0,1.0,50.0,87.5,66.0,68.0,0.0,1,6.0,12.0,1.0,20180516030626.0,21074.0,1.35,0.61
126,,,,第3节,2.5,0.87,-2.5,0.87,209.5,0.83,209.5,0.91,2.5,3.0,,,9.0,7.0,18.0,20.0,6.0,7.0,5.0,5.0,1.0,1.0,50.0,87.5,68.0,69.0,0.0,1,6.0,12.0,1.0,20180516030626.0,11077.0,1.35,0.61
127,,,,第3节,2.5,0.83,-1.5,0.91,209.5,0.87,209.5,0.87,-1.5,3.0,,,9.0,7.0,18.0,20.0,6.0,7.0,5.0,5.0,1.0,1.0,50.0,87.5,68.0,69.0,0.0,1,6.0,12.0,1.0,20180516030626.0,11077.0,1.3,0.63
128,,,,第3节,1.5,0.83,-1.5,0.91,209.5,0.87,209.5,0.87,1.5,3.0,,,9.0,7.0,18.0,20.0,6.0,7.0,5.0,5.0,1.0,1.0,50.0,87.5,68.0,69.0,0.0,1,5.0,14.0,0.0,20180516030626.0,11077.0,1.0,0.77
129,,,,第3节,1.5,0.83,-1.5,0.91,209.5,0.87,209.5,0.87,1.5,3.0,,,9.0,7.0,18.0,20.0,6.0,7.0,5.0,5.0,2.0,1.0,50.0,87.5,68.0,69.0,0.0,1,5.0,14.0,0.0,20180516030626.0,11086.0,1.0,0.77
130,,,,第3节,1.5,0.83,-1.5,0.83,210.5,0.83,210.5,0.91,210.5,3.0,,,9.0,7.0,18.0,20.0,6.0,7.0,5.0,5.0,2.0,1.0,50.0,87.5,68.0,69.0,0.0,1,5.0,14.0,0.0,20180516030626.0,21077.0,1.0,0.77
131,,,,第3节,1.5,0.91,-1.5,0.83,210.5,0.83,210.5,0.91,210.5,3.0,1:1,,9.0,7.0,18.0,20.0,6.0,7.0,5.0,5.0,2.0,1.0,50.0,87.5,68.0,69.0,0.0,1,5.0,14.0,0.0,20180516030626.0,21078.0,1.15,0.69
132,,,,第3节,1.5,0.91,-1.5,0.83,210.5,0.83,210.5,0.91,210.5,3.0,1:1,,9.0,7.0,18.0,20.0,6.0,8.0,5.0,5.0,2.0,1.0,50.0,88.9,69.0,69.0,0.0,1,5.0,14.0,0.0,20180516030626.0,21079.0,1.0,0.77
133,,,,第3节,1.5,0.87,-1.5,0.87,210.5,0.87,210.5,0.87,210.5,3.0,,,9.0,7.0,18.0,20.0,6.0,8.0,5.0,5.0,2.0,1.0,50.0,88.9,69.0,69.0,0.0,1,5.0,14.0,1.0,20180516030837.0,11077.0,1.0,0.77
134,,,,第3节,1.5,0.87,-1.5,0.87,210.5,0.8,210.5,0.95,210.5,3.0,,,9.0,7.0,19.0,20.0,6.0,8.0,5.0,5.0,2.0,1.0,50.0,88.9,71.0,69.0,0.0,1,5.0,14.0,1.0,20180516030837.0,11074.0,0.95,0.8
135,,,,第3节,1.5,0.87,-1.5,0.87,210.5,0.8,210.5,0.95,210.5,3.0,,,9.0,7.0,19.0,20.0,6.0,8.0,5.0,5.0,2.0,1.0,50.0,88.9,69.0,71.0,0.0,1,5.0,14.0,1.0,20180516030837.0,21077.0,0.95,0.8
136,,,,第3节,1.5,0.87,-1.5,0.83,211.5,0.83,211.5,0.91,211.5,3.0,,,9.0,7.0,19.0,20.0,6.0,8.0,5.0,5.0,2.0,1.0,50.0,88.9,69.0,71.0,0.0,1,5.0,14.0,1.0,20180516030837.0,21077.0,0.95,0.8
137,,,,第3节,1.5,0.91,-1.5,0.83,211.5,0.83,210.5,0.83,211.5,3.0,,,9.0,7.0,19.0,20.0,6.0,8.0,5.0,5.0,2.0,1.0,50.0,88.9,69.0,71.0,0.0,1,5.0,14.0,1.0,20180516030837.0,21077.0,1.15,0.69
138,,,,第3节,1.5,0.91,-1.5,0.83,210.5,0.91,210.5,0.83,210.5,3.0,,,9.0,7.0,19.0,20.0,6.0,8.0,5.0,5.0,2.0,1.0,50.0,88.9,69.0,71.0,0.0,1,5.0,14.0,1.0,20180516030837.0,21077.0,1.15,0.69
139,,,,第3节,1.5,0.91,-1.5,0.83,210.5,0.83,210.5,0.91,210.5,3.0,,,9.0,7.0,19.0,20.0,6.0,8.0,5.0,5.0,2.0,1.0,50.0,88.9,69.0,71.0,0.0,1,4.0,39.0,0.0,20180516030837.0,21077.0,1.15,0.69
140,,,,第3节,1.5,0.91,-1.5,0.83,210.5,0.83,210.5,0.91,210.5,3.0,,,9.0,7.0,19.0,20.0,6.0,8.0,5.0,5.0,3.0,1.0,50.0,88.9,69.0,71.0,0.0,1,4.0,39.0,0.0,20180516030837.0,11086.0,1.15,0.69
141,,,,第3节,1.5,0.91,-1.5,0.83,210.5,0.83,210.5,0.91,210.5,3.0,,,9.0,7.0,19.0,20.0,6.0,8.0,5.0,5.0,3.0,1.0,50.0,88.9,69.0,71.0,0.0,1,4.0,39.0,1.0,20180516030944.0,21077.0,1.15,0.69
142,,,,第3节,1.5,0.91,-1.5,0.83,210.5,0.83,210.5,0.91,210.5,3.0,,,9.0,8.0,19.0,20.0,6.0,8.0,5.0,5.0,3.0,1.0,50.0,88.9,72.0,71.0,0.0,1,4.0,39.0,1.0,20180516030944.0,21075.0,1.15,0.69
143,,,,第3节,1.5,0.91,-1.5,0.83,212.5,0.87,212.5,0.87,212.5,3.0,,,9.0,8.0,19.0,20.0,6.0,8.0,5.0,5.0,3.0,1.0,50.0,88.9,72.0,71.0,0.0,1,4.0,39.0,1.0,20180516030944.0,21075.0,1.15,0.69
144,,,,第3节,1.5,0.91,-1.5,0.8,212.5,0.87,212.5,0.87,212.5,3.0,,,9.0,8.0,19.0,20.0,6.0,8.0,5.0,5.0,3.0,1.0,50.0,88.9,72.0,71.0,0.0,1,4.0,39.0,1.0,20180516030944.0,21075.0,1.15,0.69
145,,,,第3节,1.5,0.95,1.5,0.8,212.5,0.87,212.5,0.87,1.5,3.0,,,9.0,8.0,19.0,20.0,6.0,8.0,5.0,5.0,3.0,1.0,50.0,88.9,72.0,71.0,0.0,1,4.0,39.0,1.0,20180516030944.0,21075.0,1.15,0.69
146,,,,第3节,-1.5,0.95,1.5,1.0,212.5,0.87,212.5,0.87,-1.5,3.0,,,9.0,8.0,19.0,20.0,6.0,8.0,5.0,5.0,3.0,1.0,50.0,88.9,72.0,71.0,0.0,1,4.0,39.0,1.0,20180516030944.0,11077.0,0.8,0.95
147,,,,第3节,-1.5,0.77,-1.5,1.0,212.5,0.87,212.5,0.87,-1.5,3.0,,,9.0,8.0,19.0,20.0,6.0,8.0,5.0,5.0,3.0,1.0,50.0,88.9,72.0,71.0,0.0,1,4.0,39.0,1.0,20180516030944.0,11077.0,0.8,0.95
148,,,,第3节,1.5,0.77,-1.5,0.8,212.5,0.87,212.5,0.87,1.5,3.0,,,9.0,8.0,19.0,20.0,6.0,8.0,5.0,5.0,3.0,1.0,50.0,88.9,72.0,71.0,0.0,1,4.0,39.0,1.0,20180516030944.0,21077.0,0.91,0.83
149,,,,第3节,1.5,0.77,1.5,0.8,212.5,0.87,211.5,0.91,1.5,3.0,,,9.0,8.0,19.0,20.0,6.0,8.0,5.0,5.0,3.0,1.0,50.0,88.9,72.0,71.0,0.0,1,4.0,39.0,1.0,20180516030944.0,21077.0,0.91,0.83
150,,,,第3节,1.5,0.77,1.5,0.8,211.5,0.83,211.5,0.91,211.5,3.0,,,9.0,8.0,19.0,20.0,6.0,8.0,5.0,5.0,3.0,1.0,50.0,88.9,72.0,71.0,0.0,1,4.0,39.0,1.0,20180516030944.0,21077.0,0.91,0.83
151,,,,第3节,1.5,0.95,1.5,0.8,211.5,0.83,211.5,0.91,211.5,3.0,,,9.0,8.0,19.0,20.0,6.0,8.0,5.0,5.0,3.0,1.0,50.0,88.9,72.0,71.0,0.0,1,4.0,39.0,1.0,20180516030944.0,21077.0,0.91,0.83
152,,,,第3节,-1.5,0.95,1.5,0.8,211.5,0.83,211.5,0.91,-1.5,3.0,,,9.0,8.0,19.0,21.0,6.0,8.0,5.0,5.0,3.0,1.0,50.0,88.9,72.0,74.0,0.0,1,4.0,39.0,1.0,20180516030944.0,21074.0,0.8,0.95
153,,,,第3节,-1.5,0.95,1.5,0.8,211.5,0.83,211.5,0.91,-1.5,3.0,,,9.0,8.0,19.0,21.0,6.0,8.0,5.0,5.0,3.0,1.0,50.0,88.9,74.0,71.0,0.0,1,4.0,39.0,1.0,20180516030944.0,11077.0,0.8,0.95
154,,,,第3节,-1.5,0.95,1.5,0.87,212.5,0.91,212.5,0.83,212.5,3.0,,,9.0,8.0,19.0,21.0,6.0,8.0,5.0,5.0,3.0,1.0,50.0,88.9,74.0,71.0,0.0,1,4.0,39.0,1.0,20180516030944.0,11077.0,0.8,0.95
155,,,,第3节,-1.5,0.87,1.5,0.87,212.5,0.91,212.5,0.83,212.5,3.0,,,9.0,8.0,19.0,21.0,6.0,8.0,5.0,5.0,3.0,1.0,50.0,88.9,74.0,71.0,0.0,1,4.0,1.0,0.0,20180516030944.0,11077.0,0.74,1.05
156,44.0,5.0,,第3节,-1.5,0.87,1.5,0.87,212.5,0.87,212.5,0.87,212.5,3.0,,,9.0,8.0,19.0,21.0,6.0,8.0,4.0,5.0,3.0,1.0,50.0,88.9,74.0,71.0,0.0,1,4.0,1.0,0.0,20180516030944.0,11081.0,0.74,1.05
157,44.0,5.0,,第3节,-1.5,0.87,1.5,0.87,212.5,0.87,212.5,0.87,212.5,3.0,,,9.0,8.0,19.0,21.0,6.0,8.0,4.0,5.0,3.0,1.0,50.0,88.9,74.0,71.0,0.0,1,4.0,1.0,1.0,20180516031404.0,11081.0,0.74,1.05
158,44.0,5.0,,第3节,-1.5,0.87,1.5,0.87,212.5,0.87,212.5,0.87,212.5,3.0,,,9.0,8.0,20.0,21.0,6.0,8.0,4.0,5.0,3.0,1.0,50.0,88.9,74.0,73.0,0.0,1,4.0,1.0,1.0,20180516031404.0,11074.0,0.74,1.05
159,44.0,5.0,,第3节,-1.5,0.87,1.5,0.8,213.5,0.87,213.5,0.87,213.5,3.0,,,9.0,8.0,20.0,21.0,6.0,8.0,4.0,5.0,3.0,1.0,50.0,88.9,74.0,73.0,0.0,1,4.0,1.0,1.0,20180516031404.0,11074.0,0.74,1.05
160,44.0,5.0,,第3节,-1.5,0.95,1.5,0.8,213.5,0.87,213.5,0.87,213.5,3.0,,,9.0,8.0,20.0,21.0,6.0,8.0,4.0,5.0,3.0,1.0,50.0,88.9,74.0,73.0,0.0,1,3.0,50.0,0.0,20180516031404.0,21077.0,0.8,0.95
161,44.0,5.0,,第3节,-1.5,0.77,-1.5,1.0,213.5,0.87,213.5,0.87,-1.5,3.0,,,9.0,8.0,20.0,21.0,6.0,8.0,4.0,5.0,3.0,1.0,50.0,88.9,74.0,73.0,0.0,1,3.0,50.0,0.0,20180516031404.0,21077.0,0.8,0.95
162,44.0,5.0,,第3节,1.5,0.77,-1.5,1.0,213.5,0.87,213.5,0.87,1.5,3.0,,,9.0,8.0,20.0,21.0,6.0,8.0,4.0,5.0,3.0,2.0,50.0,88.9,74.0,73.0,0.0,1,3.0,50.0,0.0,20180516031404.0,21086.0,0.91,0.83
163,44.0,5.0,,第3节,1.5,0.77,-1.5,1.0,213.5,0.87,213.5,0.87,1.5,3.0,,,9.0,8.0,20.0,21.0,6.0,8.0,4.0,5.0,3.0,2.0,50.0,88.9,74.0,73.0,0.0,1,3.0,50.0,0.0,20180516031404.0,11077.0,0.91,0.83
164,44.0,5.0,,第3节,1.5,0.77,-1.5,0.74,213.5,0.87,214.5,0.87,214.5,3.0,1:1,,9.0,8.0,20.0,21.0,6.0,8.0,4.0,5.0,3.0,2.0,50.0,88.9,74.0,73.0,0.0,1,3.0,50.0,0.0,20180516031404.0,11078.0,0.91,0.83
165,44.0,5.0,,第3节,1.5,0.77,1.5,0.74,214.5,0.87,214.5,0.87,1.5,3.0,1:1,,9.0,8.0,20.0,21.0,6.0,8.0,4.0,5.0,3.0,2.0,50.0,88.9,74.0,73.0,0.0,1,3.0,50.0,0.0,20180516031404.0,11078.0,0.91,0.83
166,44.0,5.0,,第3节,1.5,1.05,1.5,0.74,214.5,0.87,214.5,0.87,214.5,3.0,1:1,,9.0,8.0,20.0,21.0,6.0,8.0,4.0,5.0,3.0,2.0,50.0,88.9,74.0,73.0,0.0,1,3.0,50.0,0.0,20180516031404.0,11078.0,0.91,0.83
167,44.0,5.0,,第3节,-1.5,1.05,1.5,0.74,214.5,0.87,214.5,0.87,-1.5,3.0,1:1,,9.0,8.0,20.0,21.0,7.0,8.0,4.0,5.0,3.0,2.0,53.8,88.9,74.0,74.0,0.0,1,3.0,50.0,0.0,20180516031404.0,11079.0,0.87,0.87
168,44.0,5.0,,第3节,-1.5,0.74,-1.5,1.05,214.5,0.87,214.5,0.87,-1.5,3.0,1:1,,9.0,8.0,20.0,21.0,7.0,8.0,4.0,5.0,3.0,2.0,53.8,88.9,74.0,74.0,0.0,1,3.0,50.0,0.0,20180516031404.0,11079.0,0.87,0.87
169,44.0,5.0,,第3节,1.5,0.74,-1.5,1.05,214.5,0.87,214.5,0.87,1.5,3.0,,,9.0,8.0,20.0,21.0,7.0,8.0,4.0,5.0,3.0,2.0,53.8,88.9,74.0,74.0,0.0,1,3.0,50.0,1.0,20180516031455.0,21077.0,0.87,0.87
170,44.0,5.0,,第3节,1.5,0.74,-1.5,1.05,214.5,0.87,214.5,0.87,1.5,3.0,,,9.0,8.0,20.0,22.0,7.0,8.0,4.0,5.0,3.0,2.0,53.8,88.9,76.0,74.0,0.0,1,3.0,50.0,1.0,20180516031455.0,21074.0,0.87,0.87
171,44.0,5.0,,第3节,1.5,0.74,1.5,0.91,214.5,0.87,215.5,0.8,1.5,3.0,,,9.0,8.0,20.0,22.0,7.0,8.0,4.0,5.0,3.0,2.0,53.8,88.9,76.0,74.0,0.0,1,3.0,50.0,1.0,20180516031455.0,21074.0,0.87,0.87
172,44.0,5.0,,第3节,1.5,0.74,1.5,0.91,215.5,0.95,215.5,0.8,215.5,3.0,,,9.0,8.0,20.0,22.0,7.0,8.0,4.0,5.0,3.0,2.0,53.8,88.9,76.0,74.0,0.0,1,3.0,50.0,1.0,20180516031455.0,21074.0,0.87,0.87
173,44.0,5.0,,第3节,1.5,0.83,1.5,0.91,215.5,0.95,215.5,0.8,215.5,3.0,,,9.0,8.0,20.0,22.0,7.0,8.0,4.0,5.0,3.0,2.0,53.8,88.9,76.0,74.0,0.0,1,3.0,50.0,1.0,20180516031455.0,21074.0,0.87,0.87
174,44.0,5.0,,第3节,-1.5,1.0,1.5,0.77,215.5,0.95,215.5,0.8,-1.5,3.0,,,9.0,8.0,20.0,22.0,7.0,8.0,4.0,5.0,3.0,2.0,53.8,88.9,76.0,74.0,0.0,1,3.0,50.0,1.0,20180516031455.0,11077.0,0.71,1.1
175,44.0,5.0,,第3节,-1.5,1.0,1.5,0.91,214.5,0.91,214.5,0.83,214.5,3.0,,,9.0,8.0,20.0,22.0,7.0,8.0,4.0,5.0,3.0,2.0,53.8,88.9,76.0,74.0,0.0,1,3.0,50.0,1.0,20180516031455.0,21077.0,0.83,0.91
176,44.0,5.0,,第3节,-1.5,0.83,1.5,0.91,214.5,0.91,214.5,0.83,214.5,3.0,,,9.0,8.0,20.0,22.0,7.0,8.0,4.0,5.0,3.0,2.0,53.8,88.9,76.0,74.0,0.0,1,3.0,26.0,0.0,20180516031455.0,21077.0,0.69,1.15
177,44.0,5.0,,第3节,-1.5,0.83,1.5,0.91,214.5,0.91,214.5,0.83,214.5,3.0,,,9.0,8.0,20.0,22.0,7.0,8.0,4.0,5.0,3.0,2.0,53.8,88.9,76.0,74.0,0.0,1,3.0,26.0,0.0,20180516031455.0,21077.0,0.69,1.15
178,44.0,5.0,,第3节,-1.5,0.83,1.5,0.91,214.5,0.91,214.5,0.83,214.5,3.0,,,9.0,8.0,20.0,22.0,7.0,8.0,4.0,5.0,3.0,2.0,53.8,88.9,76.0,74.0,0.0,1,3.0,26.0,1.0,20180516031531.0,21077.0,0.69,1.15
179,44.0,5.0,,第3节,-1.5,0.83,1.5,0.91,213.5,0.91,213.5,0.83,213.5,3.0,,,9.0,8.0,20.0,22.0,7.0,8.0,4.0,5.0,3.0,2.0,53.8,88.9,76.0,74.0,0.0,1,3.0,26.0,1.0,20180516031531.0,11077.0,0.69,1.15
180,44.0,5.0,,第3节,-1.5,1.0,1.5,0.77,213.5,0.91,213.5,0.83,213.5,3.0,,,9.0,8.0,20.0,22.0,7.0,8.0,4.0,5.0,3.0,2.0,53.8,88.9,76.0,74.0,0.0,1,3.0,26.0,1.0,20180516031531.0,21077.0,0.83,0.91
181,44.0,5.0,,第3节,-1.5,0.8,2.5,0.95,213.5,0.91,213.5,0.83,2.5,3.0,,,9.0,8.0,20.0,22.0,7.0,8.0,4.0,5.0,3.0,2.0,53.8,88.9,76.0,74.0,0.0,1,3.0,26.0,1.0,20180516031531.0,21077.0,0.83,0.91
182,44.0,5.0,,第3节,-2.5,0.8,2.5,0.95,213.5,0.91,213.5,0.83,-2.5,3.0,,,9.0,8.0,20.0,22.0,7.0,8.0,4.0,5.0,3.0,2.0,53.8,88.9,76.0,74.0,0.0,1,3.0,26.0,1.0,20180516031531.0,21077.0,0.83,0.91
183,44.0,5.0,,第3节,-2.5,0.8,3.5,0.95,213.5,0.91,213.5,0.83,3.5,3.0,,,9.0,8.0,20.0,22.0,7.0,8.0,4.0,5.0,3.0,2.0,53.8,88.9,76.0,74.0,0.0,1,3.0,26.0,1.0,20180516031531.0,21077.0,0.83,0.91
184,44.0,5.0,,第3节,-3.5,0.95,3.5,0.8,213.5,0.91,213.5,0.83,-3.5,3.0,,,9.0,8.0,20.0,22.0,7.0,8.0,4.0,5.0,3.0,2.0,53.8,88.9,76.0,74.0,0.0,1,3.0,26.0,1.0,20180516031531.0,11077.0,0.83,0.91
185,44.0,5.0,,第3节,-3.5,0.95,3.5,0.8,213.5,0.91,213.5,0.83,-3.5,3.0,,,10.0,8.0,20.0,22.0,7.0,8.0,4.0,5.0,3.0,2.0,53.8,88.9,77.0,74.0,0.0,1,3.0,26.0,1.0,20180516031531.0,11075.0,0.83,0.91
186,44.0,5.0,,第3节,-3.5,0.95,3.5,0.8,213.5,0.91,213.5,0.83,-3.5,3.0,,,10.0,8.0,20.0,22.0,7.0,8.0,4.0,5.0,3.0,2.0,53.8,88.9,79.0,77.0,0.0,1,3.0,26.0,1.0,20180516031531.0,21077.0,0.83,0.91
187,44.0,5.0,,第3节,-3.5,0.8,1.5,0.95,213.5,0.91,213.5,0.83,1.5,3.0,,,10.0,8.0,20.0,22.0,7.0,8.0,4.0,5.0,3.0,2.0,53.8,88.9,79.0,77.0,0.0,1,3.0,26.0,1.0,20180516031531.0,21077.0,0.83,0.91
188,44.0,5.0,,第3节,-1.5,0.8,1.5,0.95,213.5,0.91,213.5,0.83,-1.5,3.0,,,10.0,8.0,20.0,22.0,7.0,8.0,4.0,5.0,3.0,2.0,53.8,88.9,79.0,77.0,0.0,1,1.0,30.0,0.0,20180516031531.0,21077.0,0.83,0.91
189,44.0,5.0,,第3节,-1.5,0.8,1.5,0.95,213.5,0.91,213.5,0.83,-1.5,3.0,,,10.0,8.0,20.0,22.0,7.0,8.0,4.0,4.0,3.0,2.0,53.8,88.9,79.0,77.0,0.0,1,1.0,30.0,0.0,20180516031531.0,21081.0,0.83,0.91
190,44.0,5.0,,第3节,-1.5,0.8,1.5,0.95,213.5,0.91,213.5,0.83,-1.5,3.0,,,10.0,8.0,20.0,22.0,7.0,8.0,4.0,4.0,3.0,2.0,53.8,88.9,79.0,77.0,0.0,1,1.0,30.0,1.0,20180516031916.0,21081.0,0.83,0.91
191,44.0,5.0,,第3节,-1.5,0.91,3.5,0.83,213.5,0.91,213.5,0.83,3.5,3.0,,,10.0,8.0,20.0,23.0,7.0,8.0,4.0,4.0,3.0,2.0,53.8,88.9,79.0,77.0,0.0,1,1.0,30.0,1.0,20180516031916.0,21074.0,0.83,0.91
192,44.0,5.0,,第3节,-3.5,0.91,3.5,0.83,213.5,0.91,213.5,0.83,-3.5,3.0,,,10.0,8.0,20.0,23.0,7.0,8.0,4.0,4.0,3.0,2.0,53.8,88.9,81.0,77.0,0.0,1,1.0,30.0,1.0,20180516031916.0,21074.0,0.83,0.91
193,44.0,5.0,,第3节,-3.5,0.87,2.5,0.87,213.5,0.91,213.5,0.83,2.5,3.0,,,10.0,8.0,20.0,23.0,7.0,8.0,4.0,4.0,3.0,2.0,53.8,88.9,81.0,77.0,0.0,1,1.0,30.0,1.0,20180516031916.0,21074.0,0.83,0.91
194,44.0,5.0,,第3节,-2.5,0.87,2.5,0.87,213.5,0.91,213.5,0.83,-2.5,3.0,,,10.0,8.0,20.0,23.0,7.0,8.0,4.0,4.0,3.0,2.0,53.8,88.9,81.0,77.0,0.0,1,1.0,30.0,1.0,20180516031916.0,11077.0,0.83,0.91
195,44.0,5.0,,第3节,-2.5,0.87,3.5,0.87,213.5,0.91,213.5,0.83,3.5,3.0,,,10.0,8.0,20.0,23.0,7.0,8.0,4.0,4.0,3.0,2.0,53.8,88.9,81.0,77.0,0.0,1,1.0,30.0,1.0,20180516031916.0,21077.0,0.83,0.91
196,44.0,5.0,,第3节,-3.5,0.87,3.5,0.87,213.5,0.91,213.5,0.83,-3.5,3.0,,,10.0,10.0,20.0,23.0,7.0,8.0,4.0,4.0,3.0,2.0,53.8,88.9,81.0,84.0,0.0,1,1.0,30.0,1.0,20180516031916.0,21075.0,0.83,0.91
197,44.0,5.0,,第3节,-3.5,0.87,3.5,0.87,213.5,0.91,213.5,0.83,-3.5,3.0,,,10.0,10.0,20.0,23.0,7.0,8.0,4.0,4.0,3.0,2.0,53.8,88.9,84.0,77.0,0.0,1,1.0,30.0,1.0,20180516031916.0,11077.0,0.83,0.91
198,44.0,5.0,,第3节,-3.5,0.83,4.5,0.91,213.5,0.91,213.5,0.83,4.5,3.0,,,10.0,10.0,20.0,23.0,7.0,8.0,4.0,4.0,3.0,2.0,53.8,88.9,84.0,77.0,0.0,1,1.0,30.0,1.0,20180516031916.0,11077.0,0.83,0.91
199,44.0,5.0,,第3节,-4.5,0.83,4.5,0.91,213.5,0.91,213.5,0.83,-4.5,3.0,,,10.0,10.0,20.0,23.0,7.0,8.0,4.0,4.0,3.0,2.0,53.8,88.9,84.0,77.0,0.0,1,1.0,30.0,1.0,20180516031916.0,21077.0,0.83,0.91
200,44.0,5.0,,第3节,-4.5,0.83,5.5,0.91,213.5,0.91,213.5,0.83,5.5,3.0,,,10.0,10.0,20.0,23.0,7.0,8.0,4.0,4.0,3.0,2.0,53.8,88.9,84.0,77.0,0.0,1,1.0,30.0,1.0,20180516031916.0,21077.0,0.83,0.91
201,44.0,5.0,,第3节,-5.5,0.83,5.5,0.91,213.5,0.91,213.5,0.83,-5.5,3.0,,,10.0,10.0,20.0,23.0,7.0,8.0,4.0,4.0,3.0,2.0,53.8,88.9,84.0,77.0,0.0,1,0.0,1.0,0.0,20180516031916.0,21077.0,0.83,0.91
202,44.0,5.0,,第3节,-5.5,0.8,5.5,0.95,213.5,0.91,213.5,0.83,-5.5,3.0,,,10.0,10.0,20.0,23.0,7.0,8.0,4.0,4.0,3.0,2.0,53.8,88.9,84.0,77.0,0.0,1,0.0,1.0,0.0,20180516031916.0,21077.0,0.83,0.91
203,44.0,5.0,,第3节,-5.5,0.87,4.5,0.87,213.5,0.91,213.5,0.83,4.5,3.0,,,10.0,10.0,20.0,23.0,7.0,8.0,4.0,4.0,3.0,2.0,53.8,88.9,84.0,77.0,0.0,1,0.0,1.0,0.0,20180516031916.0,21077.0,0.83,0.91
204,44.0,5.0,,第3节,-4.5,0.87,4.5,0.87,213.5,0.91,213.5,0.83,-4.5,3.0,,,10.0,10.0,20.0,23.0,7.0,8.0,4.0,4.0,3.0,2.0,53.8,88.9,84.0,77.0,0.0,1,0.0,1.0,1.0,20180516032151.0,21077.0,0.83,0.91
205,44.0,5.0,,第3节,-4.5,0.87,4.5,0.87,213.5,0.91,213.5,0.83,-4.5,3.0,3.0,,10.0,10.0,20.0,23.0,7.0,8.0,4.0,4.0,0.0,0.0,53.8,88.9,84.0,77.0,0.0,1,0.0,1.0,1.0,20180516032151.0,1082.0,0.83,0.91
206,44.0,5.0,,第3节,-4.5,0.87,4.5,0.87,213.5,0.91,213.5,0.83,-4.5,3.0,3.0,,10.0,10.0,20.0,23.0,7.0,8.0,4.0,4.0,0.0,0.0,53.8,88.9,84.0,77.0,0.0,1,0.0,0.0,0.0,20180516032151.0,1082.0,0.83,0.91
207,44.0,5.0,第4节,第4节,-4.5,0.8,4.5,0.95,213.5,0.91,213.5,0.83,-4.5,3.0,3.0,,10.0,10.0,20.0,23.0,7.0,8.0,4.0,4.0,0.0,0.0,53.8,88.9,84.0,77.0,0.0,1,0.0,0.0,0.0,20180516032151.0,1082.0,0.83,0.91
208,44.0,5.0,第4节,第4节,-4.5,0.8,4.5,0.95,213.5,0.91,213.5,0.83,-4.5,3.0,3.0,,10.0,10.0,20.0,23.0,7.0,8.0,4.0,4.0,0.0,0.0,53.8,88.9,84.0,77.0,0.0,1,12.0,0.0,0.0,20180516032151.0,1082.0,0.83,0.91
209,44.0,5.0,第4节,第4节,-4.5,0.95,5.5,0.8,213.5,0.91,213.5,0.83,5.5,3.0,3.0,,10.0,10.0,20.0,23.0,7.0,8.0,4.0,4.0,0.0,0.0,53.8,88.9,84.0,77.0,0.0,1,12.0,0.0,0.0,20180516032151.0,1082.0,0.83,0.91
210,44.0,5.0,第4节,第4节,-5.5,0.95,5.5,0.8,213.5,0.91,213.5,0.83,-5.5,4.0,,,10.0,10.0,20.0,23.0,7.0,8.0,4.0,4.0,0.0,0.0,53.8,88.9,84.0,77.0,0.0,1,12.0,0.0,0.0,20180516032151.0,1090.0,0.83,0.91
211,44.0,5.0,第4节,第4节,-5.5,0.95,5.5,0.8,213.5,0.91,213.5,0.83,-5.5,4.0,,,10.0,10.0,20.0,23.0,7.0,8.0,4.0,4.0,0.0,0.0,53.8,88.9,84.0,77.0,0.0,1,12.0,0.0,1.0,20180516032525.0,11077.0,0.83,0.91
212,44.0,5.0,第4节,第4节,-5.5,0.91,5.5,0.83,213.5,0.91,213.5,0.83,-5.5,4.0,,,10.0,10.0,20.0,23.0,7.0,8.0,4.0,4.0,0.0,0.0,53.8,88.9,84.0,77.0,1.0,1,12.0,0.0,1.0,20180516032525.0,21077.0,0.83,0.91
213,44.0,5.0,第4节,第4节,-5.5,0.91,5.5,0.83,213.5,0.91,213.5,0.83,-5.5,4.0,,,10.0,10.0,20.0,23.0,7.0,8.0,4.0,4.0,0.0,0.0,53.8,88.9,84.0,77.0,1.0,1,11.0,39.0,0.0,20180516032525.0,21077.0,0.83,0.91
214,44.0,5.0,第4节,第4节,-5.5,0.87,5.5,0.87,213.5,0.91,213.5,0.83,-5.5,4.0,,,10.0,10.0,20.0,23.0,7.0,8.0,4.0,4.0,1.0,0.0,53.8,88.9,84.0,77.0,1.0,1,11.0,39.0,0.0,20180516032525.0,11086.0,0.83,0.91
215,44.0,5.0,第4节,第4节,-5.5,0.87,5.5,0.87,213.5,0.91,213.5,0.83,-5.5,4.0,,,10.0,10.0,20.0,23.0,7.0,8.0,4.0,4.0,1.0,0.0,53.8,88.9,84.0,77.0,0.0,1,11.0,39.0,0.0,20180516032525.0,21077.0,0.83,0.91
216,44.0,5.0,第4节,第4节,-5.5,0.87,6.5,0.87,213.5,0.91,213.5,0.83,6.5,4.0,1:2,,10.0,10.0,20.0,23.0,7.0,8.0,4.0,4.0,1.0,0.0,53.8,88.9,84.0,77.0,0.0,1,11.0,39.0,0.0,20180516032525.0,21078.0,0.83,0.91
217,44.0,5.0,第4节,第4节,-6.5,0.87,6.5,0.87,213.5,0.91,213.5,0.83,-6.5,4.0,1:2,,10.0,10.0,20.0,23.0,7.0,9.0,4.0,4.0,1.0,0.0,53.8,90.0,84.0,85.0,0.0,1,11.0,39.0,0.0,20180516032525.0,21079.0,0.83,0.91
218,44.0,5.0,第4节,第4节,-6.5,0.87,6.5,0.87,213.5,0.91,213.5,0.83,-6.5,4.0,2:2,,10.0,10.0,20.0,23.0,7.0,9.0,4.0,4.0,1.0,0.0,53.8,90.0,85.0,77.0,0.0,1,11.0,39.0,0.0,20180516032525.0,21078.0,0.83,0.91
219,44.0,5.0,第4节,第4节,-6.5,0.83,6.5,0.91,213.5,0.91,213.5,0.83,-6.5,4.0,2:2,,10.0,10.0,20.0,23.0,7.0,10.0,4.0,4.0,1.0,0.0,53.8,90.9,85.0,86.0,0.0,1,11.0,39.0,0.0,20180516032525.0,21079.0,0.83,0.91
220,44.0,5.0,第4节,第4节,-6.5,0.83,6.5,0.91,213.5,0.91,213.5,0.83,-6.5,4.0,2:2,,10.0,10.0,20.0,23.0,7.0,10.0,4.0,4.0,1.0,0.0,53.8,90.9,86.0,77.0,0.0,1,11.0,39.0,0.0,20180516032525.0,21079.0,0.83,0.91
221,44.0,5.0,第4节,第4节,-6.5,0.8,6.5,0.95,213.5,0.91,213.5,0.83,-6.5,4.0,,,10.0,10.0,20.0,23.0,7.0,10.0,4.0,4.0,1.0,0.0,53.8,90.9,86.0,77.0,0.0,1,11.0,39.0,1.0,20180516032631.0,11077.0,0.83,0.91
222,44.0,5.0,第4节,第4节,-6.5,0.91,7.5,0.83,213.5,0.91,213.5,0.83,7.5,4.0,,,10.0,10.0,20.0,23.0,7.0,10.0,4.0,4.0,1.0,0.0,53.8,90.9,86.0,77.0,0.0,1,11.0,39.0,1.0,20180516032631.0,21077.0,0.83,0.91
223,44.0,5.0,第4节,第4节,-7.5,0.91,7.5,0.83,213.5,0.91,213.5,0.83,-7.5,4.0,,,10.0,10.0,20.0,24.0,7.0,10.0,4.0,4.0,1.0,0.0,53.8,90.9,86.0,88.0,0.0,1,11.0,39.0,1.0,20180516032631.0,21074.0,0.83,0.91
224,44.0,5.0,第4节,第4节,-7.5,0.91,7.5,0.83,213.5,0.91,213.5,0.83,-7.5,4.0,,,10.0,10.0,20.0,24.0,7.0,10.0,4.0,4.0,1.0,0.0,53.8,90.9,88.0,77.0,0.0,1,11.0,39.0,1.0,20180516032631.0,11077.0,0.83,0.91
225,44.0,5.0,第4节,第4节,-7.5,0.83,8.5,0.91,213.5,0.91,213.5,0.83,8.5,4.0,,,10.0,10.0,20.0,24.0,7.0,10.0,4.0,4.0,1.0,0.0,53.8,90.9,88.0,77.0,0.0,1,11.0,39.0,1.0,20180516032631.0,11077.0,0.83,0.91
226,44.0,5.0,第4节,第4节,-8.5,0.83,8.5,0.91,213.5,0.91,213.5,0.83,-8.5,4.0,,,10.0,10.0,20.0,24.0,7.0,10.0,3.0,4.0,1.0,0.0,53.8,90.9,88.0,77.0,0.0,1,11.0,4.0,0.0,20180516032631.0,11081.0,0.83,0.91
227,44.0,5.0,第4节,第4节,-8.5,0.8,8.5,0.95,213.5,0.91,213.5,0.83,-8.5,4.0,,,10.0,10.0,20.0,24.0,7.0,10.0,3.0,4.0,1.0,0.0,53.8,90.9,88.0,77.0,0.0,1,11.0,4.0,0.0,20180516032631.0,11081.0,0.83,0.91
228,44.0,5.0,第4节,第4节,-8.5,0.91,9.5,0.83,213.5,0.91,213.5,0.83,9.5,4.0,,,10.0,10.0,20.0,24.0,7.0,10.0,3.0,4.0,1.0,0.0,53.8,90.9,88.0,77.0,0.0,1,11.0,4.0,0.0,20180516032631.0,11081.0,0.83,0.91
229,44.0,5.0,第4节,第4节,-9.5,0.91,9.5,0.91,213.5,0.91,213.5,0.83,-9.5,4.0,,,10.0,10.0,20.0,24.0,7.0,10.0,3.0,4.0,1.0,0.0,53.8,90.9,88.0,77.0,0.0,1,11.0,4.0,0.0,20180516032631.0,11081.0,0.83,0.91
230,44.0,5.0,第4节,第4节,-9.5,0.83,8.5,0.91,213.5,0.91,213.5,0.83,8.5,4.0,,,10.0,10.0,20.0,24.0,7.0,10.0,3.0,4.0,1.0,0.0,53.8,90.9,88.0,77.0,0.0,1,11.0,4.0,0.0,20180516032631.0,11081.0,0.83,0.91
231,44.0,5.0,第4节,第4节,-8.5,0.91,8.5,0.83,213.5,0.91,213.5,0.83,-8.5,4.0,,,10.0,10.0,20.0,24.0,7.0,10.0,3.0,4.0,1.0,0.0,53.8,90.9,88.0,77.0,0.0,1,11.0,4.0,1.0,20180516033039.0,11081.0,0.83,0.91
232,44.0,5.0,第4节,第4节,-8.5,0.91,8.5,0.83,213.5,0.91,213.5,0.83,-8.5,4.0,,,10.0,10.0,20.0,24.0,7.0,10.0,3.0,4.0,1.0,0.0,53.8,90.9,88.0,77.0,1.0,1,11.0,4.0,1.0,20180516033039.0,11081.0,0.83,0.91
233,44.0,5.0,第4节,第4节,-8.5,0.91,8.5,0.83,213.5,0.91,213.5,0.83,-8.5,4.0,,,10.0,10.0,20.0,24.0,7.0,10.0,3.0,4.0,1.0,0.0,53.8,90.9,88.0,77.0,1.0,1,10.0,52.0,0.0,20180516033039.0,11081.0,0.83,0.91
234,44.0,5.0,第4节,第4节,-8.5,0.91,8.5,0.83,213.5,0.91,213.5,0.83,-8.5,4.0,,,10.0,10.0,20.0,24.0,7.0,10.0,3.0,4.0,1.0,1.0,53.8,90.9,88.0,77.0,1.0,1,10.0,52.0,0.0,20180516033039.0,21086.0,0.83,0.91
235,44.0,5.0,第4节,第4节,-8.5,0.87,8.5,0.87,213.5,0.91,213.5,0.83,-8.5,4.0,,,10.0,10.0,20.0,24.0,7.0,10.0,3.0,4.0,1.0,1.0,53.8,90.9,88.0,77.0,0.0,1,10.0,52.0,0.0,20180516033039.0,11077.0,0.83,0.91
236,44.0,5.0,第4节,第4节,-8.5,0.87,8.5,0.87,213.5,0.91,213.5,0.83,-8.5,4.0,,,10.0,10.0,20.0,24.0,7.0,10.0,3.0,4.0,1.0,1.0,53.8,90.9,88.0,77.0,0.0,1,10.0,52.0,1.0,20180516033110.0,11077.0,0.83,0.91
237,44.0,5.0,第4节,第4节,-8.5,0.83,8.5,0.91,213.5,0.91,213.5,0.83,-8.5,4.0,,,10.0,10.0,20.0,24.0,7.0,10.0,3.0,4.0,1.0,1.0,53.8,90.9,88.0,77.0,0.0,1,10.0,52.0,1.0,20180516033110.0,21077.0,0.83,0.91
238,44.0,5.0,第4节,第4节,-8.5,0.83,8.5,0.91,213.5,0.91,213.5,0.83,-8.5,4.0,,,10.0,10.0,20.0,24.0,7.0,10.0,3.0,4.0,1.0,1.0,53.8,90.9,88.0,77.0,0.0,1,10.0,32.0,0.0,20180516033110.0,21077.0,0.83,0.91
239,44.0,5.0,第4节,第4节,-8.5,0.8,8.5,0.95,213.5,0.91,213.5,0.83,-8.5,4.0,,,10.0,10.0,20.0,24.0,7.0,10.0,3.0,4.0,1.0,1.0,53.8,90.9,88.0,77.0,0.0,1,10.0,32.0,0.0,20180516033110.0,21077.0,0.83,0.91
240,44.0,5.0,第4节,第4节,-8.5,0.8,8.5,0.95,213.5,0.91,213.5,0.83,-8.5,4.0,,,10.0,10.0,20.0,24.0,7.0,10.0,3.0,4.0,1.0,1.0,53.8,90.9,88.0,77.0,0.0,1,10.0,32.0,1.0,20180516033148.0,21077.0,0.83,0.91
241,44.0,5.0,第4节,第4节,-8.5,0.87,8.5,0.87,213.5,0.91,213.5,0.83,-8.5,4.0,,,10.0,10.0,20.0,24.0,7.0,10.0,3.0,4.0,1.0,1.0,53.8,90.9,88.0,77.0,0.0,1,10.0,32.0,1.0,20180516033148.0,11077.0,0.83,0.91
242,44.0,5.0,第4节,第4节,-8.5,0.91,9.5,0.83,213.5,0.91,213.5,0.83,9.5,4.0,,,10.0,10.0,20.0,24.0,7.0,10.0,3.0,4.0,1.0,1.0,53.8,90.9,88.0,77.0,0.0,1,10.0,32.0,1.0,20180516033148.0,21077.0,0.83,0.91
243,44.0,5.0,第4节,第4节,-9.5,0.91,9.5,0.83,213.5,0.91,213.5,0.83,-9.5,4.0,,,10.0,10.0,20.0,24.0,7.0,10.0,3.0,4.0,1.0,1.0,53.8,90.9,88.0,77.0,0.0,1,9.0,38.0,0.0,20180516033148.0,21077.0,0.83,0.91
244,44.0,5.0,第4节,第4节,-9.5,0.91,9.5,0.83,213.5,0.91,213.5,0.83,-9.5,4.0,,,10.0,10.0,20.0,24.0,7.0,10.0,3.0,4.0,1.0,1.0,53.8,90.9,88.0,77.0,1.0,1,9.0,38.0,0.0,20180516033148.0,21077.0,0.83,0.91
245,44.0,5.0,第4节,第4节,-9.5,0.91,9.5,0.83,213.5,0.91,213.5,0.83,-9.5,4.0,,,10.0,10.0,20.0,24.0,7.0,10.0,3.0,4.0,2.0,1.0,53.8,90.9,88.0,77.0,1.0,1,9.0,38.0,0.0,20180516033148.0,11086.0,0.83,0.91
246,44.0,5.0,第4节,第4节,-9.5,0.87,9.5,0.87,213.5,0.91,213.5,0.83,-9.5,4.0,,,10.0,10.0,20.0,24.0,7.0,10.0,3.0,4.0,2.0,1.0,53.8,90.9,88.0,77.0,0.0,1,9.0,38.0,0.0,20180516033148.0,21077.0,0.83,0.91
247,44.0,5.0,第4节,第4节,-9.5,0.87,9.5,0.87,213.5,0.91,213.5,0.83,-9.5,4.0,,,10.0,10.0,20.0,24.0,7.0,10.0,3.0,4.0,2.0,1.0,53.8,90.9,88.0,77.0,0.0,1,9.0,38.0,1.0,20180516033309.0,21077.0,0.83,0.91
248,44.0,5.0,第4节,第4节,-9.5,0.87,8.5,0.87,213.5,0.91,213.5,0.83,8.5,4.0,,,10.0,10.0,20.0,24.0,7.0,10.0,3.0,4.0,2.0,1.0,53.8,90.9,88.0,77.0,0.0,1,9.0,38.0,1.0,20180516033309.0,11077.0,0.83,0.91
249,44.0,5.0,第4节,第4节,-8.5,0.87,8.5,0.87,213.5,0.91,213.5,0.83,-8.5,4.0,,,10.0,10.0,20.0,24.0,7.0,10.0,3.0,4.0,2.0,1.0,53.8,90.9,88.0,77.0,0.0,1,9.0,38.0,1.0,20180516033309.0,21077.0,0.83,0.91
250,44.0,5.0,第4节,第4节,-8.5,0.87,9.5,0.87,213.5,0.91,213.5,0.83,9.5,4.0,,,10.0,10.0,20.0,24.0,7.0,10.0,3.0,4.0,2.0,1.0,53.8,90.9,88.0,77.0,0.0,1,9.0,38.0,1.0,20180516033309.0,21077.0,0.83,0.91
251,44.0,5.0,第4节,第4节,-9.5,0.87,9.5,0.87,213.5,0.91,213.5,0.83,-9.5,4.0,,,10.0,10.0,20.0,24.0,7.0,10.0,3.0,4.0,2.0,1.0,53.8,90.9,88.0,77.0,0.0,1,9.0,38.0,1.0,20180516033309.0,11077.0,0.83,0.91
252,44.0,5.0,第4节,第4节,-9.5,0.87,8.5,0.87,213.5,0.91,213.5,0.83,8.5,4.0,,,10.0,10.0,20.0,24.0,7.0,10.0,3.0,4.0,2.0,1.0,53.8,90.9,88.0,77.0,0.0,1,9.0,38.0,1.0,20180516033309.0,11077.0,0.83,0.91
253,44.0,5.0,第4节,第4节,-8.5,0.87,8.5,0.87,213.5,0.91,213.5,0.83,-8.5,4.0,,,10.0,10.0,20.0,24.0,7.0,10.0,3.0,4.0,2.0,1.0,53.8,90.9,88.0,77.0,0.0,1,9.0,1.0,0.0,20180516033309.0,11077.0,0.83,0.91
254,44.0,5.0,第4节,第4节,-8.5,0.87,8.5,0.87,213.5,0.91,213.5,0.83,-8.5,4.0,,,10.0,10.0,20.0,24.0,7.0,10.0,3.0,4.0,2.0,1.0,53.8,90.9,88.0,77.0,0.0,1,9.0,1.0,0.0,20180516033309.0,11077.0,0.83,0.91
255,44.0,5.0,第4节,第4节,-8.5,0.87,8.5,0.87,213.5,0.91,213.5,0.83,-8.5,4.0,,,10.0,10.0,20.0,24.0,7.0,10.0,3.0,4.0,2.0,1.0,53.8,90.9,88.0,77.0,0.0,1,9.0,1.0,1.0,20180516033416.0,11077.0,0.83,0.91
256,44.0,5.0,第4节,第4节,-8.5,0.87,8.5,0.87,213.5,0.91,213.5,0.83,-8.5,4.0,,,10.0,10.0,21.0,24.0,7.0,10.0,3.0,4.0,2.0,1.0,53.8,90.9,88.0,79.0,0.0,1,9.0,1.0,1.0,20180516033416.0,11074.0,0.83,0.91
257,44.0,5.0,第4节,第4节,-8.5,0.87,8.5,0.87,213.5,0.91,213.5,0.83,-8.5,4.0,,,10.0,10.0,21.0,24.0,7.0,10.0,3.0,4.0,2.0,1.0,53.8,90.9,88.0,79.0,1.0,1,9.0,1.0,1.0,20180516033416.0,21077.0,0.83,0.91
258,44.0,5.0,第4节,第4节,-8.5,0.87,8.5,0.87,213.5,0.91,213.5,0.83,-8.5,4.0,,,10.0,10.0,21.0,24.0,7.0,10.0,3.0,4.0,2.0,1.0,53.8,90.9,88.0,79.0,1.0,1,9.0,49.0,1.0,20180516033416.0,21077.0,0.83,0.91
259,44.0,5.0,第4节,第4节,-8.5,0.87,8.5,0.87,213.5,0.91,213.5,0.83,-8.5,4.0,,,10.0,10.0,21.0,24.0,7.0,10.0,3.0,4.0,2.0,1.0,53.8,90.9,88.0,79.0,1.0,1,8.0,49.0,0.0,20180516033416.0,21077.0,0.83,0.91
260,44.0,5.0,第4节,第4节,-8.5,0.87,8.5,0.87,213.5,0.91,213.5,0.83,-8.5,4.0,,,10.0,10.0,21.0,24.0,7.0,10.0,3.0,4.0,2.0,1.0,53.8,90.9,88.0,79.0,0.0,1,8.0,49.0,0.0,20180516033416.0,21077.0,0.83,0.91
261,44.0,5.0,第4节,第4节,-8.5,0.8,7.5,0.95,213.5,0.91,213.5,0.83,7.5,4.0,1:1,,10.0,10.0,21.0,24.0,7.0,10.0,3.0,4.0,2.0,1.0,53.8,90.9,88.0,79.0,0.0,1,8.0,49.0,0.0,20180516033416.0,11078.0,0.83,0.91
262,44.0,5.0,第4节,第4节,-7.5,0.8,7.5,0.95,213.5,0.91,213.5,0.83,-7.5,4.0,1:1,,10.0,10.0,21.0,24.0,8.0,10.0,3.0,4.0,2.0,1.0,57.1,90.9,80.0,79.0,0.0,1,8.0,49.0,0.0,20180516033416.0,11079.0,0.83,0.91
263,44.0,5.0,第4节,第4节,-7.5,0.8,7.5,0.95,213.5,0.91,213.5,0.83,-7.5,4.0,,,10.0,10.0,21.0,24.0,8.0,10.0,3.0,4.0,2.0,1.0,57.1,90.9,88.0,80.0,0.0,1,8.0,49.0,0.0,20180516033416.0,21077.0,0.83,0.91
264,44.0,5.0,第4节,第4节,-7.5,0.83,7.5,0.91,213.5,0.91,213.5,0.83,-7.5,4.0,,,10.0,10.0,21.0,24.0,8.0,10.0,3.0,4.0,2.0,1.0,57.1,90.9,88.0,80.0,0.0,1,8.0,49.0,1.0,20180516033509.0,21077.0,0.83,0.91
265,44.0,5.0,第4节,第4节,-7.5,0.83,7.5,0.91,213.5,0.91,213.5,0.83,-7.5,4.0,,,10.0,10.0,21.0,24.0,8.0,10.0,3.0,4.0,2.0,1.0,57.1,90.9,88.0,80.0,0.0,1,8.0,49.0,1.0,20180516033509.0,21077.0,0.83,0.91
266,44.0,5.0,第4节,第4节,-7.5,0.83,7.5,0.91,213.5,0.91,213.5,0.83,-7.5,4.0,,,10.0,10.0,21.0,24.0,8.0,10.0,3.0,4.0,2.0,1.0,57.1,90.9,88.0,80.0,0.0,1,8.0,29.0,0.0,20180516033509.0,21077.0,0.83,0.91
267,44.0,5.0,第4节,第4节,-7.5,0.83,7.5,0.91,213.5,0.91,213.5,0.83,-7.5,4.0,,,10.0,10.0,21.0,24.0,8.0,10.0,3.0,4.0,2.0,1.0,57.1,90.9,88.0,80.0,0.0,1,8.0,29.0,0.0,20180516033509.0,21077.0,0.83,0.91
268,44.0,5.0,第4节,第4节,-7.5,0.83,7.5,0.91,213.5,0.91,213.5,0.83,-7.5,4.0,,,10.0,10.0,21.0,24.0,8.0,10.0,3.0,4.0,2.0,1.0,57.1,90.9,88.0,80.0,0.0,1,8.0,29.0,1.0,20180516033535.0,21077.0,0.83,0.91
269,44.0,5.0,第4节,第4节,-7.5,0.8,6.5,0.95,213.5,0.91,213.5,0.83,6.5,4.0,,,10.0,10.0,21.0,24.0,8.0,10.0,3.0,4.0,2.0,1.0,57.1,90.9,88.0,80.0,0.0,1,8.0,29.0,1.0,20180516033535.0,11077.0,0.83,0.91
270,44.0,5.0,第4节,第4节,-6.5,0.8,6.5,0.91,213.5,0.91,213.5,0.83,-6.5,4.0,,,10.0,10.0,21.0,24.0,8.0,10.0,3.0,4.0,2.0,1.0,57.1,90.9,88.0,80.0,0.0,1,8.0,29.0,1.0,20180516033535.0,21077.0,0.83,0.91
271,44.0,5.0,第4节,第4节,-6.5,0.83,7.5,0.91,213.5,0.91,213.5,0.83,7.5,4.0,,,10.0,10.0,21.0,24.0,8.0,10.0,3.0,4.0,2.0,1.0,57.1,90.9,88.0,80.0,0.0,1,8.0,29.0,1.0,20180516033535.0,21077.0,0.83,0.91
272,44.0,5.0,第4节,第4节,-7.5,0.83,7.5,0.91,213.5,0.91,213.5,0.83,-7.5,4.0,,,10.0,10.0,21.0,24.0,8.0,10.0,3.0,4.0,2.0,1.0,57.1,90.9,88.0,80.0,1.0,1,8.0,29.0,1.0,20180516033535.0,21077.0,0.83,0.91
273,44.0,5.0,第4节,第4节,-7.5,0.83,7.5,0.91,213.5,0.91,213.5,0.83,-7.5,4.0,,,10.0,10.0,21.0,24.0,8.0,10.0,3.0,4.0,2.0,1.0,57.1,90.9,88.0,80.0,1.0,1,8.0,5.0,0.0,20180516033535.0,21077.0,0.83,0.91
274,44.0,5.0,第4节,第4节,-7.5,0.83,7.5,0.91,213.5,0.91,213.5,0.83,-7.5,4.0,,,10.0,10.0,21.0,24.0,8.0,10.0,3.0,4.0,3.0,1.0,57.1,90.9,88.0,80.0,1.0,1,8.0,5.0,0.0,20180516033535.0,11086.0,0.83,0.91
275,44.0,5.0,第4节,第4节,-7.5,0.95,8.5,0.8,213.5,0.91,213.5,0.83,8.5,4.0,,,10.0,10.0,21.0,24.0,8.0,10.0,3.0,4.0,3.0,1.0,57.1,90.9,88.0,80.0,1.0,1,8.0,5.0,0.0,20180516033535.0,21077.0,0.83,0.91
276,44.0,5.0,第4节,第4节,-8.5,0.95,8.5,0.8,213.5,0.91,213.5,0.83,-8.5,4.0,,,10.0,10.0,21.0,24.0,8.0,10.0,3.0,4.0,3.0,1.0,57.1,90.9,88.0,80.0,0.0,1,8.0,5.0,0.0,20180516033535.0,21077.0,0.83,0.91
277,44.0,5.0,第4节,第4节,-8.5,0.8,7.5,0.95,213.5,0.91,213.5,0.83,7.5,4.0,1:2,,10.0,10.0,21.0,24.0,8.0,10.0,3.0,4.0,3.0,1.0,57.1,90.9,88.0,80.0,0.0,1,8.0,5.0,0.0,20180516033535.0,21078.0,0.83,0.91
278,44.0,5.0,第4节,第4节,-7.5,0.8,7.5,0.8,213.5,0.91,213.5,0.83,-7.5,4.0,1:2,,10.0,10.0,21.0,24.0,8.0,10.0,3.0,4.0,3.0,1.0,57.1,90.9,88.0,80.0,0.0,1,8.0,5.0,0.0,20180516033535.0,21078.0,0.83,0.91
279,44.0,5.0,第4节,第4节,-7.5,0.95,8.5,0.8,213.5,0.91,213.5,0.83,8.5,4.0,1:2,,10.0,10.0,21.0,24.0,8.0,10.0,3.0,4.0,3.0,1.0,57.1,90.9,88.0,80.0,0.0,1,8.0,5.0,0.0,20180516033535.0,21078.0,0.83,0.91
280,44.0,5.0,第4节,第4节,-8.5,0.95,8.5,0.8,213.5,0.91,213.5,0.83,-8.5,4.0,1:2,,10.0,10.0,21.0,24.0,8.0,11.0,3.0,4.0,3.0,1.0,57.1,91.7,88.0,89.0,0.0,1,8.0,5.0,0.0,20180516033535.0,21079.0,0.83,0.91
281,44.0,5.0,第4节,第4节,-8.5,0.95,8.5,0.8,213.5,0.91,213.5,0.83,-8.5,4.0,2:2,,10.0,10.0,21.0,24.0,8.0,11.0,3.0,4.0,3.0,1.0,57.1,91.7,89.0,80.0,0.0,1,8.0,5.0,0.0,20180516033535.0,21078.0,0.83,0.91
282,44.0,5.0,第4节,第4节,-8.5,0.83,7.5,0.91,213.5,0.91,213.5,0.83,7.5,4.0,2:2,,10.0,10.0,21.0,24.0,8.0,11.0,3.0,4.0,3.0,1.0,57.1,91.7,89.0,80.0,0.0,1,8.0,5.0,0.0,20180516033535.0,21078.0,0.83,0.91
283,44.0,5.0,第4节,第4节,-7.5,0.83,7.5,0.91,213.5,0.91,213.5,0.83,-7.5,4.0,2:2,,10.0,10.0,21.0,24.0,8.0,11.0,3.0,4.0,3.0,1.0,57.1,91.7,89.0,80.0,0.0,1,8.0,5.0,1.0,20180516033644.0,21078.0,0.83,0.91
284,44.0,5.0,第4节,第4节,-7.5,0.83,7.5,0.91,213.5,0.91,213.5,0.83,-7.5,4.0,2:2,,10.0,10.0,21.0,24.0,8.0,11.0,3.0,4.0,3.0,1.0,57.1,84.6,89.0,80.0,0.0,1,8.0,5.0,1.0,20180516033644.0,21080.0,0.83,0.91
285,44.0,5.0,第4节,第4节,-7.5,0.83,7.5,0.91,213.5,0.91,213.5,0.83,-7.5,4.0,,,10.0,10.0,21.0,24.0,8.0,11.0,3.0,4.0,3.0,1.0,57.1,84.6,89.0,80.0,1.0,1,8.0,5.0,1.0,20180516033644.0,11077.0,0.83,0.91
286,44.0,5.0,第4节,第4节,-7.5,0.83,7.5,0.91,213.5,0.91,213.5,0.83,-7.5,4.0,,,10.0,10.0,21.0,24.0,8.0,11.0,3.0,4.0,3.0,1.0,57.1,84.6,89.0,80.0,1.0,1,7.0,52.0,0.0,20180516033644.0,11077.0,0.83,0.91
287,44.0,5.0,第4节,第4节,-7.5,0.87,7.5,0.87,213.5,0.91,213.5,0.83,-7.5,4.0,,,10.0,10.0,21.0,24.0,8.0,11.0,3.0,4.0,3.0,2.0,57.1,84.6,89.0,80.0,1.0,1,7.0,52.0,0.0,20180516033644.0,21086.0,0.83,0.91
288,44.0,5.0,第4节,第4节,-7.5,0.87,7.5,0.87,213.5,0.91,213.5,0.83,-7.5,4.0,,,10.0,10.0,21.0,24.0,8.0,11.0,3.0,4.0,3.0,2.0,57.1,84.6,89.0,80.0,0.0,1,7.0,52.0,0.0,20180516033644.0,11077.0,0.83,0.91
289,44.0,5.0,第4节,第4节,-7.5,0.87,8.5,0.87,213.5,0.91,213.5,0.83,8.5,4.0,,,10.0,10.0,21.0,24.0,8.0,11.0,3.0,4.0,3.0,2.0,57.1,84.6,89.0,80.0,0.0,1,7.0,52.0,0.0,20180516033644.0,11077.0,0.83,0.91
290,44.0,5.0,第4节,第4节,-8.5,0.87,8.5,0.87,213.5,0.91,213.5,0.83,-8.5,4.0,,,10.0,10.0,21.0,24.0,8.0,11.0,3.0,4.0,3.0,2.0,57.1,84.6,89.0,80.0,0.0,1,7.0,52.0,0.0,20180516033644.0,11077.0,0.83,0.91
291,44.0,5.0,第4节,第4节,-8.5,0.87,7.5,0.87,213.5,0.91,213.5,0.83,7.5,4.0,,,10.0,10.0,21.0,24.0,8.0,11.0,3.0,4.0,3.0,2.0,57.1,84.6,89.0,80.0,0.0,1,7.0,52.0,0.0,20180516033644.0,11077.0,0.83,0.91
292,44.0,5.0,第4节,第4节,-7.5,0.87,7.5,0.87,213.5,0.91,213.5,0.83,-7.5,4.0,,,10.0,10.0,21.0,24.0,8.0,11.0,3.0,4.0,3.0,2.0,57.1,84.6,89.0,80.0,0.0,1,7.0,52.0,1.0,20180516033734.0,11077.0,0.83,0.91
293,44.0,5.0,第4节,第4节,-7.5,0.87,8.5,0.87,213.5,0.91,213.5,0.83,8.5,4.0,,,10.0,10.0,21.0,24.0,8.0,11.0,3.0,4.0,3.0,2.0,57.1,84.6,89.0,80.0,0.0,1,7.0,52.0,1.0,20180516033734.0,21077.0,0.83,0.91
294,44.0,5.0,第4节,第4节,-8.5,0.87,8.5,0.87,213.5,0.91,213.5,0.83,-8.5,4.0,,,10.0,10.0,21.0,24.0,8.0,11.0,3.0,4.0,3.0,2.0,57.1,84.6,89.0,80.0,1.0,1,7.0,52.0,1.0,20180516033734.0,21077.0,0.83,0.91
295,44.0,5.0,第4节,第4节,-8.5,0.87,8.5,0.87,213.5,0.91,213.5,0.83,-8.5,4.0,,1.0,10.0,10.0,21.0,24.0,8.0,11.0,3.0,4.0,4.0,2.0,57.1,84.6,89.0,80.0,1.0,1,7.0,52.0,1.0,20180516033734.0,11086.0,0.83,0.91
296,44.0,5.0,第4节,第4节,-8.5,0.87,8.5,0.87,213.5,0.91,213.5,0.83,-8.5,4.0,,1.0,10.0,10.0,21.0,24.0,8.0,11.0,3.0,4.0,4.0,2.0,57.1,84.6,89.0,80.0,1.0,1,7.0,26.0,0.0,20180516033734.0,21077.0,0.83,0.91
297,44.0,5.0,第4节,第4节,-8.5,0.95,9.5,0.8,213.5,0.91,213.5,0.83,9.5,4.0,,1.0,10.0,10.0,21.0,24.0,8.0,11.0,3.0,4.0,4.0,2.0,57.1,84.6,89.0,80.0,1.0,1,7.0,26.0,0.0,20180516033734.0,21077.0,0.83,0.91
298,44.0,5.0,第4节,第4节,-9.5,0.95,9.5,0.8,213.5,0.91,213.5,0.83,-9.5,4.0,,1.0,10.0,10.0,21.0,24.0,8.0,11.0,3.0,4.0,4.0,2.0,57.1,84.6,89.0,80.0,0.0,1,7.0,26.0,0.0,20180516033734.0,21077.0,0.83,0.91
299,44.0,5.0,第4节,第4节,-9.5,0.8,8.5,0.95,213.5,0.91,213.5,0.83,8.5,4.0,1:2,1.0,10.0,10.0,21.0,24.0,8.0,11.0,3.0,4.0,4.0,2.0,57.1,84.6,89.0,80.0,0.0,1,7.0,26.0,0.0,20180516033734.0,21078.0,0.83,0.91
300,44.0,5.0,第4节,第4节,-8.5,0.83,8.5,0.91,213.5,0.91,213.5,0.83,-8.5,4.0,1:2,1.0,10.0,10.0,21.0,24.0,8.0,11.0,3.0,4.0,4.0,2.0,57.1,84.6,89.0,80.0,0.0,1,7.0,26.0,0.0,20180516033734.0,21078.0,0.83,0.91
301,44.0,5.0,第4节,第4节,-8.5,0.87,8.5,0.87,213.5,0.91,213.5,0.83,-8.5,4.0,1:2,1.0,10.0,10.0,21.0,24.0,8.0,11.0,3.0,4.0,4.0,2.0,57.1,84.6,89.0,80.0,0.0,1,7.0,26.0,0.0,20180516033734.0,21078.0,0.83,0.91
302,44.0,5.0,第4节,第4节,-8.5,0.87,8.5,0.91,213.5,0.91,213.5,0.83,-8.5,4.0,1:2,1.0,10.0,10.0,21.0,24.0,8.0,12.0,3.0,4.0,4.0,2.0,57.1,85.7,89.0,90.0,0.0,1,7.0,26.0,0.0,20180516033734.0,21079.0,0.83,0.91
303,44.0,5.0,第4节,第4节,-8.5,0.87,8.5,0.91,213.5,0.91,213.5,0.83,-8.5,4.0,2:2,1.0,10.0,10.0,21.0,24.0,8.0,12.0,3.0,4.0,4.0,2.0,57.1,85.7,90.0,80.0,0.0,1,7.0,26.0,0.0,20180516033734.0,21078.0,0.83,0.91
304,44.0,5.0,第4节,第4节,-8.5,0.83,8.5,0.91,213.5,0.91,213.5,0.83,-8.5,4.0,2:2,1.0,10.0,10.0,21.0,24.0,8.0,13.0,3.0,4.0,4.0,2.0,57.1,86.7,90.0,91.0,0.0,1,7.0,26.0,0.0,20180516033734.0,21079.0,0.83,0.91
305,44.0,5.0,第4节,第4节,-8.5,0.83,8.5,0.91,213.5,0.91,213.5,0.83,-8.5,4.0,2:2,1.0,10.0,10.0,21.0,24.0,8.0,13.0,3.0,4.0,4.0,2.0,57.1,86.7,91.0,80.0,0.0,1,7.0,26.0,0.0,20180516033734.0,21079.0,0.83,0.91
306,44.0,5.0,第4节,第4节,-8.5,0.8,8.5,0.95,213.5,0.91,213.5,0.83,-8.5,4.0,,1.0,10.0,10.0,21.0,24.0,8.0,13.0,3.0,4.0,4.0,2.0,57.1,86.7,91.0,80.0,0.0,1,7.0,26.0,1.0,20180516033858.0,11077.0,0.83,0.91
307,44.0,5.0,第4节,第4节,-8.5,0.8,9.5,0.95,213.5,0.91,213.5,0.83,9.5,4.0,,1.0,10.0,10.0,21.0,24.0,8.0,13.0,3.0,4.0,4.0,2.0,57.1,86.7,91.0,80.0,0.0,1,7.0,26.0,1.0,20180516033858.0,21077.0,0.83,0.91
308,44.0,5.0,第4节,第4节,-9.5,0.8,9.5,0.95,213.5,0.91,213.5,0.83,-9.5,4.0,,1.0,10.0,10.0,21.0,24.0,8.0,13.0,3.0,4.0,4.0,2.0,57.1,86.7,91.0,80.0,1.0,1,7.0,26.0,1.0,20180516033858.0,21077.0,0.83,0.91
309,44.0,5.0,第4节,第4节,-9.5,0.8,9.5,0.95,213.5,0.91,213.5,0.83,-9.5,4.0,,1.0,10.0,10.0,21.0,24.0,8.0,13.0,3.0,4.0,4.0,2.0,57.1,86.7,91.0,80.0,1.0,1,7.0,11.0,0.0,20180516033858.0,21077.0,0.83,0.91
310,44.0,5.0,第4节,第4节,-9.5,0.8,9.5,0.95,213.5,0.91,213.5,0.83,-9.5,4.0,,1.0,10.0,10.0,21.0,24.0,8.0,13.0,3.0,4.0,4.0,3.0,57.1,86.7,91.0,80.0,1.0,1,7.0,11.0,0.0,20180516033858.0,21086.0,0.83,0.91
311,44.0,5.0,第4节,第4节,-9.5,0.83,8.5,0.91,213.5,0.91,213.5,0.83,8.5,4.0,,1.0,10.0,10.0,21.0,24.0,8.0,13.0,3.0,4.0,4.0,3.0,57.1,86.7,91.0,80.0,1.0,1,7.0,11.0,0.0,20180516033858.0,11077.0,0.83,0.91
312,44.0,5.0,第4节,第4节,-8.5,0.83,8.5,0.91,213.5,0.91,213.5,0.83,-8.5,4.0,,1.0,10.0,10.0,21.0,24.0,8.0,13.0,3.0,4.0,4.0,3.0,57.1,86.7,91.0,80.0,0.0,1,7.0,11.0,0.0,20180516033858.0,11077.0,0.83,0.91
313,44.0,5.0,第4节,第4节,-8.5,0.83,8.5,0.91,213.5,0.91,213.5,0.83,-8.5,4.0,,1.0,10.0,10.0,21.0,24.0,8.0,13.0,3.0,4.0,4.0,3.0,57.1,86.7,91.0,80.0,0.0,1,7.0,11.0,1.0,20180516033943.0,11077.0,0.83,0.91
314,44.0,5.0,第4节,第4节,-8.5,0.83,9.5,0.91,213.5,0.91,213.5,0.83,9.5,4.0,,1.0,10.0,10.0,21.0,24.0,8.0,13.0,3.0,4.0,4.0,3.0,57.1,86.7,91.0,80.0,0.0,1,7.0,11.0,1.0,20180516033943.0,21077.0,0.83,0.91
315,44.0,5.0,第4节,第4节,-9.5,0.83,9.5,0.91,213.5,0.91,213.5,0.83,-9.5,4.0,,1.0,10.0,10.0,21.0,24.0,8.0,13.0,3.0,4.0,4.0,3.0,57.1,86.7,91.0,80.0,0.0,1,7.0,11.0,1.0,20180516033943.0,11077.0,0.83,0.91
316,44.0,5.0,第4节,第4节,-9.5,0.83,8.5,0.91,213.5,0.91,213.5,0.83,8.5,4.0,,1.0,10.0,10.0,21.0,24.0,8.0,13.0,3.0,4.0,4.0,3.0,57.1,86.7,91.0,80.0,0.0,1,7.0,11.0,1.0,20180516033943.0,11077.0,0.83,0.91
317,44.0,5.0,第4节,第4节,-8.5,0.83,8.5,0.91,213.5,0.91,213.5,0.83,-8.5,4.0,,1.0,10.0,10.0,22.0,24.0,8.0,13.0,3.0,4.0,4.0,3.0,57.1,86.7,82.0,80.0,0.0,1,7.0,11.0,1.0,20180516033943.0,11074.0,0.83,0.91
318,44.0,5.0,第4节,第4节,-8.5,0.83,8.5,0.91,213.5,0.91,213.5,0.83,-8.5,4.0,,1.0,10.0,10.0,22.0,24.0,8.0,13.0,3.0,4.0,4.0,3.0,57.1,86.7,91.0,82.0,0.0,1,7.0,11.0,1.0,20180516033943.0,21077.0,0.83,0.91
319,44.0,5.0,第4节,第4节,-8.5,0.95,7.5,0.8,213.5,0.91,213.5,0.83,7.5,4.0,,1.0,10.0,10.0,22.0,24.0,8.0,13.0,3.0,4.0,4.0,3.0,57.1,86.7,91.0,82.0,0.0,1,7.0,11.0,1.0,20180516033943.0,11077.0,0.83,0.91
320,44.0,5.0,第4节,第4节,-7.5,0.95,7.5,0.8,213.5,0.91,213.5,0.83,-7.5,4.0,,1.0,10.0,10.0,22.0,24.0,8.0,13.0,3.0,4.0,4.0,3.0,57.1,86.7,91.0,82.0,0.0,1,7.0,11.0,1.0,20180516033943.0,21077.0,0.83,0.91
321,44.0,5.0,第4节,第4节,-7.5,0.95,8.5,0.8,213.5,0.91,213.5,0.83,8.5,4.0,,1.0,10.0,10.0,22.0,24.0,8.0,13.0,3.0,4.0,4.0,3.0,57.1,86.7,91.0,82.0,0.0,1,7.0,11.0,1.0,20180516033943.0,21077.0,0.83,0.91
322,44.0,5.0,第4节,第4节,-8.5,0.83,8.5,0.91,213.5,0.91,213.5,0.83,-8.5,4.0,,1.0,10.0,10.0,22.0,25.0,8.0,13.0,3.0,4.0,4.0,3.0,57.1,86.7,91.0,93.0,0.0,1,7.0,11.0,1.0,20180516033943.0,21074.0,0.83,0.91
323,44.0,5.0,第4节,第4节,-8.5,0.83,8.5,0.91,213.5,0.91,213.5,0.83,-8.5,4.0,,1.0,10.0,10.0,22.0,25.0,8.0,13.0,3.0,4.0,4.0,3.0,57.1,86.7,93.0,82.0,0.0,1,7.0,11.0,1.0,20180516033943.0,11077.0,0.83,0.91
324,44.0,5.0,第4节,第4节,-8.5,0.83,8.5,0.91,213.5,0.91,213.5,0.83,-8.5,4.0,,1.0,10.0,10.0,22.0,25.0,8.0,13.0,3.0,4.0,4.0,3.0,57.1,86.7,93.0,82.0,0.0,1,5.0,54.0,0.0,20180516033943.0,11077.0,0.83,0.91
325,44.0,5.0,第4节,第4节,-8.5,0.83,8.5,0.91,213.5,0.91,213.5,0.83,-8.5,4.0,,1.0,10.0,10.0,22.0,25.0,8.0,13.0,3.0,4.0,4.0,3.0,57.1,86.7,93.0,82.0,0.0,1,5.0,54.0,0.0,20180516033943.0,11077.0,0.83,0.91
326,44.0,5.0,第4节,第4节,-8.5,0.83,8.5,0.91,213.5,0.91,213.5,0.83,-8.5,4.0,,1.0,10.0,10.0,22.0,25.0,8.0,13.0,3.0,4.0,4.0,3.0,57.1,86.7,93.0,82.0,0.0,1,5.0,54.0,1.0,20180516034101.0,11077.0,0.83,0.91
327,44.0,5.0,第4节,第4节,-8.5,0.83,8.5,0.91,213.5,0.91,213.5,0.83,-8.5,4.0,,1.0,10.0,10.0,23.0,25.0,8.0,13.0,3.0,4.0,4.0,3.0,57.1,86.7,84.0,82.0,0.0,1,5.0,54.0,1.0,20180516034101.0,11074.0,0.83,0.91
328,44.0,5.0,第4节,第4节,-8.5,0.83,8.5,0.91,213.5,0.91,213.5,0.83,-8.5,4.0,,1.0,10.0,10.0,23.0,25.0,8.0,13.0,3.0,4.0,4.0,3.0,57.1,86.7,93.0,84.0,0.0,1,5.0,54.0,1.0,20180516034101.0,21077.0,0.83,0.91
329,44.0,5.0,第4节,第4节,-8.5,0.95,8.5,0.8,213.5,0.91,213.5,0.83,-8.5,4.0,,1.0,10.0,10.0,23.0,26.0,8.0,13.0,3.0,4.0,4.0,3.0,57.1,86.7,93.0,84.0,0.0,1,5.0,54.0,1.0,20180516034101.0,21074.0,0.83,0.91
330,44.0,5.0,第4节,第4节,-8.5,0.83,8.5,0.91,213.5,0.91,213.5,0.83,-8.5,4.0,,1.0,10.0,10.0,23.0,26.0,8.0,13.0,3.0,4.0,4.0,3.0,57.1,86.7,95.0,84.0,0.0,1,5.0,54.0,1.0,20180516034101.0,11077.0,0.83,0.91
331,44.0,5.0,第4节,第4节,-8.5,0.83,8.5,0.91,213.5,0.91,213.5,0.83,-8.5,4.0,,1.0,10.0,10.0,23.0,26.0,8.0,13.0,3.0,4.0,4.0,3.0,57.1,86.7,95.0,84.0,0.0,1,4.0,59.0,0.0,20180516034101.0,11077.0,0.83,0.91
332,44.0,5.0,第4节,第4节,-8.5,0.83,8.5,0.91,213.5,0.91,213.5,0.83,-8.5,4.0,,1.0,10.0,10.0,24.0,26.0,8.0,13.0,3.0,4.0,4.0,3.0,57.1,86.7,95.0,86.0,0.0,1,4.0,59.0,0.0,20180516034101.0,11074.0,0.83,0.91
333,44.0,5.0,第4节,第4节,-8.5,0.95,8.5,0.8,213.5,0.91,213.5,0.83,-8.5,4.0,,1.0,10.0,10.0,24.0,26.0,8.0,13.0,3.0,4.0,4.0,3.0,57.1,86.7,95.0,86.0,1.0,1,4.0,59.0,0.0,20180516034101.0,11074.0,0.83,0.91
334,44.0,5.0,第4节,第4节,-8.5,0.95,8.5,0.8,213.5,0.91,213.5,0.83,-8.5,4.0,,1.0,10.0,10.0,24.0,26.0,8.0,13.0,3.0,4.0,4.0,3.0,57.1,86.7,95.0,86.0,1.0,1,4.0,59.0,0.0,20180516034101.0,11074.0,0.83,0.91
335,44.0,5.0,第4节,第4节,-8.5,0.95,8.5,0.8,213.5,0.91,213.5,0.83,-8.5,4.0,,1.0,10.0,10.0,24.0,26.0,8.0,13.0,3.0,4.0,4.0,3.0,57.1,86.7,95.0,86.0,0.0,1,4.0,59.0,0.0,20180516034101.0,11074.0,0.83,0.91
336,44.0,5.0,第4节,第4节,-8.5,0.87,7.5,0.87,213.5,0.91,213.5,0.83,7.5,4.0,,1.0,10.0,10.0,24.0,26.0,8.0,13.0,3.0,4.0,4.0,3.0,57.1,86.7,95.0,86.0,0.0,1,4.0,59.0,0.0,20180516034101.0,11074.0,0.83,0.91
337,44.0,5.0,第4节,第4节,-7.5,0.87,7.5,0.87,213.5,0.91,213.5,0.83,-7.5,4.0,1:1,1.0,10.0,10.0,24.0,26.0,8.0,13.0,3.0,4.0,4.0,3.0,57.1,86.7,87.0,86.0,0.0,1,4.0,59.0,0.0,20180516034101.0,11078.0,0.83,0.91
338,44.0,5.0,第4节,第4节,-7.5,0.87,7.5,0.87,213.5,0.91,213.5,0.83,-7.5,4.0,1:1,1.0,10.0,10.0,24.0,26.0,9.0,13.0,3.0,4.0,4.0,3.0,60.0,86.7,95.0,87.0,0.0,1,4.0,59.0,0.0,20180516034101.0,11079.0,0.83,0.91
339,44.0,5.0,第4节,第4节,-7.5,0.87,7.5,0.87,213.5,0.91,213.5,0.83,-7.5,4.0,,1.0,10.0,10.0,24.0,26.0,9.0,13.0,3.0,4.0,4.0,3.0,60.0,86.7,95.0,87.0,0.0,1,4.0,59.0,1.0,20180516034248.0,21077.0,0.83,0.91
340,44.0,5.0,第4节,第4节,-7.5,0.87,6.5,0.87,213.5,0.91,213.5,0.83,6.5,4.0,,1.0,10.0,10.0,24.0,26.0,9.0,13.0,3.0,4.0,4.0,3.0,60.0,86.7,95.0,87.0,0.0,1,4.0,59.0,1.0,20180516034248.0,11077.0,0.83,0.91
341,44.0,5.0,第4节,第4节,-6.5,0.87,6.5,0.87,213.5,0.91,213.5,0.83,-6.5,4.0,,1.0,10.0,10.0,25.0,26.0,9.0,13.0,3.0,4.0,4.0,3.0,60.0,86.7,89.0,87.0,0.0,1,4.0,59.0,1.0,20180516034248.0,11074.0,0.83,0.91
342,44.0,5.0,第4节,第4节,-6.5,0.87,6.5,0.87,213.5,0.91,213.5,0.83,-6.5,4.0,,1.0,10.0,10.0,25.0,26.0,9.0,13.0,3.0,4.0,4.0,3.0,60.0,86.7,95.0,89.0,0.0,1,4.0,59.0,1.0,20180516034248.0,21077.0,0.83,0.91
343,44.0,5.0,第4节,第4节,-6.5,0.95,6.5,0.8,213.5,0.91,213.5,0.83,-6.5,4.0,,1.0,10.0,10.0,25.0,26.0,9.0,13.0,3.0,3.0,4.0,3.0,60.0,86.7,95.0,89.0,0.0,1,4.0,27.0,0.0,20180516034248.0,21081.0,0.83,0.91
344,44.0,5.0,第4节,第4节,-6.5,0.95,6.5,0.8,213.5,0.91,213.5,0.83,-6.5,4.0,,1.0,10.0,10.0,25.0,26.0,9.0,13.0,3.0,3.0,4.0,3.0,60.0,86.7,95.0,89.0,0.0,1,4.0,27.0,0.0,20180516034248.0,21081.0,0.83,0.91
345,44.0,5.0,第4节,第4节,-6.5,0.95,6.5,0.8,213.5,0.91,213.5,0.83,-6.5,4.0,,1.0,10.0,10.0,25.0,26.0,9.0,13.0,3.0,3.0,4.0,3.0,60.0,86.7,95.0,89.0,0.0,1,4.0,41.0,0.0,20180516034248.0,21081.0,0.83,0.91
346,44.0,5.0,第4节,第4节,-6.5,0.77,5.5,1.0,213.5,0.91,213.5,0.83,5.5,4.0,,1.0,10.0,10.0,25.0,26.0,9.0,13.0,3.0,3.0,4.0,3.0,60.0,86.7,95.0,89.0,0.0,1,4.0,41.0,0.0,20180516034248.0,21081.0,0.83,0.91
347,44.0,5.0,第4节,第4节,-5.5,0.77,5.5,0.77,213.5,0.91,213.5,0.83,-5.5,4.0,,1.0,10.0,10.0,25.0,26.0,9.0,13.0,3.0,3.0,4.0,3.0,60.0,86.7,95.0,89.0,0.0,1,4.0,41.0,0.0,20180516034248.0,21081.0,0.83,0.91
348,44.0,5.0,第4节,第4节,-5.5,1.0,6.5,0.77,213.5,0.91,213.5,0.83,6.5,4.0,,1.0,10.0,10.0,25.0,26.0,9.0,13.0,3.0,3.0,4.0,3.0,60.0,86.7,95.0,89.0,0.0,1,4.0,41.0,0.0,20180516034248.0,21081.0,0.83,0.91
349,44.0,5.0,第4节,第4节,-6.5,1.0,6.5,0.77,213.5,0.91,213.5,0.83,-6.5,4.0,,1.0,10.0,10.0,25.0,26.0,9.0,13.0,3.0,3.0,4.0,3.0,60.0,86.7,95.0,89.0,0.0,1,4.0,41.0,1.0,20180516034710.0,21081.0,0.83,0.91
350,44.0,5.0,第4节,第4节,-6.5,1.0,6.5,0.77,213.5,0.91,213.5,0.83,-6.5,4.0,,1.0,10.0,10.0,25.0,26.0,9.0,13.0,3.0,3.0,4.0,3.0,60.0,86.7,95.0,89.0,0.0,1,4.0,41.0,1.0,20180516034710.0,21081.0,0.83,0.91
351,44.0,5.0,第4节,第4节,-6.5,1.0,6.5,0.77,213.5,0.91,213.5,0.83,-6.5,4.0,,1.0,10.0,10.0,25.0,26.0,9.0,13.0,3.0,3.0,4.0,3.0,60.0,86.7,95.0,89.0,0.0,1,4.0,31.0,0.0,20180516034710.0,21081.0,0.83,0.91
352,44.0,5.0,第4节,第4节,-6.5,1.0,6.5,0.77,213.5,0.91,213.5,0.83,-6.5,4.0,,1.0,10.0,10.0,25.0,26.0,9.0,13.0,3.0,3.0,4.0,3.0,60.0,86.7,95.0,89.0,1.0,1,4.0,31.0,0.0,20180516034710.0,21081.0,0.83,0.91
353,44.0,5.0,第4节,第4节,-6.5,0.77,5.5,1.0,213.5,0.91,213.5,0.83,5.5,4.0,1:2,1.0,10.0,10.0,25.0,26.0,9.0,13.0,3.0,3.0,4.0,3.0,60.0,86.7,95.0,89.0,1.0,1,4.0,31.0,0.0,20180516034710.0,21078.0,0.83,0.91
354,44.0,5.0,第4节,第4节,-5.5,0.77,5.5,1.0,213.5,0.91,213.5,0.83,-5.5,4.0,1:2,1.0,10.0,10.0,25.0,26.0,9.0,13.0,3.0,3.0,4.0,3.0,60.0,86.7,95.0,89.0,0.0,1,4.0,31.0,0.0,20180516034710.0,21078.0,0.83,0.91
355,44.0,5.0,第4节,第4节,-5.5,0.77,5.5,1.0,213.5,0.91,213.5,0.83,-5.5,4.0,1:2,1.0,10.0,10.0,25.0,26.0,9.0,14.0,3.0,3.0,4.0,3.0,60.0,87.5,95.0,96.0,0.0,1,4.0,31.0,0.0,20180516034710.0,21079.0,0.83,0.91
356,44.0,5.0,第4节,第4节,-5.5,0.77,5.5,1.0,213.5,0.91,213.5,0.83,-5.5,4.0,2:2,1.0,10.0,10.0,25.0,26.0,9.0,14.0,3.0,3.0,4.0,3.0,60.0,87.5,96.0,89.0,0.0,1,4.0,31.0,0.0,20180516034710.0,21078.0,0.83,0.91
357,44.0,5.0,第4节,第4节,-5.5,0.95,6.5,0.8,213.5,0.91,213.5,0.83,6.5,4.0,2:2,1.0,10.0,10.0,25.0,26.0,9.0,14.0,3.0,3.0,4.0,3.0,60.0,87.5,96.0,89.0,0.0,1,4.0,31.0,0.0,20180516034710.0,21078.0,0.83,0.91
358,44.0,5.0,第4节,第4节,-6.5,0.95,6.5,0.8,213.5,0.91,213.5,0.83,-6.5,4.0,2:2,1.0,10.0,10.0,25.0,26.0,9.0,14.0,3.0,3.0,4.0,3.0,60.0,87.5,97.0,89.0,0.0,1,4.0,31.0,0.0,20180516034710.0,21078.0,0.83,0.91
359,44.0,5.0,第4节,第4节,-6.5,0.8,6.5,0.95,213.5,0.91,213.5,0.83,-6.5,4.0,2:2,1.0,10.0,10.0,25.0,26.0,9.0,15.0,3.0,3.0,4.0,3.0,60.0,88.2,97.0,89.0,0.0,1,4.0,31.0,0.0,20180516034710.0,21079.0,0.83,0.91
360,44.0,5.0,第4节,第4节,-6.5,0.91,6.5,0.83,213.5,0.91,213.5,0.83,-6.5,4.0,,1.0,10.0,10.0,25.0,26.0,9.0,15.0,3.0,3.0,4.0,3.0,60.0,88.2,97.0,89.0,0.0,1,4.0,31.0,1.0,20180516034816.0,11077.0,0.83,0.91
361,44.0,5.0,第4节,第4节,-6.5,0.91,7.5,0.83,213.5,0.91,213.5,0.83,7.5,4.0,,1.0,10.0,10.0,25.0,26.0,9.0,15.0,3.0,3.0,4.0,3.0,60.0,88.2,97.0,89.0,0.0,1,4.0,31.0,1.0,20180516034816.0,21077.0,0.83,0.91
362,44.0,5.0,第4节,第4节,-7.5,0.91,7.5,0.83,213.5,0.91,213.5,0.83,-7.5,4.0,,1.0,10.0,10.0,25.0,26.0,9.0,15.0,3.0,3.0,4.0,3.0,60.0,88.2,97.0,89.0,0.0,1,4.0,1.0,0.0,20180516034816.0,21077.0,0.83,0.91
363,44.0,5.0,第4节,第4节,-7.5,0.91,7.5,0.83,213.5,0.91,213.5,0.83,-7.5,4.0,,1.0,10.0,10.0,25.0,26.0,9.0,15.0,3.0,3.0,4.0,3.0,60.0,88.2,97.0,89.0,0.0,1,4.0,1.0,0.0,20180516034816.0,21077.0,0.83,0.91
364,44.0,5.0,第4节,第4节,-7.5,0.91,7.5,0.83,213.5,0.91,213.5,0.83,-7.5,4.0,,1.0,10.0,10.0,25.0,26.0,9.0,15.0,3.0,3.0,4.0,3.0,60.0,88.2,97.0,89.0,0.0,1,4.0,1.0,1.0,20180516034842.0,21077.0,0.83,0.91
365,44.0,5.0,第4节,第4节,-7.5,0.91,7.5,0.83,213.5,0.91,213.5,0.83,-7.5,4.0,,1.0,10.0,10.0,25.0,26.0,9.0,15.0,3.0,3.0,4.0,3.0,60.0,88.2,97.0,89.0,0.0,1,4.0,1.0,1.0,20180516034842.0,21077.0,0.83,0.91
366,44.0,5.0,第4节,第4节,-7.5,0.91,7.5,0.83,213.5,0.91,213.5,0.83,-7.5,4.0,,1.0,10.0,10.0,25.0,26.0,9.0,15.0,3.0,3.0,4.0,3.0,60.0,88.2,97.0,89.0,0.0,1,3.0,56.0,1.0,20180516034843.0,21077.0,0.83,0.91
367,44.0,5.0,第4节,第4节,-7.5,0.91,7.5,0.83,213.5,0.91,213.5,0.83,-7.5,4.0,,1.0,10.0,10.0,25.0,26.0,9.0,15.0,3.0,3.0,4.0,3.0,60.0,88.2,97.0,89.0,1.0,1,3.0,56.0,1.0,20180516034843.0,21077.0,0.83,0.91
368,44.0,5.0,第4节,第4节,-7.5,0.91,7.5,0.83,213.5,0.91,213.5,0.83,-7.5,4.0,,1.0,10.0,10.0,25.0,26.0,9.0,15.0,3.0,3.0,4.0,3.0,60.0,88.2,97.0,89.0,1.0,1,3.0,45.0,0.0,20180516034843.0,21077.0,0.83,0.91
369,44.0,5.0,第4节,第4节,-7.5,0.91,7.5,0.83,213.5,0.91,213.5,0.83,-7.5,4.0,,1.0,10.0,10.0,25.0,26.0,9.0,15.0,3.0,3.0,5.0,3.0,60.0,88.2,97.0,89.0,1.0,1,3.0,45.0,0.0,20180516034843.0,11086.0,0.83,0.91
370,44.0,5.0,第4节,第4节,-7.5,0.91,7.5,0.83,213.5,0.91,213.5,0.83,-7.5,4.0,,1.0,10.0,10.0,25.0,26.0,9.0,15.0,3.0,3.0,5.0,3.0,60.0,88.2,97.0,89.0,0.0,1,3.0,45.0,0.0,20180516034843.0,21077.0,0.83,0.91
371,44.0,5.0,第4节,第4节,-7.5,0.87,7.5,0.87,213.5,0.91,213.5,0.83,-7.5,4.0,1:2,1.0,10.0,10.0,25.0,26.0,9.0,15.0,3.0,3.0,5.0,3.0,60.0,88.2,97.0,89.0,0.0,1,3.0,45.0,0.0,20180516034843.0,21078.0,0.83,0.91
372,44.0,5.0,第4节,第4节,-7.5,0.87,7.5,0.87,213.5,0.91,213.5,0.83,-7.5,4.0,1:2,1.0,10.0,10.0,25.0,26.0,9.0,15.0,3.0,3.0,5.0,3.0,60.0,88.2,97.0,89.0,1.0,1,3.0,45.0,0.0,20180516034843.0,21078.0,0.83,0.91
373,44.0,5.0,第4节,第4节,-7.5,0.83,7.5,0.91,213.5,0.91,213.5,0.83,-7.5,4.0,1:2,1.0,10.0,10.0,25.0,26.0,9.0,16.0,3.0,3.0,5.0,3.0,60.0,88.9,97.0,98.0,1.0,1,3.0,45.0,0.0,20180516034843.0,21079.0,0.83,0.91
374,44.0,5.0,第4节,第4节,-7.5,0.83,7.5,0.91,213.5,0.91,213.5,0.83,-7.5,4.0,2:2,1.0,10.0,10.0,25.0,26.0,9.0,16.0,3.0,3.0,5.0,3.0,60.0,88.9,98.0,89.0,1.0,1,3.0,45.0,0.0,20180516034843.0,21078.0,0.83,0.91
375,44.0,5.0,第4节,第4节,-7.5,0.83,7.5,0.91,213.5,0.91,213.5,0.83,-7.5,4.0,2:2,1.0,10.0,10.0,25.0,26.0,9.0,17.0,3.0,3.0,5.0,3.0,60.0,89.5,98.0,99.0,1.0,1,3.0,45.0,0.0,20180516034843.0,21079.0,0.83,0.91
376,44.0,5.0,第4节,第4节,-7.5,0.83,7.5,0.91,213.5,0.91,213.5,0.83,-7.5,4.0,2:2,1.0,10.0,10.0,25.0,26.0,9.0,17.0,3.0,3.0,5.0,3.0,60.0,89.5,99.0,89.0,1.0,1,3.0,45.0,0.0,20180516034843.0,21079.0,0.83,0.91
377,44.0,5.0,第4节,第4节,-7.5,0.77,8.5,1.0,213.5,0.91,213.5,0.83,8.5,4.0,,1.0,10.0,10.0,25.0,26.0,9.0,17.0,3.0,3.0,5.0,3.0,60.0,89.5,99.0,89.0,1.0,1,3.0,45.0,0.0,20180516034843.0,11077.0,0.83,0.91
378,44.0,5.0,第4节,第4节,-8.5,0.77,8.5,0.77,213.5,0.91,213.5,0.83,-8.5,4.0,,1.0,10.0,10.0,25.0,26.0,9.0,17.0,3.0,3.0,5.0,3.0,60.0,89.5,99.0,89.0,1.0,1,3.0,45.0,0.0,20180516034843.0,11077.0,0.83,0.91
379,44.0,5.0,第4节,第4节,-8.5,1.0,9.5,0.77,213.5,0.91,213.5,0.83,9.5,4.0,,1.0,10.0,10.0,25.0,26.0,9.0,17.0,3.0,3.0,5.0,3.0,60.0,89.5,99.0,89.0,1.0,1,3.0,45.0,0.0,20180516034843.0,11077.0,0.83,0.91
380,44.0,5.0,第4节,第4节,-9.5,1.0,9.5,0.77,213.5,0.91,213.5,0.83,-9.5,4.0,,1.0,10.0,10.0,25.0,26.0,9.0,17.0,3.0,3.0,5.0,3.0,60.0,89.5,99.0,89.0,0.0,1,3.0,45.0,0.0,20180516034843.0,11077.0,0.83,0.91
381,44.0,5.0,第4节,第4节,-9.5,1.0,9.5,0.77,213.5,0.91,213.5,0.83,-9.5,4.0,,1.0,10.0,10.0,25.0,26.0,9.0,17.0,3.0,3.0,5.0,3.0,60.0,89.5,99.0,89.0,0.0,1,3.0,45.0,1.0,20180516035315.0,11077.0,0.83,0.91
382,44.0,5.0,第4节,第4节,-9.5,1.0,9.5,0.77,213.5,0.91,213.5,0.83,-9.5,4.0,,1.0,10.0,10.0,25.0,27.0,9.0,17.0,3.0,3.0,5.0,3.0,60.0,89.5,99.0,101.0,0.0,1,3.0,45.0,1.0,20180516035315.0,21074.0,0.83,0.91
383,44.0,5.0,第4节,第4节,-9.5,1.0,9.5,0.77,213.5,0.91,213.5,0.83,-9.5,4.0,,1.0,10.0,10.0,25.0,27.0,9.0,17.0,3.0,3.0,5.0,3.0,60.0,89.5,101.0,89.0,0.0,1,3.0,45.0,1.0,20180516035315.0,11077.0,0.83,0.91
384,44.0,5.0,第4节,第4节,-9.5,1.0,10.5,0.77,213.5,0.91,213.5,0.83,10.5,4.0,,1.0,10.0,10.0,25.0,27.0,9.0,17.0,3.0,3.0,5.0,3.0,60.0,89.5,101.0,89.0,0.0,1,3.0,45.0,1.0,20180516035315.0,11077.0,0.83,0.91
385,44.0,5.0,第4节,第4节,-10.5,1.0,10.5,0.77,213.5,0.91,213.5,0.83,-10.5,4.0,,1.0,10.0,10.0,25.0,27.0,9.0,17.0,3.0,3.0,5.0,3.0,60.0,89.5,101.0,89.0,1.0,1,3.0,45.0,1.0,20180516035315.0,11077.0,0.83,0.91
386,44.0,5.0,第4节,第4节,-10.5,1.0,10.5,0.77,213.5,0.91,213.5,0.83,-10.5,4.0,,1.0,10.0,10.0,25.0,27.0,9.0,17.0,3.0,3.0,5.0,3.0,60.0,89.5,101.0,89.0,1.0,1,3.0,36.0,0.0,20180516035315.0,11077.0,0.83,0.91
387,44.0,5.0,第4节,第4节,-10.5,1.0,10.5,0.77,213.5,0.91,213.5,0.83,-10.5,4.0,,1.0,10.0,10.0,25.0,27.0,9.0,17.0,3.0,3.0,5.0,3.0,60.0,89.5,101.0,89.0,0.0,1,3.0,36.0,0.0,20180516035315.0,11077.0,0.83,0.91
388,44.0,5.0,第4节,第4节,-10.5,0.8,10.5,0.95,213.5,0.91,213.5,0.83,-10.5,4.0,1:1,1.0,10.0,10.0,25.0,27.0,9.0,17.0,3.0,3.0,5.0,3.0,60.0,89.5,101.0,89.0,0.0,1,3.0,36.0,0.0,20180516035315.0,21078.0,0.83,0.91
389,44.0,5.0,第4节,第4节,-10.5,0.8,10.5,0.95,213.5,0.91,213.5,0.83,-10.5,4.0,1:1,1.0,10.0,10.0,25.0,27.0,9.0,17.0,3.0,3.0,5.0,3.0,60.0,89.5,101.0,89.0,1.0,1,3.0,36.0,0.0,20180516035315.0,21078.0,0.83,0.91
390,44.0,5.0,第4节,第4节,-10.5,0.8,10.5,0.95,213.5,0.91,213.5,0.83,-10.5,4.0,1:1,1.0,10.0,10.0,25.0,27.0,9.0,17.0,3.0,3.0,5.0,3.0,60.0,89.5,101.0,89.0,1.0,1,3.0,36.0,0.0,20180516035315.0,21078.0,0.83,0.91
391,44.0,5.0,第4节,第4节,-10.5,0.8,10.5,0.95,213.5,0.91,213.5,0.83,-10.5,4.0,1:1,1.0,10.0,10.0,25.0,27.0,9.0,17.0,3.0,3.0,5.0,3.0,60.0,89.5,101.0,89.0,0.0,1,3.0,36.0,0.0,20180516035315.0,21078.0,0.83,0.91
392,44.0,5.0,第4节,第4节,-10.5,1.0,10.5,0.77,213.5,0.91,213.5,0.83,-10.5,4.0,1:1,1.0,10.0,10.0,25.0,27.0,9.0,17.0,3.0,3.0,5.0,3.0,60.0,89.5,101.0,89.0,0.0,1,3.0,36.0,1.0,20180516035358.0,21078.0,0.83,0.91
393,44.0,5.0,第4节,第4节,-10.5,1.0,10.5,0.77,213.5,0.91,213.5,0.83,-10.5,4.0,1:1,1.0,10.0,10.0,25.0,27.0,9.0,17.0,3.0,3.0,5.0,3.0,60.0,85.0,101.0,89.0,0.0,1,3.0,36.0,1.0,20180516035358.0,21080.0,0.83,0.91
394,44.0,5.0,第4节,第4节,-10.5,1.0,10.5,0.77,213.5,0.91,213.5,0.83,-10.5,4.0,,1.0,10.0,10.0,25.0,27.0,9.0,17.0,3.0,3.0,5.0,3.0,60.0,85.0,101.0,89.0,0.0,1,3.0,36.0,1.0,20180516035358.0,11077.0,0.83,0.91
395,44.0,5.0,第4节,第4节,-10.5,0.95,11.5,0.8,213.5,0.91,213.5,0.83,11.5,4.0,,1.0,10.0,10.0,25.0,27.0,9.0,17.0,3.0,3.0,5.0,3.0,60.0,85.0,101.0,89.0,0.0,1,3.0,36.0,1.0,20180516035358.0,21077.0,0.83,0.91
396,44.0,5.0,第4节,第4节,-11.5,0.95,11.5,0.8,213.5,0.91,213.5,0.83,-11.5,4.0,,1.0,10.0,10.0,25.0,27.0,9.0,17.0,3.0,3.0,5.0,3.0,60.0,85.0,101.0,89.0,0.0,1,3.0,19.0,0.0,20180516035358.0,21077.0,0.83,0.91
397,44.0,5.0,第4节,第4节,-11.5,0.91,11.5,0.83,213.5,0.91,213.5,0.83,-11.5,4.0,,1.0,10.0,10.0,25.0,27.0,9.0,17.0,3.0,3.0,5.0,3.0,60.0,85.0,101.0,89.0,0.0,1,3.0,19.0,0.0,20180516035358.0,21077.0,0.83,0.91
398,44.0,5.0,第4节,第4节,-11.5,0.91,11.5,0.83,213.5,0.91,213.5,0.83,-11.5,4.0,,1.0,10.0,10.0,25.0,27.0,9.0,17.0,3.0,3.0,5.0,3.0,60.0,85.0,101.0,89.0,0.0,1,3.0,19.0,1.0,20180516035433.0,21077.0,0.83,0.91
399,44.0,5.0,第4节,第4节,-11.5,0.91,10.5,0.83,213.5,0.91,213.5,0.83,10.5,4.0,,1.0,10.0,10.0,25.0,27.0,9.0,17.0,3.0,3.0,5.0,3.0,60.0,85.0,101.0,89.0,0.0,1,3.0,19.0,1.0,20180516035433.0,11077.0,0.83,0.91
400,44.0,5.0,第4节,第4节,-10.5,0.91,10.5,0.87,213.5,0.91,213.5,0.83,-10.5,4.0,,1.0,10.0,10.0,25.0,27.0,9.0,17.0,3.0,3.0,5.0,3.0,60.0,85.0,101.0,89.0,0.0,1,3.0,19.0,1.0,20180516035433.0,21077.0,0.83,0.91
401,44.0,5.0,第4节,第4节,-10.5,0.87,11.5,0.87,213.5,0.91,213.5,0.83,11.5,4.0,,1.0,10.0,10.0,25.0,27.0,9.0,17.0,3.0,3.0,5.0,3.0,60.0,85.0,101.0,89.0,0.0,1,3.0,19.0,1.0,20180516035433.0,21077.0,0.83,0.91
402,44.0,5.0,第4节,第4节,-11.5,0.87,11.5,0.87,213.5,0.91,213.5,0.83,-11.5,4.0,,1.0,10.0,10.0,25.0,27.0,9.0,17.0,3.0,3.0,5.0,3.0,60.0,85.0,101.0,89.0,0.0,1,3.0,2.0,0.0,20180516035433.0,21077.0,0.83,0.91
403,44.0,5.0,第4节,第4节,-11.5,0.91,11.5,0.83,213.5,0.91,213.5,0.83,-11.5,4.0,,1.0,10.0,10.0,25.0,27.0,9.0,17.0,3.0,3.0,5.0,3.0,60.0,85.0,101.0,89.0,0.0,1,3.0,2.0,0.0,20180516035433.0,21077.0,0.83,0.91
404,44.0,5.0,第4节,第4节,-11.5,0.95,11.5,0.8,213.5,0.91,213.5,0.83,-11.5,4.0,,1.0,10.0,10.0,25.0,27.0,9.0,17.0,3.0,3.0,5.0,3.0,60.0,85.0,101.0,89.0,0.0,1,3.0,2.0,1.0,20180516035519.0,21077.0,0.83,0.91
405,44.0,5.0,第4节,第4节,-11.5,0.95,11.5,0.8,213.5,0.91,213.5,0.83,-11.5,4.0,,1.0,10.0,11.0,25.0,27.0,9.0,17.0,3.0,3.0,5.0,3.0,60.0,85.0,104.0,89.0,0.0,1,3.0,2.0,1.0,20180516035519.0,21075.0,0.83,0.91
406,44.0,5.0,第4节,第4节,-11.5,0.91,14.5,0.83,213.5,0.91,213.5,0.83,14.5,4.0,,1.0,10.0,11.0,25.0,27.0,9.0,17.0,3.0,3.0,5.0,3.0,60.0,85.0,104.0,89.0,0.0,1,3.0,2.0,1.0,20180516035519.0,21075.0,0.83,0.91
407,44.0,5.0,第4节,第4节,-14.5,0.91,14.5,0.83,213.5,0.91,213.5,0.83,-14.5,4.0,,1.0,10.0,11.0,25.0,27.0,9.0,17.0,3.0,3.0,5.0,3.0,60.0,85.0,104.0,89.0,1.0,1,3.0,2.0,1.0,20180516035519.0,21075.0,0.83,0.91
408,44.0,5.0,第4节,第4节,-14.5,0.91,13.5,0.83,213.5,0.91,213.5,0.83,13.5,4.0,,1.0,10.0,11.0,25.0,27.0,9.0,17.0,3.0,3.0,5.0,3.0,60.0,85.0,104.0,89.0,1.0,1,3.0,2.0,1.0,20180516035519.0,11077.0,0.83,0.91
409,44.0,5.0,第4节,第4节,-13.5,0.91,13.5,0.83,213.5,0.91,213.5,0.83,-13.5,4.0,,1.0,10.0,10.0,25.0,27.0,9.0,17.0,3.0,3.0,5.0,3.0,60.0,85.0,104.0,101.0,1.0,1,3.0,2.0,1.0,20180516035519.0,21077.0,0.83,0.91
410,44.0,5.0,第4节,第4节,-13.5,0.91,13.5,0.83,213.5,0.91,213.5,0.83,-13.5,4.0,,1.0,10.0,10.0,25.0,28.0,9.0,17.0,3.0,3.0,5.0,3.0,60.0,85.0,101.0,89.0,1.0,1,3.0,2.0,1.0,20180516035519.0,21074.0,0.83,0.91
411,44.0,5.0,第4节,第4节,-13.5,0.91,11.5,0.83,213.5,0.91,213.5,0.83,11.5,4.0,,1.0,10.0,10.0,25.0,28.0,9.0,17.0,3.0,3.0,5.0,3.0,60.0,85.0,101.0,89.0,1.0,1,3.0,2.0,1.0,20180516035519.0,21074.0,0.83,0.91
412,44.0,5.0,第4节,第4节,-11.5,0.91,11.5,0.83,213.5,0.91,213.5,0.83,-11.5,4.0,,1.0,10.0,10.0,25.0,28.0,9.0,17.0,3.0,3.0,5.0,3.0,60.0,85.0,103.0,89.0,1.0,1,3.0,2.0,1.0,20180516035519.0,11077.0,0.83,0.91
413,44.0,5.0,第4节,第4节,-11.5,0.91,12.5,0.83,213.5,0.91,213.5,0.83,12.5,4.0,,1.0,10.0,10.0,25.0,28.0,9.0,17.0,3.0,3.0,5.0,3.0,60.0,85.0,103.0,89.0,1.0,1,3.0,2.0,1.0,20180516035519.0,11077.0,0.83,0.91
414,44.0,5.0,第4节,第4节,-12.5,0.91,12.5,0.87,213.5,0.91,213.5,0.83,-12.5,4.0,,1.0,10.0,10.0,25.0,28.0,9.0,17.0,3.0,3.0,5.0,3.0,60.0,85.0,103.0,89.0,1.0,1,3.0,2.0,1.0,20180516035519.0,21077.0,0.83,0.91
415,44.0,5.0,第4节,第4节,-12.5,0.87,13.5,0.87,213.5,0.91,213.5,0.83,13.5,4.0,,1.0,10.0,10.0,25.0,28.0,9.0,17.0,3.0,3.0,5.0,3.0,60.0,85.0,103.0,89.0,1.0,1,3.0,2.0,1.0,20180516035519.0,21077.0,0.83,0.91
416,44.0,5.0,第4节,第4节,-13.5,0.87,13.5,0.87,213.5,0.91,213.5,0.83,-13.5,4.0,,1.0,10.0,10.0,25.0,28.0,9.0,17.0,3.0,3.0,5.0,3.0,60.0,85.0,103.0,89.0,1.0,1,3.0,2.0,1.0,20180516035519.0,11077.0,0.83,0.91
417,44.0,5.0,第4节,第4节,-13.5,0.87,12.5,0.87,213.5,0.91,213.5,0.83,12.5,4.0,,1.0,10.0,10.0,25.0,28.0,9.0,17.0,3.0,3.0,5.0,3.0,60.0,85.0,103.0,89.0,1.0,1,3.0,2.0,1.0,20180516035519.0,11077.0,0.83,0.91
418,44.0,5.0,第4节,第4节,-12.5,0.87,12.5,0.87,213.5,0.91,213.5,0.83,-12.5,4.0,,1.0,10.0,10.0,26.0,28.0,9.0,17.0,3.0,3.0,5.0,3.0,60.0,85.0,91.0,89.0,1.0,1,3.0,2.0,1.0,20180516035519.0,11074.0,0.83,0.91
419,44.0,5.0,第4节,第4节,-12.5,0.87,12.5,0.87,213.5,0.91,213.5,0.83,-12.5,4.0,,1.0,10.0,10.0,26.0,28.0,9.0,17.0,3.0,3.0,5.0,3.0,60.0,85.0,103.0,91.0,1.0,1,3.0,2.0,1.0,20180516035519.0,21077.0,0.83,0.91
420,44.0,5.0,第4节,第4节,-12.5,0.83,11.5,0.91,213.5,0.91,213.5,0.83,11.5,4.0,,1.0,10.0,10.0,26.0,28.0,9.0,17.0,3.0,3.0,5.0,3.0,60.0,85.0,103.0,91.0,1.0,1,3.0,2.0,1.0,20180516035519.0,21077.0,0.83,0.91
421,44.0,5.0,第4节,第4节,-11.5,0.8,11.5,0.95,213.5,0.91,213.5,0.83,-11.5,4.0,,1.0,10.0,10.0,26.0,29.0,9.0,17.0,3.0,3.0,5.0,3.0,60.0,85.0,103.0,105.0,1.0,1,3.0,2.0,1.0,20180516035519.0,21074.0,0.83,0.91
422,44.0,5.0,第4节,第4节,-11.5,0.8,11.5,0.95,213.5,0.91,213.5,0.83,-11.5,4.0,,1.0,10.0,10.0,26.0,29.0,9.0,17.0,3.0,3.0,5.0,3.0,60.0,85.0,105.0,91.0,1.0,1,3.0,2.0,1.0,20180516035519.0,11077.0,0.83,0.91
423,44.0,5.0,第4节,第4节,-11.5,0.77,12.5,1.0,213.5,0.91,213.5,0.83,12.5,4.0,,1.0,10.0,10.0,26.0,29.0,9.0,17.0,3.0,3.0,5.0,3.0,60.0,85.0,105.0,91.0,1.0,1,3.0,2.0,1.0,20180516035519.0,11077.0,0.83,0.91
424,44.0,5.0,第4节,第4节,-12.5,0.77,12.5,1.0,213.5,0.91,213.5,0.83,-12.5,4.0,,1.0,10.0,10.0,26.0,29.0,9.0,17.0,2.0,3.0,5.0,3.0,60.0,85.0,105.0,91.0,1.0,1,1.0,39.0,0.0,20180516035519.0,11081.0,0.83,0.91
425,44.0,5.0,第4节,第4节,-12.5,0.74,12.5,1.05,213.5,0.91,213.5,0.83,-12.5,4.0,,1.0,10.0,10.0,26.0,29.0,9.0,17.0,2.0,3.0,5.0,3.0,60.0,85.0,105.0,91.0,0.0,1,1.0,39.0,0.0,20180516035519.0,11081.0,0.83,0.91
426,44.0,5.0,第4节,第4节,-12.5,0.74,12.5,1.05,213.5,0.91,213.5,0.83,-12.5,4.0,,1.0,10.0,10.0,26.0,29.0,9.0,17.0,2.0,3.0,5.0,3.0,60.0,85.0,105.0,91.0,0.0,1,1.0,39.0,0.0,20180516035519.0,11081.0,0.83,0.91
427,44.0,5.0,第4节,第4节,-12.5,0.74,12.5,1.05,213.5,0.91,213.5,0.83,-12.5,4.0,,1.0,10.0,10.0,26.0,29.0,9.0,17.0,2.0,3.0,5.0,3.0,60.0,85.0,105.0,91.0,1.0,1,1.0,39.0,0.0,20180516035519.0,11081.0,0.83,0.91
428,44.0,5.0,第4节,第4节,-12.5,0.74,12.5,1.05,213.5,0.91,213.5,0.83,-12.5,4.0,,1.0,10.0,10.0,26.0,29.0,9.0,17.0,2.0,3.0,5.0,3.0,60.0,85.0,105.0,91.0,1.0,1,1.0,39.0,1.0,20180516035829.0,11081.0,0.83,0.91
429,44.0,5.0,第4节,第4节,-12.5,1.1,14.5,0.71,213.5,0.91,213.5,0.83,14.5,4.0,,1.0,10.0,10.0,26.0,29.0,9.0,17.0,2.0,3.0,5.0,3.0,60.0,85.0,105.0,91.0,1.0,1,1.0,39.0,1.0,20180516035829.0,21077.0,0.83,0.91
430,44.0,5.0,第4节,第4节,-14.5,1.1,14.5,0.77,213.5,0.91,213.5,0.83,-14.5,4.0,,1.0,10.0,10.0,26.0,29.0,9.0,17.0,2.0,3.0,5.0,3.0,60.0,85.0,105.0,91.0,1.0,1,1.0,39.0,1.0,20180516035829.0,11077.0,0.83,0.91
431,44.0,5.0,第4节,第4节,-14.5,1.0,13.5,0.77,213.5,0.91,213.5,0.83,13.5,4.0,,1.0,10.0,10.0,26.0,29.0,9.0,17.0,2.0,3.0,5.0,3.0,60.0,85.0,105.0,91.0,1.0,1,1.0,39.0,1.0,20180516035829.0,11077.0,0.83,0.91
432,44.0,5.0,第4节,第4节,-13.5,1.0,13.5,0.77,213.5,0.91,213.5,0.83,-13.5,4.0,,1.0,10.0,10.0,26.0,29.0,9.0,17.0,2.0,3.0,5.0,3.0,60.0,85.0,105.0,91.0,1.0,1,1.0,3.0,0.0,20180516035829.0,11077.0,0.83,0.91
433,44.0,5.0,第4节,第4节,-13.5,0.8,12.5,0.95,213.5,0.91,213.5,0.83,12.5,4.0,1:2,1.0,10.0,10.0,26.0,29.0,9.0,17.0,2.0,3.0,5.0,3.0,60.0,85.0,105.0,91.0,1.0,1,1.0,3.0,0.0,20180516035829.0,11078.0,0.83,0.91
434,44.0,5.0,第4节,第4节,-12.5,0.8,12.5,0.95,213.5,0.91,213.5,0.83,-12.5,4.0,1:2,1.0,10.0,10.0,26.0,29.0,9.0,17.0,2.0,3.0,5.0,3.0,56.2,85.0,105.0,91.0,1.0,1,1.0,3.0,0.0,20180516035829.0,11080.0,0.83,0.91
435,44.0,5.0,第4节,第4节,-12.5,0.87,13.5,0.87,213.5,0.91,213.5,0.83,13.5,4.0,2:2,1.0,10.0,10.0,26.0,29.0,9.0,17.0,2.0,3.0,5.0,3.0,56.2,85.0,105.0,91.0,1.0,1,1.0,3.0,0.0,20180516035829.0,11078.0,0.83,0.91
436,44.0,5.0,第4节,第4节,-13.5,1.0,13.5,0.77,213.5,0.91,213.5,0.83,-13.5,4.0,2:2,1.0,10.0,10.0,26.0,29.0,10.0,17.0,2.0,3.0,5.0,3.0,58.8,85.0,105.0,92.0,1.0,1,1.0,3.0,0.0,20180516035829.0,11079.0,0.83,0.91
437,44.0,5.0,第4节,第4节,-13.5,1.0,13.5,0.77,213.5,0.91,213.5,0.83,-13.5,4.0,,1.0,10.0,10.0,26.0,29.0,10.0,17.0,2.0,3.0,5.0,3.0,58.8,85.0,105.0,92.0,1.0,1,1.0,3.0,1.0,20180516040014.0,21077.0,0.83,0.91
438,44.0,5.0,第4节,第4节,-13.5,1.0,13.5,0.77,213.5,0.91,213.5,0.83,-13.5,4.0,,1.0,10.0,10.0,26.0,30.0,10.0,17.0,2.0,3.0,5.0,3.0,58.8,85.0,107.0,92.0,1.0,1,1.0,3.0,1.0,20180516040014.0,21074.0,0.83,0.91
439,44.0,5.0,第4节,第4节,-13.5,0.95,15.5,0.8,213.5,0.91,213.5,0.83,15.5,4.0,,1.0,10.0,10.0,26.0,30.0,10.0,17.0,2.0,3.0,5.0,3.0,58.8,85.0,107.0,92.0,1.0,1,1.0,3.0,1.0,20180516040014.0,21074.0,0.83,0.91
440,44.0,5.0,第4节,第4节,-15.5,0.95,15.5,0.8,213.5,0.91,213.5,0.83,-15.5,4.0,,1.0,10.0,10.0,26.0,30.0,10.0,17.0,2.0,3.0,5.0,3.0,58.8,85.0,107.0,92.0,1.0,1,1.0,3.0,1.0,20180516040014.0,11077.0,0.83,0.91
441,44.0,5.0,第4节,第4节,-15.5,0.95,14.5,0.8,213.5,0.91,213.5,0.83,14.5,4.0,,1.0,10.0,10.0,26.0,30.0,10.0,17.0,2.0,3.0,5.0,3.0,58.8,85.0,107.0,92.0,1.0,1,1.0,3.0,1.0,20180516040014.0,11077.0,0.83,0.91
442,44.0,5.0,第4节,第4节,-14.5,0.95,14.5,0.8,213.5,0.91,213.5,0.83,-14.5,4.0,,1.0,10.0,10.0,27.0,30.0,10.0,17.0,2.0,3.0,5.0,3.0,58.8,85.0,94.0,92.0,1.0,1,1.0,3.0,1.0,20180516040014.0,11074.0,0.83,0.91
443,44.0,5.0,第4节,第4节,-14.5,0.95,14.5,0.8,213.5,0.91,213.5,0.83,-14.5,4.0,,1.0,10.0,10.0,27.0,30.0,10.0,17.0,2.0,3.0,5.0,3.0,58.8,85.0,107.0,94.0,1.0,1,1.0,3.0,1.0,20180516040014.0,21077.0,0.83,0.91
444,44.0,5.0,第4节,第4节,-14.5,0.95,13.5,0.8,213.5,0.91,213.5,0.83,13.5,4.0,,1.0,10.0,10.0,27.0,30.0,10.0,17.0,2.0,3.0,5.0,3.0,58.8,85.0,107.0,94.0,1.0,1,1.0,3.0,1.0,20180516040014.0,21077.0,0.83,0.91
445,44.0,5.0,第4节,第4节,-13.5,0.95,13.5,0.8,213.5,0.91,213.5,0.83,-13.5,4.0,,1.0,10.0,10.0,27.0,30.0,10.0,17.0,2.0,3.0,5.0,3.0,58.8,85.0,107.0,94.0,1.0,1,0.0,11.0,0.0,20180516040014.0,21077.0,0.83,0.91
446,44.0,5.0,第4节,第4节,-13.5,0.91,13.5,0.83,213.5,0.91,213.5,0.83,-13.5,4.0,,1.0,10.0,10.0,27.0,30.0,10.0,17.0,2.0,3.0,5.0,3.0,58.8,85.0,107.0,94.0,1.0,1,0.0,11.0,0.0,20180516040014.0,21077.0,0.83,0.91
447,44.0,5.0,第4节,第4节,-13.5,0.91,13.5,0.83,213.5,0.91,213.5,0.83,-13.5,4.0,,1.0,10.0,10.0,27.0,30.0,10.0,17.0,2.0,3.0,5.0,3.0,58.8,85.0,107.0,94.0,1.0,1,0.0,6.0,0.0,20180516040014.0,21077.0,0.83,0.91
448,44.0,5.0,第4节,第4节,-13.5,0.87,13.5,0.87,213.5,0.91,213.5,0.83,-13.5,4.0,,1.0,10.0,10.0,27.0,30.0,10.0,17.0,2.0,3.0,5.0,3.0,58.8,85.0,107.0,94.0,1.0,1,0.0,6.0,0.0,20180516040014.0,21077.0,0.83,0.91
449,44.0,5.0,第4节,第4节,-13.5,0.87,13.5,0.87,213.5,0.91,213.5,0.83,-13.5,4.0,,1.0,10.0,10.0,27.0,30.0,10.0,17.0,2.0,3.0,5.0,3.0,58.8,85.0,107.0,94.0,1.0,1,0.0,1.0,0.0,20180516040014.0,21077.0,0.83,0.91
450,44.0,5.0,第4节,第4节,-13.5,0.87,13.5,0.87,213.5,0.91,213.5,0.83,-13.5,4.0,,1.0,10.0,10.0,27.0,30.0,10.0,17.0,2.0,3.0,5.0,3.0,58.8,85.0,107.0,94.0,1.0,1,0.0,1.0,1.0,20180516040120.0,21077.0,0.83,0.91
451,44.0,5.0,第4节,第4节,-13.5,0.87,13.5,0.87,213.5,0.91,213.5,0.83,-13.5,4.0,,1.0,10.0,10.0,27.0,30.0,10.0,17.0,2.0,3.0,5.0,3.0,58.8,85.0,107.0,94.0,1.0,1,0.0,1.0,1.0,20180516040120.0,1084.0,0.83,0.91
452,44.0,5.0,第4节,第4节,-13.5,0.87,13.5,0.87,213.5,0.91,213.5,0.83,-13.5,4.0,4.0,1.0,10.0,10.0,27.0,30.0,10.0,17.0,2.0,3.0,5.0,3.0,58.8,85.0,107.0,94.0,1.0,1,0.0,1.0,1.0,20180516040120.0,1084.0,0.83,0.91
453,44.0,5.0,第4节,第4节,-13.5,0.87,13.5,0.87,213.5,0.91,213.5,0.83,-13.5,4.0,4.0,1.0,10.0,10.0,27.0,30.0,10.0,17.0,2.0,3.0,0.0,3.0,58.8,85.0,107.0,94.0,1.0,1,0.0,1.0,1.0,20180516040120.0,1084.0,0.83,0.91
454,44.0,5.0,第4节,第4节,-13.5,0.87,13.5,0.87,213.5,0.91,213.5,0.83,-13.5,4.0,4.0,0.0,10.0,10.0,27.0,30.0,10.0,17.0,2.0,3.0,0.0,3.0,58.8,85.0,107.0,94.0,1.0,1,0.0,1.0,1.0,20180516040120.0,1084.0,0.83,0.91
455,44.0,5.0,第4节,第4节,-13.5,0.87,13.5,0.87,213.5,0.91,213.5,0.83,-13.5,4.0,4.0,0.0,10.0,10.0,27.0,30.0,10.0,17.0,2.0,3.0,0.0,0.0,58.8,85.0,107.0,94.0,1.0,1,0.0,1.0,1.0,20180516040120.0,1084.0,0.83,0.91
456,44.0,5.0,第4节,第4节,-13.5,0.87,13.5,0.87,213.5,0.91,213.5,0.83,0.0,4.0,4.0,0.0,10.0,10.0,27.0,30.0,10.0,17.0,2.0,3.0,0.0,0.0,58.8,85.0,107.0,94.0,1.0,1,0.0,1.0,1.0,20180516040120.0,1084.0,0.83,0.91
457,44.0,5.0,第4节,第4节,-13.5,0.87,0.0,0.87,213.5,0.91,213.5,0.83,0.0,4.0,4.0,0.0,10.0,10.0,27.0,30.0,10.0,17.0,2.0,3.0,0.0,0.0,58.8,85.0,107.0,94.0,1.0,1,0.0,1.0,1.0,20180516040120.0,1084.0,0.83,0.91
458,44.0,5.0,第4节,第4节,-13.5,0.87,0.0,0.87,213.5,0.91,213.5,0.83,0.0,4.0,4.0,0.0,10.0,10.0,27.0,30.0,10.0,17.0,2.0,3.0,0.0,0.0,58.8,85.0,107.0,94.0,1.0,1,0.0,1.0,1.0,20180516040120.0,1084.0,0.83,0.91
459,44.0,5.0,第4节,第4节,0.0,0.87,0.0,0.87,213.5,0.91,213.5,0.83,0.0,4.0,4.0,0.0,10.0,10.0,27.0,30.0,10.0,17.0,2.0,3.0,0.0,0.0,58.8,85.0,107.0,94.0,1.0,1,0.0,1.0,1.0,20180516040120.0,1084.0,0.83,0.91
460,44.0,5.0,第4节,第4节,0.0,0.87,0.0,0.87,213.5,0.91,213.5,0.83,0.0,4.0,4.0,0.0,10.0,10.0,27.0,30.0,10.0,17.0,2.0,3.0,0.0,0.0,58.8,85.0,107.0,94.0,1.0,1,0.0,1.0,0.0,20180516040120.0,1084.0,0.83,0.91
461,44.0,5.0,第4节,第4节,0.0,0.87,0.0,0.87,213.5,0.91,213.5,0.83,0.0,4.0,4.0,0.0,10.0,10.0,27.0,30.0,10.0,17.0,2.0,3.0,0.0,0.0,58.8,85.0,107.0,94.0,1.0,1,0.0,0.0,0.0,20180516040120.0,1084.0,0.83,0.91
462,44.0,5.0,第4节,第4节,0.0,0.87,0.0,0.87,213.5,0.91,213.5,0.83,0.0,4.0,4.0,0.0,10.0,10.0,27.0,30.0,10.0,17.0,2.0,3.0,0.0,0.0,58.8,85.0,107.0,94.0,1.0,1,0.0,0.0,0.0,20180516040120.0,1084.0,0.83,0.91
463,44.0,5.0,第4节,第4节,0.0,0.87,0.0,0.87,213.5,0.91,213.5,0.83,0.0,4.0,4.0,0.0,10.0,10.0,27.0,30.0,10.0,17.0,2.0,3.0,0.0,0.0,58.8,85.0,107.0,94.0,1.0,1,0.0,0.0,0.0,20180516040120.0,1084.0,0.83,0.91
