,ED,HASA,HASA_ODD,HASH,HASH_ODD,HATD,HATD_ODD,HATU,HATU_ODD,HD,SU,TD,TM,TS,TT,TU,VC,WA_ODD,WH_ODD
0,,-8.5,0.83,8.5,0.83,141.5,0.83,141.5,0.83,,0.0,1,10,0,0,20180721022330,,0.0,0.0
1,,-8.5,0.83,8.5,0.83,141.5,0.83,141.5,0.83,,0.0,1,10,0,0,20180721022705.0,,0.0,0.0
2,,-8.5,0.83,8.5,0.83,141.5,0.83,141.5,0.83,,0.0,1,10,0,0,20180721022705.0,,0.0,0.0
3,,-8.5,0.83,8.5,0.83,141.5,0.83,141.5,0.83,,0.0,1,10,0,0,20180721023252.0,,0.0,0.0
4,,-8.5,0.83,8.5,0.83,141.5,0.83,141.5,0.83,,1.0,1,10,0,0,20180721023252.0,,0.0,0.0
5,,-8.5,0.83,8.5,0.83,141.5,0.83,141.5,0.83,,1.0,1,10,0,0,20180721023252.0,,0.0,0.0
6,,-8.5,0.83,8.5,0.83,141.5,0.83,141.5,0.83,,1.0,1,10,0,0,20180721023252.0,,0.0,0.0
7,,-8.5,0.83,8.5,0.83,141.5,0.83,141.5,0.83,,1.0,1,10,0,0,20180721023252.0,,0.0,0.0
8,,-8.5,0.83,8.5,0.83,141.5,0.83,141.5,0.83,,1.0,1,10,0,0,20180721023252.0,,0.0,0.0
9,,-8.5,0.83,8.5,0.83,141.5,0.83,141.5,0.83,,1.0,1,10,0,0,20180721023252.0,,0.0,0.0
10,,-8.5,0.83,8.5,0.83,141.5,0.83,141.5,0.83,,0.0,1,10,0,0,20180721023252.0,,0.0,0.0
11,,-9.5,0.8,9.5,0.83,141.5,0.83,141.5,0.83,-9.5,0.0,1,10,0,0,20180721023252.0,,0.0,0.0
12,,-8.5,0.8,9.5,0.87,141.5,0.83,141.5,0.83,9.5,0.0,1,10,0,0,20180721023252.0,,0.0,0.0
13,,-8.5,0.83,8.5,0.87,141.5,0.83,141.5,0.83,-8.5,0.0,1,10,0,0,20180721023252.0,,0.0,0.0
14,,-8.5,0.87,8.5,0.83,141.5,0.83,141.5,0.83,8.5,0.0,1,10,0,0,20180721023252.0,,0.0,0.0
15,,-8.5,0.83,8.5,0.8,141.5,0.83,141.5,0.83,8.5,0.0,1,10,0,0,20180721023252.0,,0.0,0.0
16,,-9.5,0.87,9.5,0.83,141.5,0.83,141.5,0.83,-9.5,0.0,1,10,0,0,20180721023252.0,,0.0,0.0
17,,-9.5,0.83,9.5,0.8,141.5,0.83,141.5,0.83,9.5,0.0,1,10,0,0,20180721023252.0,,0.0,0.0
18,,-10.5,0.87,10.5,0.83,141.5,0.83,141.5,0.83,-10.5,0.0,1,10,0,0,20180721023252.0,,0.0,0.0
19,,-12.5,0.87,10.5,0.8,141.5,0.83,141.5,0.83,10.5,0.0,1,10,0,0,20180721023252.0,,0.0,0.0
20,,-12.5,0.83,12.5,0.8,141.5,0.83,141.5,0.83,-12.5,0.0,1,10,0,0,20180721023252.0,,0.0,0.0
21,,-12.5,0.8,12.5,0.83,141.5,0.83,141.5,0.83,12.5,0.0,1,10,0,0,20180721023252.0,,0.0,0.0
22,,-12.5,0.83,12.5,0.87,141.5,0.83,141.5,0.83,12.5,0.0,1,10,0,0,20180721023252.0,,0.0,0.0
23,,-12.5,0.87,12.5,0.83,141.5,0.83,141.5,0.83,12.5,0.0,1,10,0,0,20180721023252.0,,0.0,0.0
24,,-12.5,0.83,12.5,0.8,141.5,0.83,141.5,0.83,12.5,0.0,1,10,0,0,20180721023252.0,,0.0,0.0
25,,-14.5,0.87,14.5,0.83,141.5,0.83,141.5,0.83,-14.5,0.0,1,10,0,0,20180721023252.0,,0.0,0.0
26,,-13.5,0.87,14.5,0.8,141.5,0.83,141.5,0.83,14.5,0.0,1,10,0,0,20180721023252.0,,0.0,0.0
27,,-13.5,0.8,13.5,0.8,141.5,0.83,141.5,0.83,-13.5,0.0,1,10,0,0,20180721023252.0,,0.0,0.0
28,,-14.5,0.8,13.5,0.87,141.5,0.83,141.5,0.83,13.5,0.0,1,10,0,0,20180721023252.0,,0.0,0.0
29,,-14.5,0.83,14.5,0.87,141.5,0.83,141.5,0.83,-14.5,0.0,1,10,0,0,20180721023252.0,,0.0,0.0
30,,-13.5,0.83,14.5,0.83,141.5,0.83,141.5,0.83,14.5,0.0,1,10,0,0,20180721023252.0,,0.0,0.0
31,,-13.5,0.8,13.5,0.83,141.5,0.83,141.5,0.83,-13.5,0.0,1,10,0,0,20180721023252.0,,0.0,0.0
32,,-14.5,0.8,13.5,0.87,141.5,0.83,141.5,0.83,13.5,0.0,1,10,0,0,20180721023252.0,,0.0,0.0
33,,-14.5,0.83,14.5,0.87,141.5,0.83,141.5,0.83,-14.5,0.0,1,10,0,0,20180721023252.0,,0.0,0.0
34,,-13.5,0.83,14.5,0.83,141.5,0.83,141.5,0.83,14.5,0.0,1,10,0,0,20180721023252.0,,0.0,0.0
35,,-13.5,0.8,13.5,0.83,141.5,0.83,141.5,0.83,-13.5,0.0,1,10,0,0,20180721023252.0,,0.0,0.0
36,,-14.5,0.8,13.5,0.87,141.5,0.83,141.5,0.83,13.5,0.0,1,10,0,0,20180721023252.0,,0.0,0.0
37,,-14.5,0.83,14.5,0.87,141.5,0.83,141.5,0.83,-14.5,0.0,1,10,0,0,20180721023252.0,,0.0,0.0
38,,-14.5,0.87,14.5,0.83,141.5,0.83,141.5,0.83,14.5,0.0,1,10,0,0,20180721023252.0,,0.0,0.0
39,,-13.5,0.8,13.5,0.8,141.5,0.83,141.5,0.83,-13.5,0.0,1,10,0,0,20180721023252.0,,0.0,0.0
40,,-14.5,0.8,13.5,0.87,141.5,0.83,141.5,0.83,13.5,0.0,1,10,0,0,20180721023252.0,,0.0,0.0
41,,-14.5,0.87,14.5,0.87,141.5,0.83,141.5,0.83,-14.5,0.0,1,10,0,0,20180721023252.0,,0.0,0.0
42,,-13.5,0.87,14.5,0.8,141.5,0.83,141.5,0.83,14.5,0.0,1,10,0,0,20180721023252.0,,0.0,0.0
43,,-13.5,0.8,13.5,0.8,141.5,0.83,141.5,0.83,-13.5,0.0,1,10,0,0,20180721023252.0,,0.0,0.0
44,,-14.5,0.8,13.5,0.87,141.5,0.83,141.5,0.83,13.5,0.0,1,10,0,0,20180721023252.0,,0.0,0.0
45,,-14.5,0.87,14.5,0.87,141.5,0.83,141.5,0.83,-14.5,0.0,1,10,0,0,20180721023252.0,,0.0,0.0
46,,-13.5,0.87,14.5,0.8,141.5,0.83,141.5,0.83,14.5,0.0,1,10,0,0,20180721023252.0,,0.0,0.0
47,,-13.5,0.8,13.5,0.8,141.5,0.83,141.5,0.83,-13.5,0.0,1,10,0,0,20180721023252.0,,0.0,0.0
48,,-13.5,0.83,13.5,0.87,141.5,0.83,141.5,0.83,13.5,0.0,1,10,0,0,20180721023252.0,,0.0,0.0
49,,-12.5,0.83,12.5,0.83,141.5,0.83,141.5,0.83,-12.5,0.0,1,10,0,0,20180721023252.0,,0.0,0.0
50,,-13.5,0.83,12.5,0.83,141.5,0.83,141.5,0.83,12.5,0.0,1,10,0,0,20180721023252.0,,0.0,0.0
51,,-13.5,0.83,13.5,0.83,141.5,0.83,141.5,0.83,-13.5,0.0,1,10,0,0,20180721023252.0,,0.0,0.0
52,,-14.5,0.83,13.5,0.83,141.5,0.83,141.5,0.83,13.5,0.0,1,10,0,0,20180721023252.0,,0.0,0.0
53,,-14.5,0.87,14.5,0.83,141.5,0.83,141.5,0.83,-14.5,0.0,1,10,0,0,20180721023252.0,,0.0,0.0
54,,-15.5,0.87,14.5,0.8,141.5,0.83,141.5,0.83,14.5,0.0,1,10,0,0,20180721023252.0,,0.0,0.0
55,,-15.5,0.87,15.5,0.8,141.5,0.83,141.5,0.83,-15.5,0.0,1,10,0,0,20180721023252.0,,0.0,0.0
56,,-16.5,0.87,15.5,0.8,141.5,0.83,141.5,0.83,15.5,0.0,1,10,0,0,20180721023252.0,,0.0,0.0
57,,-16.5,0.83,16.5,0.8,141.5,0.83,141.5,0.83,-16.5,0.0,1,10,0,0,20180721023252.0,,0.0,0.0
58,,-15.5,0.83,16.5,0.83,141.5,0.83,141.5,0.83,16.5,0.0,1,10,0,0,20180721023252.0,,0.0,0.0
59,,-15.5,0.83,15.5,0.83,141.5,0.83,141.5,0.83,-15.5,0.0,1,10,0,0,20180721023252.0,,0.0,0.0
60,,-16.5,0.87,15.5,0.8,141.5,0.83,141.5,0.83,15.5,0.0,1,10,0,0,20180721023252.0,,0.0,0.0
61,,-16.5,0.87,16.5,0.8,141.5,0.83,141.5,0.83,-16.5,0.0,1,10,0,0,20180721023252.0,,0.0,0.0
62,,-15.5,0.87,16.5,0.8,141.5,0.83,141.5,0.83,16.5,0.0,1,10,0,0,20180721023252.0,,0.0,0.0
63,,-15.5,0.87,15.5,0.8,141.5,0.83,141.5,0.83,-15.5,0.0,1,10,0,0,20180721023252.0,,0.0,0.0
64,,-16.5,0.87,15.5,0.8,141.5,0.83,141.5,0.83,15.5,0.0,1,10,0,0,20180721023252.0,,0.0,0.0
65,,-16.5,0.87,16.5,0.8,141.5,0.83,141.5,0.83,-16.5,0.0,1,10,0,0,20180721023252.0,,0.0,0.0
66,,-16.5,0.91,16.5,0.77,141.5,0.83,141.5,0.83,16.5,0.0,1,10,0,0,20180721023252.0,,0.0,0.0
67,,-17.5,0.8,17.5,0.87,141.5,0.83,141.5,0.83,-17.5,0.0,1,10,0,0,20180721023252.0,,0.0,0.0
68,,-18.5,0.8,17.5,0.87,141.5,0.83,141.5,0.83,17.5,0.0,1,10,0,0,20180721023252.0,,0.0,0.0
69,,-18.5,0.8,18.5,0.87,141.5,0.83,141.5,0.83,-18.5,0.0,1,10,0,0,20180721023252.0,,0.0,0.0
70,,-17.5,0.83,18.5,0.83,141.5,0.83,141.5,0.83,18.5,0.0,1,10,0,0,20180721023252.0,,0.0,0.0
71,,-17.5,0.8,17.5,0.83,141.5,0.83,141.5,0.83,-17.5,0.0,1,10,0,0,20180721023252.0,,0.0,0.0
72,,-19.5,0.8,17.5,0.87,141.5,0.83,141.5,0.83,17.5,0.0,1,10,0,0,20180721023252.0,,0.0,0.0
73,,-19.5,0.83,19.5,0.87,141.5,0.83,141.5,0.83,-19.5,0.0,1,10,0,0,20180721023252.0,,0.0,0.0
74,,-20.5,0.83,19.5,0.83,141.5,0.83,141.5,0.83,19.5,0.0,1,10,0,0,20180721023252.0,,0.0,0.0
75,,-20.5,0.83,20.5,0.83,141.5,0.83,141.5,0.83,-20.5,0.0,1,10,0,0,20180721023252.0,,0.0,0.0
76,,-22.5,0.83,20.5,0.83,141.5,0.83,141.5,0.83,20.5,0.0,1,10,0,0,20180721023252.0,,0.0,0.0
77,,-22.5,0.83,22.5,0.83,141.5,0.83,141.5,0.83,-22.5,0.0,1,10,0,0,20180721023252.0,,0.0,0.0
78,,-23.5,0.83,22.5,0.83,141.5,0.83,141.5,0.83,22.5,0.0,1,10,0,0,20180721023252.0,,0.0,0.0
79,,-23.5,0.83,23.5,0.83,141.5,0.83,141.5,0.83,-23.5,0.0,1,10,0,0,20180721023252.0,,0.0,0.0
80,,-22.5,0.83,23.5,0.83,141.5,0.83,141.5,0.83,23.5,0.0,1,10,0,0,20180721023252.0,,0.0,0.0
81,,-22.5,0.83,22.5,0.83,141.5,0.83,141.5,0.83,-22.5,0.0,1,10,0,0,20180721023252.0,,0.0,0.0
82,,-23.5,0.83,22.5,0.83,141.5,0.83,141.5,0.83,22.5,0.0,1,10,0,0,20180721023252.0,,0.0,0.0
83,,-23.5,0.83,23.5,0.83,141.5,0.83,141.5,0.83,-23.5,0.0,1,10,0,0,20180721023252.0,,0.0,0.0
84,,-22.5,0.83,23.5,0.83,141.5,0.83,141.5,0.83,23.5,0.0,1,10,0,0,20180721023252.0,,0.0,0.0
85,,-22.5,0.83,22.5,0.83,141.5,0.83,141.5,0.83,-22.5,0.0,1,10,0,0,20180721023252.0,,0.0,0.0
86,,-23.5,0.83,22.5,0.83,141.5,0.83,141.5,0.83,22.5,0.0,1,10,0,0,20180721023252.0,,0.0,0.0
87,,-23.5,0.83,23.5,0.83,141.5,0.83,141.5,0.83,-23.5,0.0,1,10,0,0,20180721023252.0,,0.0,0.0
88,,-24.5,0.83,23.5,0.83,141.5,0.83,141.5,0.83,23.5,0.0,1,10,0,0,20180721023252.0,,0.0,0.0
89,,-24.5,0.83,24.5,0.83,141.5,0.83,141.5,0.83,-24.5,0.0,1,10,0,0,20180721023252.0,,0.0,0.0
90,,-25.5,0.83,24.5,0.83,141.5,0.83,141.5,0.83,24.5,0.0,1,10,0,0,20180721023252.0,,0.0,0.0
91,,-25.5,0.83,25.5,0.83,141.5,0.83,141.5,0.83,-25.5,0.0,1,10,0,0,20180721023252.0,,0.0,0.0
92,,-26.5,0.83,25.5,0.83,141.5,0.83,141.5,0.83,25.5,0.0,1,10,0,0,20180721023252.0,,0.0,0.0
93,,-26.5,0.83,26.5,0.83,141.5,0.83,141.5,0.83,-26.5,0.0,1,10,0,0,20180721023252.0,,0.0,0.0
94,,-27.5,0.83,26.5,0.83,141.5,0.83,141.5,0.83,26.5,0.0,1,10,0,0,20180721023252.0,,0.0,0.0
95,,-27.5,0.83,27.5,0.83,141.5,0.83,141.5,0.83,-27.5,0.0,1,10,0,0,20180721023252.0,,0.0,0.0
96,,-26.5,0.83,27.5,0.83,141.5,0.83,141.5,0.83,27.5,0.0,1,10,0,0,20180721023252.0,,0.0,0.0
97,,-26.5,0.83,26.5,0.83,141.5,0.83,141.5,0.83,-26.5,0.0,1,10,0,0,20180721023252.0,,0.0,0.0
98,,-27.5,0.83,26.5,0.83,141.5,0.83,141.5,0.83,26.5,0.0,1,10,0,0,20180721023252.0,,0.0,0.0
99,,-27.5,0.83,27.5,0.83,141.5,0.83,141.5,0.83,-27.5,0.0,1,10,0,0,20180721023252.0,,0.0,0.0
100,,-26.5,0.83,27.5,0.83,141.5,0.83,141.5,0.83,27.5,0.0,1,10,0,0,20180721023252.0,,0.0,0.0
101,,-26.5,0.83,26.5,0.83,141.5,0.83,141.5,0.83,-26.5,0.0,1,10,0,0,20180721023252.0,,0.0,0.0
102,,-25.5,0.83,26.5,0.83,141.5,0.83,141.5,0.83,26.5,0.0,1,10,0,0,20180721023252.0,,0.0,0.0
103,,-25.5,0.83,25.5,0.83,141.5,0.83,141.5,0.83,-25.5,0.0,1,10,0,0,20180721023252.0,,0.0,0.0
104,,-23.5,0.83,25.5,0.83,141.5,0.83,141.5,0.83,25.5,0.0,1,10,0,0,20180721023252.0,,0.0,0.0
105,,-23.5,0.83,23.5,0.83,141.5,0.83,141.5,0.83,-23.5,0.0,1,10,0,0,20180721023252.0,,0.0,0.0
106,,-24.5,0.83,23.5,0.83,141.5,0.83,141.5,0.83,23.5,0.0,1,10,0,0,20180721023252.0,,0.0,0.0
107,,-24.5,0.83,24.5,0.83,141.5,0.83,141.5,0.83,-24.5,0.0,1,10,0,0,20180721023252.0,,0.0,0.0
108,,-23.5,0.87,24.5,0.8,141.5,0.83,141.5,0.83,24.5,0.0,1,10,0,0,20180721023252.0,,0.0,0.0
109,,-23.5,0.87,23.5,0.8,141.5,0.83,141.5,0.83,-23.5,0.0,1,10,0,0,20180721023252.0,,0.0,0.0
110,,-24.5,0.87,23.5,0.8,141.5,0.83,141.5,0.83,23.5,0.0,1,10,0,0,20180721023252.0,,0.0,0.0
111,,-24.5,0.87,24.5,0.8,141.5,0.83,141.5,0.83,-24.5,0.0,1,10,0,0,20180721023252.0,,0.0,0.0
112,,-23.5,0.87,24.5,0.8,141.5,0.83,141.5,0.83,24.5,0.0,1,10,0,0,20180721023252.0,,0.0,0.0
113,,-23.5,0.87,23.5,0.8,141.5,0.83,141.5,0.83,-23.5,0.0,1,10,0,0,20180721023252.0,,0.0,0.0
114,,-24.5,0.87,23.5,0.8,141.5,0.83,141.5,0.83,23.5,0.0,1,10,0,0,20180721023252.0,,0.0,0.0
115,,-24.5,0.87,24.5,0.8,141.5,0.83,141.5,0.83,-24.5,0.0,1,10,0,0,20180721023252.0,,0.0,0.0
116,,-25.5,0.87,24.5,0.8,141.5,0.83,141.5,0.83,24.5,0.0,1,10,0,0,20180721023252.0,,0.0,0.0
117,,-25.5,0.87,25.5,0.8,141.5,0.83,141.5,0.83,-25.5,0.0,1,10,0,0,20180721023252.0,,0.0,0.0
118,,-25.5,0.91,25.5,0.77,141.5,0.83,141.5,0.83,25.5,0.0,1,10,0,0,20180721023252.0,,0.0,0.0
119,,-24.5,0.87,25.5,0.8,141.5,0.83,141.5,0.83,-24.5,0.0,1,10,0,0,20180721023252.0,,0.0,0.0
120,,-24.5,0.8,24.5,0.87,141.5,0.83,141.5,0.83,24.5,0.0,1,10,0,0,20180721023252.0,,0.0,0.0
121,,-25.5,0.83,24.5,0.83,141.5,0.83,141.5,0.83,-25.5,0.0,1,10,0,0,20180721023252.0,,0.0,0.0
122,,-24.5,0.87,25.5,0.8,141.5,0.83,141.5,0.83,25.5,0.0,1,10,0,0,20180721023252.0,,0.0,0.0
123,,-24.5,0.87,24.5,0.8,141.5,0.83,141.5,0.83,-24.5,0.0,1,10,0,0,20180721023252.0,,0.0,0.0
124,,-23.5,0.91,24.5,0.77,141.5,0.83,141.5,0.83,24.5,0.0,1,10,0,0,20180721023252.0,,0.0,0.0
125,,-23.5,0.91,23.5,0.77,141.5,0.83,141.5,0.83,-23.5,0.0,1,10,0,0,20180721023252.0,,0.0,0.0
126,,-22.5,0.91,23.5,0.77,141.5,0.83,141.5,0.83,23.5,0.0,1,10,0,0,20180721023252.0,,0.0,0.0
127,,-22.5,0.91,22.5,0.77,141.5,0.83,141.5,0.83,-22.5,0.0,1,10,0,0,20180721023252.0,,0.0,0.0
128,,-21.5,0.91,22.5,0.77,141.5,0.83,141.5,0.83,22.5,0.0,1,10,0,0,20180721023252.0,,0.0,0.0
129,,-21.5,0.77,21.5,0.77,141.5,0.83,141.5,0.83,-21.5,0.0,1,10,0,0,20180721023252.0,,0.0,0.0
130,,-23.5,0.77,21.5,0.91,141.5,0.83,141.5,0.83,21.5,0.0,1,10,0,0,20180721023252.0,,0.0,0.0
131,,-23.5,0.91,23.5,0.91,141.5,0.83,141.5,0.83,-23.5,0.0,1,10,0,0,20180721023252.0,,0.0,0.0
132,,-22.5,0.91,23.5,0.77,141.5,0.83,141.5,0.83,23.5,0.0,1,10,0,0,20180721023252.0,,0.0,0.0
133,,-22.5,0.77,22.5,0.77,141.5,0.83,141.5,0.83,-22.5,0.0,1,10,0,0,20180721023252.0,,0.0,0.0
134,,-21.5,0.77,22.5,0.91,141.5,0.83,141.5,0.83,22.5,0.0,1,10,0,0,20180721023252.0,,0.0,0.0
135,,-21.5,0.77,21.5,0.91,141.5,0.83,141.5,0.83,-21.5,0.0,1,10,0,0,20180721023252.0,,0.0,0.0
136,,-22.5,0.83,21.5,0.83,141.5,0.83,141.5,0.83,21.5,0.0,1,10,0,0,20180721023252.0,,0.0,0.0
137,,-22.5,0.87,22.5,0.83,141.5,0.83,141.5,0.83,-22.5,0.0,1,10,0,0,20180721023252.0,,0.0,0.0
138,,-21.5,0.87,22.5,0.8,141.5,0.83,141.5,0.83,22.5,0.0,1,10,0,0,20180721023252.0,,0.0,0.0
139,,-21.5,0.77,21.5,0.8,141.5,0.83,141.5,0.83,-21.5,0.0,1,10,0,0,20180721023252.0,,0.0,0.0
140,,-20.5,0.77,21.5,0.91,141.5,0.83,141.5,0.83,21.5,0.0,1,10,0,0,20180721023252.0,,0.0,0.0
141,,-20.5,0.77,20.5,0.91,141.5,0.83,141.5,0.83,-20.5,0.0,1,10,0,0,20180721023252.0,,0.0,0.0
142,,-21.5,0.77,20.5,0.91,141.5,0.83,141.5,0.83,20.5,0.0,1,10,0,0,20180721023252.0,,0.0,0.0
143,,-21.5,0.77,21.5,0.91,141.5,0.83,141.5,0.83,-21.5,0.0,1,10,0,0,20180721023252.0,,0.0,0.0
144,,-22.5,0.77,21.5,0.91,141.5,0.83,141.5,0.83,21.5,0.0,1,10,0,0,20180721023252.0,,0.0,0.0
145,,-22.5,0.8,22.5,0.91,141.5,0.83,141.5,0.83,-22.5,0.0,1,10,0,0,20180721023252.0,,0.0,0.0
146,,-22.5,0.83,22.5,0.87,141.5,0.83,141.5,0.83,22.5,0.0,1,10,0,0,20180721023252.0,,0.0,0.0
147,,-22.5,0.87,22.5,0.83,141.5,0.83,141.5,0.83,22.5,0.0,1,10,0,0,20180721023252.0,,0.0,0.0
148,,-21.5,0.8,21.5,0.8,141.5,0.83,141.5,0.83,-21.5,0.0,1,10,0,0,20180721023252.0,,0.0,0.0
149,,-21.5,0.83,21.5,0.87,141.5,0.83,141.5,0.83,21.5,0.0,1,10,0,0,20180721023252.0,,0.0,0.0
150,,-21.5,0.83,21.5,0.83,141.5,0.83,141.5,0.83,21.5,1.0,1,10,0,0,20180721023252.0,,0.0,0.0
151,,-21.5,0.83,21.5,0.83,141.5,0.83,141.5,0.83,21.5,1.0,1,10,0,0,20180721023252.0,,0.0,0.0
152,,-21.5,0.83,21.5,0.83,141.5,0.83,141.5,0.83,21.5,0.0,1,10,0,0,20180721023252.0,,0.0,0.0
153,,-21.5,0.87,21.5,0.8,141.5,0.83,141.5,0.83,21.5,0.0,1,10,0,0,20180721023252.0,,0.0,0.0
154,,-23.5,0.83,21.5,0.83,141.5,0.83,141.5,0.83,-23.5,0.0,1,10,0,0,20180721023252.0,,0.0,0.0
155,,-23.5,0.87,23.5,0.8,141.5,0.83,141.5,0.83,23.5,0.0,1,10,0,0,20180721023252.0,,0.0,0.0
156,,-21.5,0.91,23.5,0.77,141.5,0.83,141.5,0.83,-21.5,0.0,1,10,0,0,20180721023252.0,,0.0,0.0
157,,-20.5,0.83,21.5,0.83,141.5,0.83,141.5,0.83,21.5,0.0,1,10,0,0,20180721023252.0,,0.0,0.0
158,,-20.5,0.77,20.5,0.83,141.5,0.83,141.5,0.83,-20.5,0.0,1,10,0,0,20180721023252.0,,0.0,0.0
159,,-21.5,0.77,20.5,0.91,141.5,0.83,141.5,0.83,20.5,0.0,1,10,0,0,20180721023252.0,,0.0,0.0
160,,-21.5,0.83,21.5,0.91,141.5,0.83,141.5,0.83,-21.5,0.0,1,10,0,0,20180721023252.0,,0.0,0.0
161,,-21.5,0.83,21.5,0.83,141.5,0.83,141.5,0.83,21.5,1.0,1,10,0,0,20180721023252.0,,0.0,0.0
162,,-21.5,0.83,21.5,0.83,141.5,0.83,141.5,0.83,21.5,1.0,1,10,0,0,20180721023252.0,,0.0,0.0
163,,-21.5,0.83,21.5,0.83,141.5,0.83,141.5,0.83,21.5,0.0,1,10,0,0,20180721023252.0,,0.0,0.0
164,,-22.5,0.8,22.5,0.83,141.5,0.83,141.5,0.83,-22.5,0.0,1,10,0,0,20180721023252.0,,0.0,0.0
165,,-22.5,0.83,22.5,0.87,141.5,0.83,141.5,0.83,22.5,0.0,1,10,0,0,20180721023252.0,,0.0,0.0
166,,-22.5,0.83,22.5,0.83,141.5,0.83,141.5,0.83,22.5,1.0,1,10,0,0,20180721023252.0,,0.0,0.0
167,,-22.5,0.83,22.5,0.83,141.5,0.83,141.5,0.83,22.5,1.0,1,10,0,0,20180721023252.0,,0.0,0.0
168,,-22.5,0.83,22.5,0.83,141.5,0.83,141.5,0.83,22.5,0.0,1,10,0,0,20180721023252.0,,0.0,0.0
169,,-21.5,0.83,21.5,0.83,141.5,0.83,141.5,0.83,-21.5,0.0,1,10,0,0,20180721023252.0,,0.0,0.0
170,,-20.5,0.83,21.5,0.83,141.5,0.83,141.5,0.83,21.5,0.0,1,10,0,0,20180721023252.0,,0.0,0.0
171,,-20.5,0.83,20.5,0.83,141.5,0.83,141.5,0.83,-20.5,0.0,1,10,0,0,20180721023252.0,,0.0,0.0
172,,-20.5,0.83,20.5,0.83,141.5,0.83,141.5,0.83,20.5,1.0,1,10,0,0,20180721023252.0,,0.0,0.0
173,,-20.5,0.83,20.5,0.83,141.5,0.83,141.5,0.83,20.5,1.0,1,10,0,0,20180721023252.0,,0.0,0.0
174,,-20.5,0.83,20.5,0.83,141.5,0.83,141.5,0.83,20.5,0.0,1,10,0,0,20180721023252.0,,0.0,0.0
175,,-20.5,0.83,20.5,0.83,141.5,0.83,141.5,0.83,-20.5,0.0,1,10,0,0,20180721023252.0,,0.0,0.0
176,,-19.5,0.83,20.5,0.83,141.5,0.83,141.5,0.83,20.5,0.0,1,10,0,0,20180721023252.0,,0.0,0.0
177,,-19.5,0.83,19.5,0.83,141.5,0.83,141.5,0.83,-19.5,0.0,1,10,0,0,20180721023252.0,,0.0,0.0
178,,-18.5,0.83,19.5,0.83,141.5,0.83,141.5,0.83,19.5,0.0,1,10,0,0,20180721023252.0,,0.0,0.0
179,,-18.5,0.83,18.5,0.83,141.5,0.83,141.5,0.83,-18.5,0.0,1,10,0,0,20180721023252.0,,0.0,0.0
180,,-16.5,0.83,18.5,0.83,141.5,0.83,141.5,0.83,18.5,0.0,1,10,0,0,20180721023252.0,,0.0,0.0
181,,-16.5,0.83,16.5,0.83,141.5,0.83,141.5,0.83,-16.5,0.0,1,10,0,0,20180721023252.0,,0.0,0.0
182,,-16.5,0.83,16.5,0.83,141.5,0.83,141.5,0.83,16.5,1.0,1,10,0,0,20180721023252.0,,0.0,0.0
183,,-16.5,0.83,16.5,0.83,141.5,0.83,141.5,0.83,16.5,1.0,1,10,0,0,20180721023252.0,,0.0,0.0
184,,-16.5,0.8,16.5,0.83,141.5,0.83,141.5,0.83,16.5,0.0,1,10,0,0,20180721023252.0,,0.0,0.0
185,,-16.5,0.91,16.5,0.87,141.5,0.83,141.5,0.83,16.5,0.0,1,10,0,0,20180721023252.0,,0.0,0.0
186,,-16.5,0.83,16.5,0.77,141.5,0.83,141.5,0.83,16.5,0.0,1,10,0,0,20180721023252.0,,0.0,0.0
187,,-16.5,0.87,16.5,0.83,141.5,0.83,141.5,0.83,16.5,0.0,1,10,0,0,20180721023252.0,,0.0,0.0
188,,-15.5,0.83,15.5,0.8,141.5,0.83,141.5,0.83,-15.5,0.0,1,10,0,0,20180721023252.0,,0.0,0.0
189,,-15.5,0.87,15.5,0.83,141.5,0.83,141.5,0.83,15.5,1.0,1,10,0,0,20180721023252.0,,0.0,0.0
190,,-15.5,0.91,15.5,0.8,141.5,0.83,141.5,0.83,15.5,1.0,1,10,0,0,20180721023252.0,,0.0,0.0
191,,-15.5,0.87,15.5,0.77,141.5,0.83,141.5,0.83,15.5,1.0,1,10,0,0,20180721023252.0,,0.0,0.0
192,,-14.5,0.87,14.5,0.8,141.5,0.83,141.5,0.83,-14.5,1.0,1,10,0,0,20180721023252.0,,0.0,0.0
193,,-13.5,0.87,14.5,0.8,141.5,0.83,141.5,0.83,14.5,1.0,1,10,0,0,20180721023252.0,,0.0,0.0
194,,-13.5,0.87,13.5,0.8,141.5,0.83,141.5,0.83,-13.5,1.0,1,10,0,0,20180721023252.0,,0.0,0.0
195,,-13.5,0.83,13.5,0.83,141.5,0.83,141.5,0.83,13.5,1.0,1,10,0,0,20180721023252.0,,0.0,0.0
196,,-14.5,0.77,13.5,0.91,141.5,0.83,141.5,0.83,-14.5,1.0,1,10,0,0,20180721023252.0,,0.0,0.0
197,,-13.5,0.91,14.5,0.77,141.5,0.83,141.5,0.83,14.5,1.0,1,10,0,0,20180721023252.0,,0.0,0.0
198,,-13.5,0.77,13.5,0.77,141.5,0.83,141.5,0.83,-13.5,1.0,1,10,0,0,20180721023252.0,,0.0,0.0
199,,-14.5,0.77,13.5,0.91,141.5,0.83,141.5,0.83,13.5,1.0,1,10,0,0,20180721023252.0,,0.0,0.0
200,,-14.5,0.83,14.5,0.91,141.5,0.83,141.5,0.83,-14.5,1.0,1,10,0,0,20180721023252.0,,0.0,0.0
201,,-15.5,0.83,14.5,0.83,141.5,0.83,141.5,0.83,14.5,1.0,1,10,0,0,20180721023252.0,,0.0,0.0
202,,-15.5,0.91,15.5,0.83,141.5,0.83,141.5,0.83,-15.5,1.0,1,10,0,0,20180721023252.0,,0.0,0.0
203,,-14.5,0.91,15.5,0.77,141.5,0.83,141.5,0.83,15.5,1.0,1,10,0,0,20180721023252.0,,0.0,0.0
204,,-14.5,0.91,14.5,0.77,141.5,0.83,141.5,0.83,-14.5,1.0,1,10,0,0,20180721023252.0,,0.0,0.0
205,,-13.5,0.91,14.5,0.77,141.5,0.83,141.5,0.83,14.5,1.0,1,10,0,0,20180721023252.0,,0.0,0.0
206,,-13.5,0.91,13.5,0.77,141.5,0.83,141.5,0.83,-13.5,1.0,1,10,0,0,20180721023252.0,,0.0,0.0
207,,-13.5,0.91,13.5,0.77,141.5,0.83,141.5,0.83,13.5,0.0,1,10,0,0,20180721023252.0,,0.0,0.0
208,,-12.5,1.0,12.5,0.77,141.5,0.83,141.5,0.83,-12.5,0.0,1,10,0,0,20180721023252.0,,0.0,0.0
209,,-13.5,1.0,12.5,0.71,141.5,0.83,141.5,0.83,12.5,0.0,1,10,0,0,20180721023252.0,,0.0,0.0
210,,-13.5,1.0,13.5,0.71,141.5,0.83,141.5,0.83,-13.5,0.0,1,10,0,0,20180721023252.0,,0.0,0.0
211,,-12.5,1.0,13.5,0.71,141.5,0.83,141.5,0.83,13.5,0.0,1,10,0,0,20180721023252.0,,0.0,0.0
212,,-12.5,0.71,12.5,0.71,141.5,0.83,141.5,0.83,-12.5,0.0,1,10,0,0,20180721023252.0,,0.0,0.0
213,,-11.5,0.71,12.5,1.0,141.5,0.83,141.5,0.83,12.5,0.0,1,10,0,0,20180721023252.0,,0.0,0.0
214,,-11.5,0.71,11.5,1.0,141.5,0.83,141.5,0.83,-11.5,0.0,1,10,0,0,20180721023252.0,,0.0,0.0
215,,-11.5,0.0,11.5,1.0,141.5,0.83,141.5,0.83,11.5,1.0,1,10,0,0,20180721023252.0,,0.0,0.0
216,,-10.5,0.0,11.5,0.0,141.5,0.83,141.5,0.83,11.5,1.0,1,10,0,0,20180721023252.0,,0.0,0.0
217,,-10.5,0.71,10.5,0.0,141.5,0.83,141.5,0.83,-10.5,0.0,1,10,0,0,20180721023252.0,,0.0,0.0
218,,-10.5,0.71,10.5,1.0,141.5,0.83,141.5,0.83,10.5,0.0,1,10,0,0,20180721023252.0,,0.0,0.0
219,,-10.5,0.0,10.5,1.0,141.5,0.83,141.5,0.83,10.5,1.0,1,10,0,0,20180721023252.0,,0.0,0.0
220,,-11.5,0.0,10.5,0.0,141.5,0.83,141.5,0.83,10.5,1.0,1,10,0,0,20180721023252.0,,0.0,0.0
221,,-11.5,1.0,11.5,0.0,141.5,0.83,141.5,0.83,-11.5,0.0,1,10,0,0,20180721023252.0,,0.0,0.0
222,,-10.5,1.0,11.5,0.71,141.5,0.83,141.5,0.83,11.5,0.0,1,10,0,0,20180721023252.0,,0.0,0.0
223,,-10.5,0.0,10.5,0.71,141.5,0.83,141.5,0.83,-10.5,1.0,1,10,0,0,20180721023252.0,,0.0,0.0
224,,-9.5,0.0,10.5,0.0,141.5,0.83,141.5,0.83,10.5,1.0,1,10,0,0,20180721023252.0,,0.0,0.0
225,,-9.5,0.0,9.5,0.0,141.5,0.83,141.5,0.83,-9.5,1.0,1,10,0,0,20180721023252.0,,0.0,0.0
226,,-10.5,0.0,9.5,0.0,141.5,0.83,141.5,0.83,9.5,1.0,1,10,0,0,20180721023252.0,,0.0,0.0
227,,-10.5,0.0,10.5,0.0,141.5,0.83,141.5,0.83,-10.5,1.0,1,10,0,0,20180721023252.0,,0.0,0.0
228,,-9.5,0.0,10.5,0.0,141.5,0.83,141.5,0.83,10.5,1.0,1,10,0,0,20180721023252.0,,0.0,0.0
229,,-9.5,0.0,9.5,0.0,141.5,0.83,141.5,0.83,-9.5,1.0,1,10,0,0,20180721023252.0,,0.0,0.0
230,,-10.5,0.0,9.5,0.0,141.5,0.83,141.5,0.83,9.5,1.0,1,10,0,0,20180721023252.0,,0.0,0.0
231,,-10.5,0.0,10.5,0.0,141.5,0.83,141.5,0.83,-10.5,1.0,1,10,0,0,20180721023252.0,,0.0,0.0
232,,-11.5,0.0,10.5,0.0,141.5,0.83,141.5,0.83,10.5,1.0,1,10,0,0,20180721023252.0,,0.0,0.0
233,,-11.5,0.0,11.5,0.0,141.5,0.83,141.5,0.83,-11.5,1.0,1,10,0,0,20180721023252.0,,0.0,0.0
234,,-12.5,0.0,11.5,0.0,141.5,0.83,141.5,0.83,11.5,1.0,1,10,0,0,20180721023252.0,,0.0,0.0
235,,-12.5,0.0,12.5,0.0,141.5,0.83,141.5,0.83,-12.5,1.0,1,10,0,0,20180721023252.0,,0.0,0.0
236,,-11.5,0.0,12.5,0.0,141.5,0.83,141.5,0.83,12.5,1.0,1,10,0,0,20180721023252.0,,0.0,0.0
237,,-11.5,0.0,11.5,0.0,141.5,0.83,141.5,0.83,-11.5,1.0,1,10,0,0,20180721023252.0,,0.0,0.0
238,,-12.5,0.0,11.5,0.0,141.5,0.83,141.5,0.83,11.5,1.0,1,10,0,0,20180721023252.0,,0.0,0.0
239,,-12.5,0.0,12.5,0.0,141.5,0.83,141.5,0.83,-12.5,1.0,1,10,0,0,20180721023252.0,,0.0,0.0
