,AM,AS,CP,ED,HASA,HASA_ODD,HASH,HASH_ODD,HATD,HATD_ODD,HATU,HATU_ODD,LM,MD,PG,PI,S1_a,S1_h,S2_a,S2_h,S3_a,S3_h,S4_a,S4_h,S5_a,S5_h,S6_a,S6_h,SC_a,SC_h,SU,TD,TM,TS,TT,TU,VC
0,,,,2.0,32.5,0.8333333333333334,-32.5,0.8333333333333334,130.5,0.8333333333333334,130.5,0.8333333333333334,,,,,2.0,1.0,6.0,3.0,0.0,0.0,5,5.0,0.0,0.0,0.0,0.0,18,9,0,1,8.0,26.0,0,20180922171949,11077
1,,,,2.0,32.5,0.8333333333333334,-32.5,0.8333333333333334,130.5,0.8333333333333334,130.5,0.8333333333333334,,,,,2.0,1.0,6.0,3.0,0.0,0.0,5,5.0,0.0,0.0,0.0,0.0,18,9,0,1,8.0,26.0,1.0,20180922172003.0,11077
2,,,,2.0,32.5,0.8333333333333334,-32.5,0.8333333333333334,129.5,0.8333333333333334,129.5,0.8333333333333334,,,,,2.0,1.0,6.0,3.0,0.0,0.0,5,5.0,0.0,0.0,0.0,0.0,18,9,0,1,8.0,17.0,1.0,20180922172011.0,11077
3,,,,2.0,32.5,0.8333333333333334,-32.5,0.8333333333333334,129.5,0.8,129.5,0.8695652173913043,,,,,2.0,1.0,6.0,3.0,0.0,0.0,5,5.0,0.0,0.0,0.0,0.0,18,9,0,1,8.0,10.0,1.0,20180922172018.0,11095.0
4,,,,2.0,32.5,0.8333333333333334,-32.5,0.8333333333333334,129.5,0.8,129.5,0.8695652173913043,,,,,2.0,1.0,6.0,3.0,0.0,0.0,5,5.0,0.0,0.0,0.0,0.0,18,9,0,1,8.0,10.0,1.0,20180922172019.0,11077.0
5,,,,2.0,32.5,0.8333333333333334,-32.5,0.8333333333333334,128.5,0.8333333333333334,128.5,0.8333333333333334,,,,,2.0,1.0,6.0,3.0,0.0,0.0,5,5.0,0.0,0.0,0.0,0.0,18,9,0,1,8.0,1.0,1.0,20180922172027.0,11077.0
6,,,,2.0,32.5,0.8333333333333334,-32.5,0.8333333333333334,128.5,0.8,128.5,0.8695652173913043,,,,,2.0,1.0,6.0,3.0,0.0,0.0,5,5.0,0.0,0.0,0.0,0.0,18,9,0,1,8.0,0.0,0.0,20180922172028.0,11077.0
7,,,,2.0,31.5,0.8695652173913043,-31.5,0.8,128.5,0.8,128.5,0.8695652173913043,,,,,2.0,1.0,6.0,3.0,0.0,0.0,5,5.0,0.0,0.0,0.0,0.0,18,9,0,1,8.0,0.0,0.0,20180922172033.0,21077.0
8,,,,2.0,31.5,0.8695652173913043,-31.5,0.8,128.5,0.8,128.5,0.8695652173913043,,,,,2.0,1.0,6.0,3.0,0.0,0.0,5,5.0,0.0,0.0,0.0,0.0,18,9,0,1,8.0,0.0,1.0,20180922172049.0,21077.0
9,,,,2.0,31.5,0.8333333333333334,-31.5,0.8333333333333334,127.5,0.8333333333333334,127.5,0.8333333333333334,,,,,2.0,1.0,6.0,3.0,0.0,0.0,5,5.0,0.0,0.0,0.0,0.0,18,9,0,1,7.0,51.0,1.0,20180922172058.0,21077.0
10,,,,2.0,31.5,0.8333333333333334,-31.5,0.8333333333333334,127.5,0.8,127.5,0.8695652173913043,,,,,2.0,1.0,6.0,3.0,0.0,0.0,5,5.0,0.0,0.0,0.0,0.0,18,9,0,1,7.0,47.0,1.0,20180922172102.0,21095.0
11,,,,2.0,32.5,0.8,-32.5,0.8695652173913043,127.5,0.8,127.5,0.8695652173913043,,,,,2.0,1.0,6.0,3.0,0.0,0.0,5,5.0,0.0,0.0,0.0,0.0,18,9,0,1,7.0,47.0,1.0,20180922172102.0,11077.0
12,,,,2.0,32.5,0.8695652173913043,-32.5,0.8,127.5,0.8,127.5,0.8695652173913043,,,,,2.0,1.0,6.0,3.0,0.0,0.0,5,5.0,0.0,0.0,0.0,0.0,18,9,0,1,7.0,35.0,1.0,20180922172115.0,11077.0
13,,,,2.0,32.5,0.8695652173913043,-32.5,0.8,125.5,0.8333333333333334,125.5,0.8333333333333334,,,,,2.0,1.0,6.0,3.0,0.0,0.0,5,5.0,0.0,0.0,0.0,0.0,18,9,0,1,7.0,26.0,1.0,20180922172123.0,11077.0
14,,,,2.0,32.5,0.8333333333333334,-32.5,0.8333333333333334,124.5,0.8695652173913043,124.5,0.8,,,,,2.0,1.0,6.0,3.0,0.0,0.0,5,5.0,0.0,0.0,0.0,0.0,18,9,0,1,7.0,21.0,0.0,20180922172129.0,11077.0
15,,,,2.0,32.5,0.8333333333333334,-32.5,0.8333333333333334,124.5,0.8695652173913043,124.5,0.8,,,^,,2.0,1.0,6.0,3.0,0.0,0.0,5,5.0,1.0,0.0,0.0,0.0,18,9,0,1,7.0,21.0,0.0,20180922172134.0,11086^21077
16,,,,2.0,32.5,0.8333333333333334,-32.5,0.8333333333333334,124.5,0.8695652173913043,124.5,0.8,,,,,2.0,1.0,6.0,3.0,0.0,0.0,5,5.0,1.0,0.0,0.0,0.0,18,9,0,1,7.0,21.0,0.0,20180922172135.0,21077.0
17,,,,2.0,32.5,0.8333333333333334,-32.5,0.8333333333333334,124.5,0.8695652173913043,124.5,0.8,,,,,2.0,1.0,6.0,3.0,0.0,0.0,5,5.0,1.0,0.0,0.0,0.0,18,9,0,1,7.0,21.0,1.0,20180922172149.0,21077.0
18,,,,2.0,32.5,0.8333333333333334,-32.5,0.8333333333333334,124.5,0.8695652173913043,124.5,0.8,,,,,2.0,1.0,6.0,3.0,0.0,0.0,5,5.0,1.0,0.0,0.0,0.0,18,9,0,1,7.0,12.0,1.0,20180922172157.0,21077.0
19,,,,2.0,32.5,0.8333333333333334,-32.5,0.8333333333333334,124.5,0.8695652173913043,124.5,0.8,,,^,,2.0,1.0,7.0,3.0,0.0,0.0,5,5.0,1.0,0.0,0.0,0.0,18,9,0,1,7.0,12.0,1.0,20180922172157.0,11077.0
20,,,,2.0,32.5,0.8333333333333334,-32.5,0.8333333333333334,125.5,0.8695652173913043,125.5,0.8,,,,,2.0,1.0,7.0,3.0,0.0,0.0,5,5.0,1.0,0.0,0.0,0.0,18,9,0,1,6.0,58.0,1.0,20180922172212.0,21077.0
21,,,,2.0,32.5,0.8333333333333334,-32.5,0.8333333333333334,125.5,0.8695652173913043,125.5,0.8,,,,,2.0,1.0,7.0,4.0,0.0,0.0,5,5.0,1.0,0.0,0.0,0.0,18,9,0,1,6.0,58.0,1.0,20180922172212.0,11077.0
22,,,,2.0,32.5,0.8333333333333334,-32.5,0.8333333333333334,127.5,0.8333333333333334,127.5,0.8333333333333334,,,,,2.0,1.0,7.0,4.0,0.0,0.0,5,5.0,1.0,0.0,0.0,0.0,18,9,0,1,6.0,46.0,1.0,20180922172223.0,11077.0
23,,,,2.0,32.5,0.8333333333333334,-32.5,0.8333333333333334,126.5,0.8333333333333334,126.5,0.8333333333333334,,,,,2.0,1.0,7.0,4.0,0.0,0.0,5,5.0,1.0,0.0,0.0,0.0,18,9,0,1,6.0,38.0,1.0,20180922172231.0,11077.0
24,,,,2.0,32.5,0.8,-32.5,0.8695652173913043,126.5,0.8333333333333334,126.5,0.8333333333333334,,,,,2.0,1.0,7.0,4.0,0.0,0.0,5,5.0,1.0,0.0,0.0,0.0,18,9,0,1,6.0,35.0,0.0,20180922172235.0,11077.0
25,,,,2.0,32.5,0.8,-32.5,0.8695652173913043,126.5,0.8333333333333334,126.5,0.8333333333333334,,,,,2.0,1.0,7.0,4.0,0.0,0.0,5,5.0,1.0,0.0,0.0,0.0,18,9,0,1,6.0,35.0,0.0,20180922172241.0,21077.0
26,,,,2.0,32.5,0.8,-32.5,0.8695652173913043,126.5,0.8333333333333334,126.5,0.8333333333333334,,,,,2.0,1.0,7.0,4.0,0.0,0.0,5,5.0,1.0,0.0,0.0,0.0,18,9,0,1,6.0,35.0,1.0,20180922172304.0,21077.0
27,,,,2.0,32.5,0.8,-32.5,0.8695652173913043,125.5,0.8333333333333334,125.5,0.8333333333333334,,,,,2.0,1.0,7.0,4.0,0.0,0.0,5,5.0,1.0,0.0,0.0,0.0,18,9,0,1,6.0,26.0,1.0,20180922172312.0,21077.0
28,,,,2.0,32.5,0.8,-32.5,0.8695652173913043,124.5,0.8695652173913043,124.5,0.8,,,,,2.0,1.0,7.0,4.0,0.0,0.0,5,5.0,1.0,0.0,0.0,0.0,18,9,0,1,6.0,18.0,1.0,20180922172320.0,21077.0
29,,,,2.0,32.5,0.8695652173913043,-32.5,0.8,124.5,0.8695652173913043,124.5,0.8,,,,,2.0,1.0,7.0,4.0,0.0,0.0,5,5.0,1.0,0.0,0.0,0.0,18,9,0,1,6.0,18.0,1.0,20180922172320.0,11077.0
30,,,,2.0,32.5,0.8695652173913043,-32.5,0.8,123.5,0.8695652173913043,123.5,0.8,,,,,2.0,1.0,7.0,4.0,0.0,0.0,5,5.0,1.0,0.0,0.0,0.0,18,9,0,1,6.0,5.0,1.0,20180922172332.0,11077.0
31,,,,2.0,32.5,0.8695652173913043,-32.5,0.8,123.5,0.8695652173913043,123.5,0.8,,,,,2.0,1.0,7.0,4.0,0.0,0.0,5,5.0,1.0,0.0,0.0,0.0,18,9,0,1,6.0,5.0,0.0,20180922172332.0,11077.0
32,,,,2.0,32.5,0.8695652173913043,-32.5,0.8,123.5,0.8695652173913043,123.5,0.8,,,^,,2.0,1.0,7.0,4.0,0.0,0.0,5,5.0,1.0,1.0,0.0,0.0,18,9,0,1,6.0,5.0,0.0,20180922172343.0,21086^11077
33,,,,2.0,32.5,0.8695652173913043,-32.5,0.8,123.5,0.8695652173913043,123.5,0.8,,,^,,2.0,1.0,7.0,4.0,0.0,0.0,5,5.0,1.0,1.0,0.0,0.0,18,9,0,1,6.0,5.0,1.0,20180922172352.0,21086^11077
34,,,,2.0,32.5,0.8695652173913043,-32.5,0.8,123.5,0.8695652173913043,123.5,0.8,,,^,,2.0,1.0,7.0,4.0,0.0,0.0,5,5.0,1.0,1.0,0.0,0.0,18,9,0,1,6.0,0.0,0.0,20180922172354.0,21086^11077
35,,,,2.0,32.5,0.8695652173913043,-32.5,0.8,123.5,0.8695652173913043,123.5,0.8,,,^,,2.0,1.0,7.0,4.0,0.0,0.0,5,5.0,1.0,2.0,0.0,0.0,18,9,0,1,6.0,0.0,0.0,20180922172400.0,21086^11077
36,,,,2.0,31.5,0.8695652173913043,-31.5,0.8,124.5,0.8695652173913043,124.5,0.8,,,1:2,,2.0,1.0,7.0,4.0,0.0,0.0,5,5.0,1.0,2.0,0.0,0.0,18,9,0,1,6.0,0.0,0.0,20180922172401.0,11078.0
37,,,,2.0,30.5,0.8695652173913043,-30.5,0.8,123.5,0.8695652173913043,123.5,0.8,,,1:2^2:2,,2.0,1.0,7.0,4.0,0.0,0.0,5,5.0,1.0,2.0,0.0,0.0,18,9,0,1,6.0,0.0,0.0,20180922172428.0,11080^11078
38,,,,2.0,31.5,0.8,-31.5,0.8695652173913043,124.5,0.8695652173913043,124.5,0.8,12.0,,2:2^,,2.0,1.0,7.0,4.0,1.0,0.0,5,5.0,1.0,2.0,50.0,0.0,21,11,0,1,6.0,0.0,0.0,20180922172444.0,11079^21077
39,,,,2.0,31.5,0.8,-31.5,0.8695652173913043,124.5,0.8695652173913043,124.5,0.8,12.0,,2:2^,,2.0,1.0,7.0,4.0,1.0,0.0,5,5.0,1.0,2.0,50.0,0.0,21,11,0,1,5.0,59.0,0.0,20180922172445.0,11079^21077
40,,,,2.0,31.5,0.8,-31.5,0.8695652173913043,124.5,0.8695652173913043,124.5,0.8,12.0,,2:2^,,2.0,1.0,7.0,4.0,1.0,0.0,5,5.0,1.0,2.0,50.0,0.0,21,11,0,1,5.0,59.0,0.0,20180922172445.0,11079^21077
41,,,,2.0,31.5,0.8,-31.5,0.8695652173913043,124.5,0.8695652173913043,124.5,0.8,12.0,,2:2^,,2.0,1.0,7.0,4.0,1.0,0.0,5,5.0,1.0,2.0,50.0,0.0,21,11,0,1,5.0,59.0,1.0,20180922172451.0,11079^21077
42,,,,2.0,30.5,0.8695652173913043,-30.5,0.8,123.5,0.8695652173913043,123.5,0.8,12.0,,2:2^,,2.0,1.0,7.0,4.0,1.0,0.0,5,5.0,1.0,2.0,50.0,0.0,21,11,0,1,5.0,50.0,1.0,20180922172459.0,11079^21077
43,,,,2.0,31.5,0.8333333333333334,-31.5,0.8333333333333334,123.5,0.8695652173913043,123.5,0.8,12.0,,2:2^,,2.0,1.0,7.0,4.0,1.0,0.0,5,5.0,1.0,2.0,50.0,0.0,21,11,0,1,5.0,50.0,1.0,20180922172500.0,11077.0
44,,,,2.0,31.5,0.8333333333333334,-31.5,0.8333333333333334,123.5,0.8695652173913043,123.5,0.8,12.0,,,,2.0,1.0,8.0,4.0,1.0,0.0,5,5.0,1.0,2.0,50.0,0.0,21,11,0,1,5.0,50.0,1.0,20180922172500.0,21077.0
45,,,,2.0,31.5,0.8333333333333334,-31.5,0.8333333333333334,123.5,0.8695652173913043,123.5,0.8,12.0,,,,2.0,1.0,8.0,4.0,1.0,0.0,5,5.0,1.0,2.0,50.0,0.0,21,11,0,1,5.0,44.0,0.0,20180922172506.0,21077.0
46,44.0,5.0,,2.0,31.5,0.8333333333333334,-31.5,0.8333333333333334,123.5,0.8695652173913043,123.5,0.8,12.0,,,,2.0,1.0,8.0,4.0,1.0,0.0,5,4.0,1.0,2.0,50.0,0.0,21,11,0,1,5.0,44.0,0.0,20180922172510.0,21081.0
47,44.0,5.0,,2.0,31.5,0.8333333333333334,-31.5,0.8333333333333334,125.5,0.8695652173913043,125.5,0.8,12.0,,,,2.0,1.0,8.0,4.0,1.0,0.0,5,4.0,1.0,2.0,50.0,0.0,21,11,0,1,5.0,42.0,0.0,20180922172553.0,21081.0
48,44.0,5.0,,2.0,31.5,0.8333333333333334,-31.5,0.8333333333333334,125.5,0.8695652173913043,125.5,0.8,12.0,,,,2.0,1.0,8.0,4.0,1.0,0.0,5,4.0,1.0,2.0,50.0,0.0,21,11,0,1,5.0,42.0,1.0,20180922172553.0,21081.0
49,44.0,5.0,,2.0,31.5,0.8333333333333334,-31.5,0.8333333333333334,125.5,0.8333333333333334,125.5,0.8333333333333334,12.0,,,,2.0,1.0,8.0,4.0,1.0,0.0,5,4.0,1.0,2.0,50.0,0.0,21,11,0,1,5.0,37.0,1.0,20180922172654.0,21081.0
50,44.0,5.0,,2.0,31.5,0.8333333333333334,-31.5,0.8333333333333334,124.5,0.8333333333333334,124.5,0.8333333333333334,12.0,,,,2.0,1.0,8.0,4.0,1.0,0.0,5,4.0,1.0,2.0,50.0,0.0,21,11,0,1,5.0,29.0,1.0,20180922172703.0,21095.0
51,44.0,5.0,,2.0,31.5,0.8333333333333334,-31.5,0.8333333333333334,124.5,0.8333333333333334,124.5,0.8333333333333334,12.0,,,,2.0,1.0,8.0,4.0,1.0,0.0,5,4.0,1.0,2.0,50.0,0.0,21,11,0,1,5.0,28.0,1.0,20180922172703.0,21095.0
52,44.0,5.0,,2.0,31.5,0.8333333333333334,-31.5,0.8333333333333334,124.5,0.8,124.5,0.8695652173913043,12.0,,,,2.0,1.0,8.0,4.0,1.0,0.0,5,4.0,1.0,2.0,50.0,0.0,21,11,0,1,5.0,20.0,1.0,20180922172711.0,21095.0
53,44.0,5.0,,2.0,31.5,0.8333333333333334,-31.5,0.8333333333333334,123.5,0.8333333333333334,123.5,0.8333333333333334,12.0,,,,2.0,1.0,8.0,4.0,1.0,0.0,5,4.0,1.0,2.0,50.0,0.0,21,11,0,1,5.0,12.0,1.0,20180922172719.0,21095.0
54,44.0,5.0,,2.0,31.5,0.8333333333333334,-31.5,0.8333333333333334,123.5,0.8,123.5,0.8695652173913043,12.0,,,,2.0,1.0,8.0,4.0,1.0,0.0,5,4.0,1.0,2.0,50.0,0.0,21,11,0,1,5.0,9.0,1.0,20180922172723.0,11095.0
55,44.0,5.0,,2.0,31.5,0.8333333333333334,-31.5,0.8333333333333334,123.5,0.8,123.5,0.8695652173913043,12.0,,,,2.0,1.0,8.0,4.0,1.0,0.0,5,4.0,1.0,2.0,50.0,0.0,21,11,0,1,5.0,9.0,1.0,20180922172724.0,21077.0
56,44.0,5.0,,2.0,31.5,0.8,-31.5,0.8695652173913043,122.5,0.8333333333333334,122.5,0.8333333333333334,12.0,,,,2.0,1.0,8.0,4.0,1.0,0.0,5,4.0,1.0,2.0,50.0,0.0,21,11,0,1,5.0,0.0,1.0,20180922172732.0,21077.0
57,44.0,5.0,,2.0,30.5,0.8695652173913043,-30.5,0.8,124.5,0.8333333333333334,124.5,0.8333333333333334,12.0,,^,,2.0,1.0,8.0,5.0,1.0,0.0,5,4.0,1.0,2.0,50.0,0.0,23,13,0,1,4.0,57.0,1.0,20180922172735.0,21074^11077
58,44.0,5.0,,2.0,30.5,0.8333333333333334,-30.5,0.8333333333333334,124.5,0.8,124.5,0.8695652173913043,12.0,,,,2.0,1.0,8.0,5.0,1.0,0.0,5,4.0,1.0,2.0,50.0,0.0,23,13,0,1,4.0,48.0,1.0,20180922172743.0,11077.0
59,44.0,5.0,,2.0,30.5,0.8333333333333334,-30.5,0.8333333333333334,123.5,0.8333333333333334,123.5,0.8333333333333334,12.0,,,,2.0,1.0,8.0,5.0,1.0,0.0,5,4.0,1.0,2.0,50.0,0.0,23,13,0,1,4.0,40.0,1.0,20180922172751.0,11077.0
60,44.0,5.0,,2.0,31.5,0.8695652173913043,-31.5,0.8,125.5,0.8695652173913043,125.5,0.8,11.0,,^,,2.0,1.0,9.0,5.0,1.0,0.0,5,4.0,1.0,2.0,50.0,0.0,25,13,0,1,4.0,39.0,1.0,20180922172753.0,11074^21077
61,44.0,5.0,,2.0,31.5,0.8333333333333334,-31.5,0.8333333333333334,125.5,0.8333333333333334,125.5,0.8333333333333334,11.0,,,,2.0,1.0,9.0,5.0,1.0,0.0,5,4.0,1.0,2.0,50.0,0.0,25,13,0,1,4.0,30.0,1.0,20180922172802.0,21077.0
62,44.0,5.0,,2.0,31.5,0.8333333333333334,-31.5,0.8333333333333334,125.5,0.8333333333333334,125.5,0.8333333333333334,11.0,,,,2.0,1.0,9.0,5.0,1.0,0.0,5,4.0,1.0,2.0,50.0,0.0,25,13,0,1,4.0,22.0,1.0,20180922172810.0,21077.0
63,44.0,5.0,,2.0,32.5,0.8,-32.5,0.8695652173913043,123.5,0.8695652173913043,123.5,0.8,11.0,,,,2.0,1.0,9.0,5.0,1.0,0.0,5,4.0,1.0,2.0,50.0,0.0,25,13,0,1,4.0,15.0,1.0,20180922172817.0,11077.0
64,44.0,5.0,,2.0,31.5,0.8333333333333334,-31.5,0.8333333333333334,123.5,0.8695652173913043,123.5,0.8,11.0,,,,2.0,1.0,9.0,5.0,1.0,0.0,5,4.0,1.0,2.0,50.0,0.0,25,13,0,1,4.0,8.0,1.0,20180922172817.0,21077.0
65,44.0,5.0,,2.0,31.5,0.8333333333333334,-31.5,0.8333333333333334,122.5,0.8695652173913043,122.5,0.8,11.0,,,,2.0,1.0,9.0,5.0,1.0,0.0,5,4.0,1.0,2.0,50.0,0.0,25,13,0,1,4.0,2.0,0.0,20180922172830.0,21077.0
66,44.0,5.0,,2.0,31.5,0.8695652173913043,-31.5,0.8,122.5,0.8695652173913043,122.5,0.8,11.0,,,,2.0,1.0,9.0,5.0,1.0,0.0,5,4.0,1.0,2.0,50.0,0.0,25,13,0,1,4.0,2.0,0.0,20180922172831.0,11077.0
67,44.0,5.0,,2.0,31.5,0.8695652173913043,-31.5,0.8,122.5,0.8695652173913043,122.5,0.8,11.0,,,,2.0,1.0,9.0,5.0,1.0,0.0,5,4.0,1.0,2.0,50.0,0.0,25,13,0,1,4.0,1.0,0.0,20180922172848.0,11077.0
68,44.0,5.0,,2.0,31.5,0.8695652173913043,-31.5,0.8,122.5,0.8695652173913043,122.5,0.8,11.0,,,,2.0,1.0,9.0,5.0,1.0,0.0,5,4.0,1.0,2.0,50.0,0.0,25,13,0,1,3.0,53.0,0.0,20180922172856.0,11077.0
69,44.0,5.0,,2.0,31.5,0.8333333333333334,-31.5,0.8333333333333334,121.5,0.8333333333333334,121.5,0.8333333333333334,11.0,,,,2.0,1.0,9.0,5.0,1.0,0.0,5,4.0,1.0,2.0,50.0,0.0,25,13,0,1,3.0,45.0,0.0,20180922172904.0,11077.0
70,44.0,5.0,,2.0,31.5,0.8333333333333334,-31.5,0.8333333333333334,121.5,0.8333333333333334,121.5,0.8333333333333334,11.0,,,,2.0,1.0,9.0,5.0,1.0,0.0,5,4.0,1.0,2.0,50.0,0.0,25,13,0,1,3.0,45.0,0.0,20180922172905.0,11077.0
71,44.0,5.0,,2.0,31.5,0.8333333333333334,-31.5,0.8333333333333334,121.5,0.8333333333333334,121.5,0.8333333333333334,11.0,,^,,2.0,1.0,9.0,5.0,1.0,0.0,5,4.0,1.0,3.0,50.0,0.0,25,13,0,1,3.0,45.0,0.0,20180922172907.0,21086^11077
72,44.0,5.0,,2.0,31.5,0.8333333333333334,-31.5,0.8333333333333334,121.5,0.8333333333333334,121.5,0.8333333333333334,11.0,,^,,2.0,1.0,9.0,5.0,1.0,0.0,5,4.0,1.0,3.0,50.0,0.0,25,13,0,1,3.0,45.0,1.0,20180922172923.0,21086^11077
73,44.0,5.0,,2.0,32.5,0.8695652173913043,-32.5,0.8,123.5,0.8333333333333334,123.5,0.8333333333333334,10.0,,^,,2.0,1.0,10.0,5.0,1.0,0.0,5,4.0,1.0,3.0,50.0,0.0,27,13,0,1,3.0,41.0,1.0,20180922172926.0,11074^21077
74,44.0,5.0,,2.0,32.5,0.8695652173913043,-32.5,0.8,123.5,0.8,123.5,0.8695652173913043,10.0,,,,2.0,1.0,10.0,5.0,1.0,0.0,5,4.0,1.0,3.0,50.0,0.0,27,13,0,1,3.0,32.0,1.0,20180922172935.0,21077.0
75,44.0,5.0,,2.0,32.5,0.8333333333333334,-32.5,0.8333333333333334,122.5,0.8333333333333334,122.5,0.8333333333333334,10.0,,,,2.0,1.0,10.0,5.0,1.0,0.0,5,4.0,1.0,3.0,50.0,0.0,27,13,0,1,3.0,24.0,1.0,20180922172943.0,21077.0
76,44.0,5.0,,2.0,32.5,0.8333333333333334,-32.5,0.8333333333333334,121.5,0.8695652173913043,121.5,0.8,10.0,,,,2.0,1.0,10.0,5.0,1.0,0.0,5,4.0,1.0,3.0,50.0,0.0,27,13,0,1,3.0,19.0,1.0,20180922172948.0,21095.0
77,44.0,5.0,,2.0,33.5,0.8,-33.5,0.8695652173913043,121.5,0.8333333333333334,121.5,0.8333333333333334,9.0,,,,2.0,1.0,10.0,5.0,1.0,0.0,5,4.0,1.0,3.0,50.0,0.0,27,13,0,1,3.0,10.0,1.0,20180922172957.0,11077.0
78,44.0,5.0,,2.0,32.5,0.8333333333333334,-32.5,0.8333333333333334,120.5,0.8695652173913043,120.5,0.8,10.0,,,,2.0,1.0,10.0,5.0,1.0,0.0,5,4.0,1.0,3.0,50.0,0.0,27,13,0,1,3.0,7.0,1.0,20180922173001.0,11077.0
79,44.0,5.0,,2.0,32.5,0.8333333333333334,-32.5,0.8333333333333334,120.5,0.8695652173913043,120.5,0.8,10.0,,,,2.0,1.0,10.0,5.0,1.0,0.0,5,4.0,1.0,3.0,50.0,0.0,27,13,0,1,3.0,7.0,1.0,20180922173001.0,21077.0
80,44.0,5.0,,2.0,32.5,0.8695652173913043,-32.5,0.8,119.5,0.8695652173913043,119.5,0.8,9.0,,,,2.0,1.0,10.0,5.0,1.0,0.0,5,4.0,1.0,3.0,50.0,0.0,27,13,0,1,3.0,55.0,0.0,20180922173012.0,11077.0
81,44.0,5.0,,2.0,32.5,0.8333333333333334,-32.5,0.8333333333333334,119.5,0.8695652173913043,119.5,0.8,10.0,,,,2.0,1.0,10.0,5.0,1.0,0.0,5,4.0,1.0,3.0,50.0,0.0,27,13,0,1,3.0,55.0,0.0,20180922173013.0,21077.0
82,44.0,5.0,,2.0,32.5,0.8333333333333334,-32.5,0.8333333333333334,119.5,0.8695652173913043,119.5,0.8,10.0,,,,2.0,1.0,10.0,5.0,1.0,0.0,5,4.0,1.0,3.0,50.0,0.0,27,13,0,1,3.0,55.0,1.0,20180922173041.0,21077.0
83,44.0,5.0,,2.0,32.5,0.8333333333333334,-32.5,0.8333333333333334,119.5,0.8333333333333334,119.5,0.8333333333333334,10.0,,,,2.0,1.0,10.0,5.0,1.0,0.0,5,4.0,1.0,3.0,50.0,0.0,27,13,0,1,3.0,46.0,1.0,20180922173050.0,21077.0
84,44.0,5.0,,2.0,32.5,0.8333333333333334,-32.5,0.8333333333333334,119.5,0.8333333333333334,119.5,0.8333333333333334,10.0,,,,2.0,1.0,10.0,5.0,1.0,0.0,5,4.0,1.0,3.0,50.0,0.0,27,13,0,1,3.0,46.0,1.0,20180922173050.0,21077.0
85,44.0,5.0,,2.0,30.5,0.8695652173913043,-30.5,0.8,121.5,0.8333333333333334,121.5,0.8333333333333334,10.0,,^,,2.0,1.0,10.0,6.0,1.0,0.0,5,4.0,1.0,3.0,50.0,0.0,27,15,0,1,3.0,39.0,1.0,20180922173057.0,21074^11077
86,44.0,5.0,,2.0,30.5,0.8695652173913043,-30.5,0.8,120.5,0.8333333333333334,120.5,0.8333333333333334,10.0,,,,2.0,1.0,10.0,6.0,1.0,0.0,5,4.0,1.0,3.0,50.0,0.0,27,15,0,1,3.0,30.0,1.0,20180922173106.0,11077.0
87,44.0,5.0,,2.0,32.5,0.8695652173913043,-32.5,0.8,124.5,0.8,124.5,0.8695652173913043,8.0,,^,,3.0,1.0,10.0,6.0,1.0,0.0,5,4.0,1.0,3.0,50.0,0.0,30,15,0,1,3.0,25.0,1.0,20180922173111.0,11075^21077
88,44.0,5.0,,2.0,32.5,0.8695652173913043,-32.5,0.8,124.5,0.8,124.5,0.8695652173913043,8.0,,,,3.0,1.0,10.0,6.0,1.0,0.0,5,4.0,1.0,3.0,50.0,0.0,30,15,0,1,3.0,25.0,1.0,20180922173112.0,21077.0
89,44.0,5.0,,2.0,32.5,0.8695652173913043,-32.5,0.8,123.5,0.8333333333333334,123.5,0.8333333333333334,8.0,,,,3.0,1.0,10.0,6.0,1.0,0.0,5,4.0,1.0,3.0,50.0,0.0,30,15,0,1,3.0,16.0,1.0,20180922173120.0,21077.0
90,44.0,5.0,,2.0,33.5,0.8333333333333334,-33.5,0.8333333333333334,122.5,0.8333333333333334,122.5,0.8333333333333334,7.0,,,,3.0,1.0,10.0,6.0,1.0,0.0,5,4.0,1.0,3.0,50.0,0.0,30,15,0,1,3.0,9.0,1.0,20180922173127.0,11077.0
91,44.0,5.0,,2.0,34.5,0.8333333333333334,-34.5,0.8333333333333334,125.5,0.8,125.5,0.8695652173913043,7.0,,^,,3.0,1.0,11.0,6.0,1.0,0.0,5,4.0,1.0,3.0,50.0,0.0,32,15,0,1,3.0,5.0,1.0,20180922173132.0,11074^21077
92,44.0,5.0,,2.0,34.5,0.8333333333333334,-34.5,0.8333333333333334,124.5,0.8695652173913043,124.5,0.8,7.0,,,,3.0,1.0,11.0,6.0,1.0,0.0,5,4.0,1.0,3.0,50.0,0.0,32,15,0,1,3.0,4.0,0.0,20180922173132.0,21077.0
93,44.0,5.0,,2.0,34.5,0.8333333333333334,-34.5,0.8333333333333334,124.5,0.8695652173913043,124.5,0.8,7.0,,,,3.0,1.0,11.0,6.0,1.0,0.0,5,3.0,1.0,3.0,50.0,0.0,32,15,0,1,3.0,4.0,0.0,20180922173137.0,21081.0
94,,,,2.0,34.5,0.8333333333333334,-34.5,0.8333333333333334,124.5,0.8695652173913043,124.5,0.8,7.0,,,,3.0,1.0,11.0,6.0,1.0,0.0,5,3.0,1.0,3.0,50.0,0.0,32,15,0,1,3.0,4.0,0.0,20180922173320.0,21077.0
95,,,,2.0,34.5,0.8333333333333334,-34.5,0.8333333333333334,124.5,0.8695652173913043,124.5,0.8,7.0,,,,3.0,1.0,11.0,6.0,1.0,0.0,5,3.0,1.0,3.0,50.0,0.0,32,15,0,1,3.0,4.0,1.0,20180922173321.0,21077.0
96,,,,2.0,34.5,0.8333333333333334,-34.5,0.8333333333333334,124.5,0.8333333333333334,124.5,0.8333333333333334,12.0,,,,3.0,1.0,11.0,6.0,1.0,0.0,5,3.0,1.0,3.0,50.0,0.0,32,15,0,1,1.0,55.0,1.0,20180922173329.0,21077.0
97,,,,2.0,34.5,0.8333333333333334,-34.5,0.8333333333333334,123.5,0.8333333333333334,123.5,0.8333333333333334,12.0,,,,3.0,1.0,11.0,6.0,1.0,0.0,5,3.0,1.0,3.0,50.0,0.0,32,15,0,1,1.0,49.0,1.0,20180922173335.0,21095.0
98,,,,2.0,34.5,0.8695652173913043,-34.5,0.8,123.5,0.8,123.5,0.8695652173913043,12.0,,,,3.0,1.0,11.0,6.0,1.0,0.0,5,3.0,1.0,3.0,50.0,0.0,32,15,0,1,1.0,40.0,1.0,20180922173344.0,11077.0
99,,,,2.0,36.5,0.8695652173913043,-36.5,0.8,126.5,0.8333333333333334,126.5,0.8333333333333334,12.0,,^,,4.0,1.0,11.0,6.0,1.0,0.0,5,3.0,1.0,3.0,50.0,0.0,35,15,0,1,1.0,33.0,1.0,20180922173351.0,11075^21077
100,,,,2.0,36.5,0.8695652173913043,-36.5,0.8,126.5,0.8333333333333334,126.5,0.8333333333333334,12.0,,,,4.0,1.0,11.0,6.0,1.0,0.0,5,3.0,1.0,3.0,50.0,0.0,35,15,0,1,1.0,33.0,1.0,20180922173352.0,21077.0
101,,,,2.0,36.5,0.8333333333333334,-36.5,0.8333333333333334,125.5,0.8333333333333334,125.5,0.8333333333333334,12.0,,,,4.0,1.0,11.0,6.0,1.0,0.0,5,3.0,1.0,3.0,50.0,0.0,35,15,0,1,1.0,24.0,1.0,20180922173400.0,21077.0
102,,,,2.0,36.5,0.8333333333333334,-36.5,0.8333333333333334,125.5,0.8333333333333334,125.5,0.8333333333333334,12.0,,,,4.0,1.0,11.0,6.0,1.0,0.0,5,3.0,1.0,3.0,50.0,0.0,35,15,0,1,1.0,20.0,0.0,20180922173405.0,21077.0
103,,,,2.0,36.5,0.8333333333333334,-36.5,0.8333333333333334,125.5,0.8333333333333334,125.5,0.8333333333333334,12.0,,,,4.0,1.0,11.0,6.0,1.0,0.0,5,3.0,1.0,3.0,50.0,0.0,35,15,0,1,1.0,20.0,1.0,20180922173420.0,21077.0
104,,,,2.0,36.5,0.8333333333333334,-36.5,0.8333333333333334,124.5,0.8333333333333334,124.5,0.8333333333333334,12.0,,,,4.0,1.0,11.0,6.0,1.0,0.0,5,3.0,1.0,3.0,50.0,0.0,35,15,0,1,1.0,11.0,1.0,20180922173429.0,21077.0
105,,,,2.0,36.5,0.8333333333333334,-36.5,0.8333333333333334,124.5,0.8,124.5,0.8695652173913043,12.0,,,,4.0,1.0,11.0,6.0,1.0,0.0,5,3.0,1.0,3.0,50.0,0.0,35,15,0,1,1.0,5.0,0.0,20180922173435.0,21077.0
106,,,,2.0,35.5,0.8,-35.5,0.8695652173913043,126.5,0.8333333333333334,126.5,0.8333333333333334,12.0,,^,,4.0,1.0,11.0,7.0,1.0,0.0,5,3.0,1.0,3.0,50.0,0.0,35,17,0,1,1.0,5.0,0.0,20180922173446.0,21074^11077
107,,,,2.0,34.5,0.8333333333333334,-34.5,0.8333333333333334,126.5,0.8333333333333334,126.5,0.8333333333333334,12.0,,^,,4.0,1.0,11.0,7.0,1.0,0.0,5,3.0,3.0,3.0,50.0,0.0,35,17,0,1,1.0,5.0,0.0,20180922173448.0,11086^21077
108,,,,2.0,34.5,0.8333333333333334,-34.5,0.8333333333333334,127.5,0.8,127.5,0.8695652173913043,12.0,,1:1,,4.0,1.0,11.0,7.0,1.0,0.0,5,3.0,3.0,3.0,50.0,0.0,35,17,0,1,1.0,5.0,0.0,20180922173449.0,21078.0
109,,,,2.0,34.5,0.8333333333333334,-34.5,0.8333333333333334,128.5,0.8,128.5,0.8695652173913043,12.0,,1:1^,,4.0,1.0,11.0,7.0,1.0,1.0,5,3.0,3.0,3.0,50.0,100.0,35,18,0,1,1.0,5.0,0.0,20180922173508.0,21079^11077
110,,,,2.0,34.5,0.8333333333333334,-34.5,0.8333333333333334,128.5,0.8,128.5,0.8695652173913043,12.0,,,,4.0,1.0,11.0,7.0,1.0,1.0,5,3.0,3.0,3.0,50.0,100.0,35,18,0,1,1.0,5.0,1.0,20180922173509.0,11077.0
111,,,,2.0,34.5,0.8333333333333334,-34.5,0.8333333333333334,128.5,0.8,128.5,0.8695652173913043,12.0,,,,4.0,1.0,11.0,7.0,1.0,1.0,5,3.0,3.0,3.0,50.0,100.0,35,18,0,1,1.0,5.0,0.0,20180922173509.0,11077.0
112,,,,2.0,34.5,0.8333333333333334,-34.5,0.8333333333333334,128.5,0.8,128.5,0.8695652173913043,12.0,,,,4.0,1.0,11.0,7.0,1.0,1.0,5,3.0,3.0,3.0,50.0,100.0,35,18,0,1,1.0,5.0,1.0,20180922173525.0,11077.0
113,,,,2.0,34.5,0.8,-34.5,0.8695652173913043,127.5,0.8333333333333334,127.5,0.8333333333333334,12.0,,,,4.0,1.0,11.0,7.0,1.0,1.0,5,3.0,3.0,3.0,50.0,100.0,35,18,0,1,0.0,56.0,1.0,20180922173533.0,11077.0
114,,,,2.0,34.5,0.8,-34.5,0.8695652173913043,126.5,0.8333333333333334,126.5,0.8333333333333334,12.0,,,,4.0,1.0,11.0,7.0,1.0,1.0,5,3.0,3.0,3.0,50.0,100.0,35,18,0,1,0.0,48.0,1.0,20180922173541.0,11077.0
115,,,,2.0,36.5,0.8,-36.5,0.8695652173913043,130.5,0.8,130.5,0.8695652173913043,12.0,,,,4.0,1.0,11.0,7.0,1.0,1.0,5,3.0,3.0,3.0,50.0,100.0,38,18,0,1,0.0,41.0,1.0,20180922173548.0,11077.0
116,,,,2.0,36.5,0.8,-36.5,0.8695652173913043,130.5,0.8,130.5,0.8695652173913043,12.0,,,,4.0,1.0,11.0,7.0,1.0,1.0,5,3.0,3.0,3.0,50.0,100.0,38,18,0,1,0.0,41.0,1.0,20180922173549.0,21077.0
117,,,,2.0,36.5,0.8,-36.5,0.8695652173913043,129.5,0.8333333333333334,129.5,0.8333333333333334,12.0,,,,4.0,1.0,11.0,7.0,1.0,1.0,5,3.0,3.0,3.0,50.0,100.0,38,18,0,1,0.0,32.0,1.0,20180922173557.0,21077.0
118,,,,2.0,36.5,0.8,-36.5,0.8695652173913043,129.5,0.8,129.5,0.8695652173913043,12.0,,,,4.0,1.0,11.0,7.0,1.0,1.0,5,3.0,3.0,3.0,50.0,100.0,38,18,0,1,0.0,29.0,0.0,20180922173601.0,21077.0
119,,,,2.0,36.5,0.8333333333333334,-36.5,0.8333333333333334,129.5,0.8,129.5,0.8695652173913043,12.0,,^,1.0,4.0,1.0,11.0,7.0,1.0,1.0,5,3.0,3.0,4.0,50.0,100.0,38,18,0,1,0.0,29.0,0.0,20180922173607.0,21086^11077
120,,,,2.0,36.5,0.8333333333333334,-36.5,0.8333333333333334,129.5,0.8,129.5,0.8695652173913043,12.0,,,1.0,4.0,1.0,11.0,7.0,1.0,1.0,5,3.0,3.0,4.0,50.0,100.0,38,18,0,1,0.0,29.0,1.0,20180922173620.0,11077.0
121,,,,2.0,36.5,0.8333333333333334,-36.5,0.8333333333333334,128.5,0.8333333333333334,128.5,0.8333333333333334,12.0,,,1.0,4.0,1.0,11.0,7.0,1.0,1.0,5,3.0,3.0,4.0,50.0,100.0,38,18,0,1,0.0,20.0,1.0,20180922173628.0,11077.0
122,,,,2.0,36.5,0.8333333333333334,-36.5,0.8333333333333334,127.5,0.8333333333333334,127.5,0.8333333333333334,12.0,,,1.0,4.0,1.0,11.0,7.0,1.0,1.0,5,3.0,3.0,4.0,50.0,100.0,38,18,0,1,0.0,12.0,1.0,20180922173636.0,11077.0
123,,,,2.0,35.5,0.8695652173913043,-35.5,0.8,127.5,0.8333333333333334,127.5,0.8333333333333334,12.0,,,1.0,4.0,1.0,11.0,7.0,1.0,1.0,5,3.0,3.0,4.0,50.0,100.0,38,18,0,1,0.0,12.0,1.0,20180922173636.0,21077.0
124,,,,2.0,34.5,0.8333333333333334,-34.5,0.8333333333333334,129.5,0.8333333333333334,129.5,0.8333333333333334,12.0,,^,1.0,4.0,1.0,11.0,8.0,1.0,1.0,5,3.0,3.0,4.0,50.0,100.0,38,20,0,1,0.0,2.0,1.0,20180922173647.0,21074^11077
125,,,,2.0,34.5,0.8333333333333334,-34.5,0.8333333333333334,129.5,0.8333333333333334,129.5,0.8333333333333334,12.0,,,1.0,4.0,1.0,11.0,8.0,1.0,1.0,5,3.0,3.0,4.0,50.0,100.0,38,20,0,1,0.0,0.0,0.0,20180922173648.0,11077.0
126,,,Q3,3rd Quarter,34.5,0.8333333333333334,-34.5,0.8333333333333334,129.5,0.8333333333333334,129.5,0.8333333333333334,12.0,3.0,,0.0,4.0,1.0,11.0,8.0,1.0,1.0,5,3.0,0.0,0.0,50.0,100.0,38,20,0,1,10.0,0.0,0.0,20180922173653.0,1083.0
127,,,Q3,3rd Quarter,34.5,0.8333333333333334,-34.5,0.8333333333333334,131.5,0.8333333333333334,131.5,0.8333333333333334,12.0,3.0,,0.0,4.0,1.0,11.0,8.0,1.0,1.0,5,3.0,0.0,0.0,50.0,100.0,38,20,0,1,10.0,0.0,0.0,20180922175245.0,1083.0
128,,,Q3,3rd Quarter,34.5,0.8333333333333334,-34.5,0.8333333333333334,131.5,0.8333333333333334,131.5,0.8333333333333334,12.0,3.0,,0.0,4.0,1.0,11.0,8.0,1.0,1.0,5,3.0,0.0,0.0,50.0,100.0,38,20,0,1,10.0,0.0,1.0,20180922175246.0,21077.0
129,,,Q3,3rd Quarter,34.5,0.8,-34.5,0.8695652173913043,130.5,0.8695652173913043,130.5,0.8,12.0,3.0,,0.0,4.0,1.0,11.0,8.0,1.0,1.0,5,3.0,0.0,0.0,50.0,100.0,38,20,0,1,9.0,51.0,1.0,20180922175254.0,21077.0
130,,,Q3,3rd Quarter,33.5,0.8695652173913043,-33.5,0.8,130.5,0.8,130.5,0.8695652173913043,12.0,3.0,,0.0,4.0,1.0,11.0,8.0,1.0,1.0,5,3.0,0.0,0.0,50.0,100.0,38,20,0,1,9.0,43.0,1.0,20180922175302.0,21077.0
131,,,Q3,3rd Quarter,32.5,0.8333333333333334,-32.5,0.8333333333333334,132.5,0.8333333333333334,132.5,0.8333333333333334,12.0,3.0,^,0.0,4.0,1.0,11.0,9.0,1.0,1.0,5,3.0,0.0,0.0,50.0,100.0,38,22,0,1,9.0,41.0,1.0,20180922175305.0,21074^11077
132,,,Q3,3rd Quarter,32.5,0.8,-32.5,0.8695652173913043,131.5,0.8695652173913043,131.5,0.8,12.0,3.0,,0.0,4.0,1.0,11.0,9.0,1.0,1.0,5,3.0,0.0,0.0,50.0,100.0,38,22,0,1,9.0,32.0,1.0,20180922175313.0,11077.0
133,,,Q3,3rd Quarter,32.5,0.8,-32.5,0.8695652173913043,131.5,0.8333333333333334,131.5,0.8333333333333334,12.0,3.0,,0.0,4.0,1.0,11.0,9.0,1.0,1.0,5,3.0,0.0,0.0,50.0,100.0,38,22,0,1,9.0,24.0,1.0,20180922175322.0,11077.0
134,,,Q3,3rd Quarter,32.5,0.8,-32.5,0.8695652173913043,131.5,0.8,131.5,0.8695652173913043,12.0,3.0,,0.0,4.0,1.0,11.0,9.0,1.0,1.0,5,3.0,0.0,0.0,50.0,100.0,38,22,0,1,9.0,24.0,0.0,20180922175322.0,11077.0
135,,,Q3,3rd Quarter,31.5,0.8695652173913043,-31.5,0.8,131.5,0.8,131.5,0.8695652173913043,12.0,3.0,,0.0,4.0,1.0,11.0,9.0,1.0,1.0,5,3.0,0.0,0.0,50.0,100.0,38,22,0,1,9.0,24.0,0.0,20180922175323.0,21077.0
136,,,Q3,3rd Quarter,31.5,0.8695652173913043,-31.5,0.8,131.5,0.8,131.5,0.8695652173913043,12.0,3.0,,0.0,4.0,1.0,11.0,9.0,1.0,1.0,5,3.0,0.0,0.0,50.0,100.0,38,22,0,1,9.0,24.0,1.0,20180922175333.0,21077.0
137,,,Q3,3rd Quarter,31.5,0.8333333333333334,-31.5,0.8333333333333334,130.5,0.8333333333333334,130.5,0.8333333333333334,12.0,3.0,,0.0,4.0,1.0,11.0,9.0,1.0,1.0,5,3.0,0.0,0.0,50.0,100.0,38,22,0,1,9.0,15.0,1.0,20180922175341.0,21077.0
138,,,Q3,3rd Quarter,31.5,0.8333333333333334,-31.5,0.8333333333333334,129.5,0.8695652173913043,129.5,0.8,12.0,3.0,,0.0,4.0,1.0,11.0,9.0,1.0,1.0,5,3.0,0.0,0.0,50.0,100.0,38,22,0,1,9.0,7.0,1.0,20180922175350.0,21077.0
139,,,Q3,3rd Quarter,31.5,0.8333333333333334,-31.5,0.8333333333333334,129.5,0.8695652173913043,129.5,0.8,12.0,3.0,,0.0,4.0,1.0,11.0,9.0,1.0,1.0,5,3.0,0.0,0.0,50.0,100.0,38,22,0,1,9.0,7.0,0.0,20180922175350.0,21077.0
140,,,Q3,3rd Quarter,31.5,0.8695652173913043,-31.5,0.8,129.5,0.8695652173913043,129.5,0.8,12.0,3.0,,0.0,4.0,1.0,11.0,9.0,1.0,1.0,5,3.0,0.0,0.0,50.0,100.0,38,22,0,1,9.0,7.0,0.0,20180922175355.0,11077.0
141,,,Q3,3rd Quarter,31.5,0.8695652173913043,-31.5,0.8,129.5,0.8695652173913043,129.5,0.8,12.0,3.0,,0.0,4.0,1.0,11.0,9.0,1.0,1.0,5,3.0,0.0,0.0,50.0,100.0,38,22,0,1,9.0,7.0,1.0,20180922175403.0,11077.0
142,,,Q3,3rd Quarter,31.5,0.8695652173913043,-31.5,0.8,129.5,0.8,129.5,0.8695652173913043,12.0,3.0,,0.0,4.0,1.0,11.0,9.0,1.0,1.0,5,3.0,0.0,0.0,50.0,100.0,38,22,0,1,8.0,58.0,1.0,20180922175411.0,11077.0
143,,,Q3,3rd Quarter,31.5,0.8695652173913043,-31.5,0.8,128.5,0.8333333333333334,128.5,0.8333333333333334,12.0,3.0,,0.0,4.0,1.0,11.0,9.0,1.0,1.0,5,3.0,0.0,0.0,50.0,100.0,38,22,0,1,8.0,54.0,0.0,20180922175416.0,11077.0
144,,,Q3,3rd Quarter,31.5,0.8695652173913043,-31.5,0.8,128.5,0.8333333333333334,128.5,0.8333333333333334,12.0,3.0,^,0.0,4.0,1.0,11.0,9.0,1.0,1.0,5,3.0,0.0,1.0,50.0,100.0,38,22,0,1,8.0,54.0,0.0,20180922175422.0,21086^11077
145,,,Q3,3rd Quarter,31.5,0.8695652173913043,-31.5,0.8,128.5,0.8333333333333334,128.5,0.8333333333333334,12.0,3.0,^,0.0,4.0,1.0,11.0,9.0,1.0,1.0,5,3.0,0.0,1.0,50.0,100.0,38,22,0,1,8.0,53.0,1.0,20180922175439.0,21086^11077
146,,,Q3,3rd Quarter,31.5,0.8695652173913043,-31.5,0.8,128.5,0.8333333333333334,128.5,0.8333333333333334,12.0,3.0,^,0.0,4.0,1.0,12.0,9.0,1.0,1.0,5,3.0,0.0,1.0,50.0,100.0,40,22,0,1,8.0,53.0,1.0,20180922175446.0,11074^21077
147,,,Q3,3rd Quarter,32.5,0.8695652173913043,-32.5,0.8,128.5,0.8,128.5,0.8695652173913043,12.0,3.0,,0.0,4.0,1.0,12.0,9.0,1.0,1.0,5,3.0,0.0,1.0,50.0,100.0,40,22,0,1,8.0,38.0,1.0,20180922175454.0,21077.0
148,,,Q3,3rd Quarter,32.5,0.8695652173913043,-32.5,0.8,129.5,0.8333333333333334,129.5,0.8333333333333334,12.0,3.0,,0.0,4.0,1.0,12.0,9.0,1.0,1.0,5,3.0,0.0,1.0,50.0,100.0,40,22,0,1,8.0,30.0,1.0,20180922175503.0,21077.0
149,,,Q3,3rd Quarter,32.5,0.8695652173913043,-32.5,0.8,129.5,0.8333333333333334,129.5,0.8333333333333334,12.0,3.0,,0.0,4.0,1.0,12.0,9.0,1.0,1.0,5,3.0,0.0,1.0,50.0,100.0,40,22,0,1,8.0,30.0,0.0,20180922175503.0,21077.0
150,,,Q3,3rd Quarter,32.5,0.8695652173913043,-32.5,0.8,129.5,0.8333333333333334,129.5,0.8333333333333334,12.0,3.0,^,0.0,4.0,1.0,12.0,9.0,1.0,1.0,5,3.0,1.0,1.0,50.0,100.0,40,22,0,1,8.0,30.0,0.0,20180922175509.0,11086^21077
151,,,Q3,3rd Quarter,32.5,0.8,-32.5,0.8695652173913043,130.5,0.8333333333333334,130.5,0.8333333333333334,12.0,3.0,1:2,0.0,4.0,1.0,12.0,9.0,1.0,1.0,5,3.0,1.0,1.0,50.0,100.0,40,22,0,1,8.0,30.0,0.0,20180922175512.0,21078.0
152,,,Q3,3rd Quarter,32.5,0.8695652173913043,-32.5,0.8,129.5,0.8695652173913043,129.5,0.8,12.0,3.0,1:2^2:2,0.0,4.0,1.0,12.0,9.0,1.0,1.0,5,3.0,1.0,1.0,50.0,50.0,40,22,0,1,8.0,30.0,0.0,20180922175539.0,21080^21078
153,,,Q3,3rd Quarter,33.5,0.8333333333333334,-33.5,0.8333333333333334,129.5,0.8333333333333334,129.5,0.8333333333333334,12.0,3.0,2:2^,0.0,4.0,1.0,12.0,9.0,1.0,1.0,5,3.0,1.0,1.0,50.0,33.3,40,22,0,1,8.0,30.0,1.0,20180922175550.0,21080^11077
154,,,Q3,3rd Quarter,33.5,0.8333333333333334,-33.5,0.8333333333333334,129.5,0.8333333333333334,129.5,0.8333333333333334,12.0,3.0,,0.0,4.0,1.0,12.0,9.0,1.0,1.0,5,3.0,1.0,1.0,50.0,33.3,40,22,0,1,8.0,29.0,1.0,20180922175550.0,11077.0
155,,,Q3,3rd Quarter,33.5,0.8333333333333334,-33.5,0.8333333333333334,128.5,0.8333333333333334,128.5,0.8333333333333334,12.0,3.0,,0.0,4.0,1.0,12.0,9.0,1.0,1.0,5,3.0,1.0,1.0,50.0,33.3,40,22,0,1,8.0,20.0,1.0,20180922175559.0,11077.0
156,,,Q3,3rd Quarter,33.5,0.8,-32.5,0.8695652173913043,128.5,0.8333333333333334,128.5,0.8333333333333334,12.0,3.0,,0.0,4.0,1.0,12.0,9.0,1.0,1.0,5,3.0,1.0,1.0,50.0,33.3,40,22,0,1,8.0,13.0,1.0,20180922175607.0,21077.0
157,,,Q3,3rd Quarter,33.5,0.8,-32.5,0.8695652173913043,128.5,0.8333333333333334,128.5,0.8333333333333334,12.0,3.0,,0.0,4.0,1.0,12.0,9.0,1.0,1.0,5,3.0,1.0,1.0,50.0,33.3,40,22,0,1,8.0,13.0,0.0,20180922175608.0,21077.0
158,,,Q3,3rd Quarter,33.5,0.8,-32.5,0.8695652173913043,128.5,0.8333333333333334,128.5,0.8333333333333334,12.0,3.0,,0.0,4.0,1.0,12.0,9.0,1.0,1.0,5,3.0,1.0,1.0,50.0,33.3,40,22,0,1,8.0,13.0,0.0,20180922175612.0,21077.0
159,,,Q3,3rd Quarter,33.5,0.8,-32.5,0.8695652173913043,127.5,0.8695652173913043,127.5,0.8,12.0,3.0,^,0.0,4.0,1.0,12.0,9.0,1.0,1.0,5,3.0,2.0,1.0,50.0,33.3,40,22,0,1,8.0,11.0,0.0,20180922175618.0,11086^21077
160,,,Q3,3rd Quarter,33.5,0.8,-32.5,0.8695652173913043,128.5,0.8,128.5,0.8695652173913043,12.0,3.0,^,0.0,4.0,1.0,12.0,9.0,1.0,1.0,5,3.0,2.0,1.0,50.0,33.3,40,22,0,1,8.0,15.0,1.0,20180922175623.0,11086^21077
161,,,Q3,3rd Quarter,33.5,0.8,-32.5,0.8695652173913043,127.5,0.8333333333333334,127.5,0.8333333333333334,12.0,3.0,^,0.0,4.0,1.0,12.0,9.0,1.0,1.0,5,3.0,2.0,1.0,50.0,33.3,40,22,0,1,8.0,6.0,1.0,20180922175632.0,11086^21077
162,,,Q3,3rd Quarter,33.5,0.8,-32.5,0.8695652173913043,126.5,0.8695652173913043,126.5,0.8,12.0,3.0,^,0.0,4.0,1.0,12.0,9.0,1.0,1.0,5,3.0,2.0,1.0,50.0,33.3,40,22,0,1,7.0,58.0,1.0,20180922175640.0,11086^21077
163,,,Q3,3rd Quarter,33.5,0.8,-32.5,0.8695652173913043,126.5,0.8333333333333334,126.5,0.8333333333333334,12.0,3.0,,0.0,4.0,1.0,12.0,9.0,1.0,1.0,5,3.0,2.0,1.0,50.0,33.3,40,22,0,1,7.0,52.0,1.0,20180922175645.0,21094.0
164,,,Q3,3rd Quarter,33.5,0.8,-33.5,0.8695652173913043,126.5,0.8333333333333334,126.5,0.8333333333333334,12.0,3.0,,0.0,4.0,1.0,12.0,9.0,1.0,1.0,5,3.0,2.0,1.0,50.0,33.3,40,22,0,1,7.0,52.0,1.0,20180922175646.0,11077.0
165,,,Q3,3rd Quarter,32.5,0.9090909090909091,-32.5,0.7692307692307693,125.5,0.8695652173913043,125.5,0.8,12.0,3.0,,0.0,4.0,1.0,12.0,9.0,1.0,1.0,5,3.0,2.0,1.0,50.0,33.3,40,22,0,1,7.0,46.0,0.0,20180922175651.0,11077.0
166,,,Q3,3rd Quarter,32.5,0.9090909090909091,-32.5,0.7692307692307693,125.5,0.8695652173913043,125.5,0.8,12.0,3.0,^,0.0,4.0,1.0,12.0,9.0,1.0,1.0,5,3.0,2.0,2.0,50.0,33.3,40,22,0,1,7.0,46.0,0.0,20180922175657.0,21086^11077
167,,,Q3,3rd Quarter,32.5,0.9090909090909091,-32.5,0.7692307692307693,125.5,0.8695652173913043,125.5,0.8,12.0,3.0,^,0.0,4.0,1.0,12.0,9.0,1.0,1.0,5,3.0,2.0,2.0,50.0,33.3,40,22,0,1,7.0,46.0,1.0,20180922175710.0,21086^11077
168,,,Q3,3rd Quarter,32.5,0.8695652173913043,-32.5,0.8,125.5,0.8333333333333334,125.5,0.8333333333333334,12.0,3.0,,0.0,4.0,1.0,12.0,9.0,1.0,1.0,5,3.0,2.0,2.0,50.0,33.3,40,22,0,1,7.0,41.0,1.0,20180922175715.0,11095.0
169,,,Q3,3rd Quarter,32.5,0.7692307692307693,-31.5,0.9090909090909091,124.5,0.8695652173913043,124.5,0.8,12.0,3.0,,0.0,4.0,1.0,12.0,9.0,1.0,1.0,5,3.0,2.0,2.0,50.0,33.3,40,22,0,1,7.0,32.0,1.0,20180922175723.0,21077.0
170,,,Q3,3rd Quarter,32.5,0.7692307692307693,-31.5,0.9090909090909091,124.5,0.8695652173913043,124.5,0.8,12.0,3.0,,0.0,4.0,1.0,12.0,9.0,1.0,1.0,5,3.0,2.0,2.0,50.0,33.3,40,22,0,1,7.0,32.0,1.0,20180922175724.0,21094.0
171,,,Q3,3rd Quarter,32.5,0.7692307692307693,-32.5,0.9090909090909091,126.5,0.8695652173913043,126.5,0.8,12.0,3.0,^,0.0,4.0,1.0,13.0,9.0,1.0,1.0,5,3.0,2.0,2.0,50.0,33.3,42,22,0,1,7.0,26.0,1.0,20180922175730.0,11077.0
172,,,Q3,3rd Quarter,32.5,0.7692307692307693,-32.5,0.9090909090909091,126.5,0.8695652173913043,126.5,0.8,12.0,3.0,,0.0,4.0,1.0,13.0,9.0,1.0,1.0,5,3.0,2.0,2.0,50.0,33.3,42,22,0,1,7.0,26.0,1.0,20180922175731.0,21077.0
173,,,Q3,3rd Quarter,32.5,0.7692307692307693,-32.5,0.9090909090909091,126.5,0.8,126.5,0.8695652173913043,12.0,3.0,,0.0,4.0,1.0,13.0,9.0,1.0,1.0,5,3.0,2.0,2.0,50.0,33.3,42,22,0,1,7.0,17.0,1.0,20180922175739.0,21077.0
174,,,Q3,3rd Quarter,32.5,0.7692307692307693,-32.5,0.9090909090909091,125.5,0.8333333333333334,125.5,0.8333333333333334,12.0,3.0,,0.0,4.0,1.0,13.0,9.0,1.0,1.0,5,3.0,2.0,2.0,50.0,33.3,42,22,0,1,7.0,9.0,1.0,20180922175747.0,21077.0
175,,,Q3,3rd Quarter,34.5,0.7692307692307693,-34.5,0.9090909090909091,125.5,0.8,125.5,0.8695652173913043,12.0,3.0,,0.0,4.0,1.0,13.0,9.0,1.0,1.0,5,3.0,2.0,2.0,50.0,33.3,42,22,0,1,7.0,4.0,1.0,20180922175752.0,21077.0
176,,,Q3,3rd Quarter,34.5,0.7692307692307693,-34.5,0.9090909090909091,125.5,0.8,125.5,0.8695652173913043,12.0,3.0,^,0.0,4.0,1.0,14.0,9.0,1.0,1.0,5,3.0,2.0,2.0,50.0,33.3,42,22,0,1,7.0,4.0,1.0,20180922175752.0,11077.0
177,,,Q3,3rd Quarter,34.5,0.7692307692307693,-34.5,0.9090909090909091,125.5,0.8,125.5,0.8695652173913043,12.0,3.0,,0.0,4.0,1.0,14.0,9.0,1.0,1.0,5,3.0,2.0,2.0,50.0,33.3,42,22,0,1,7.0,4.0,0.0,20180922175757.0,21077.0
178,44.0,5.0,Q3,3rd Quarter,34.5,0.7692307692307693,-34.5,0.9090909090909091,125.5,0.8,125.5,0.8695652173913043,12.0,3.0,,0.0,4.0,1.0,14.0,9.0,1.0,1.0,5,2.0,2.0,2.0,50.0,33.3,42,22,0,1,7.0,4.0,0.0,20180922175802.0,21081.0
179,,,Q3,3rd Quarter,34.5,0.7692307692307693,-34.5,0.9090909090909091,125.5,0.8,125.5,0.8695652173913043,12.0,3.0,,0.0,4.0,1.0,14.0,9.0,1.0,1.0,5,2.0,2.0,2.0,50.0,33.3,42,22,0,1,7.0,4.0,1.0,20180922175929.0,21077.0
180,,,Q3,3rd Quarter,34.5,0.9090909090909091,-34.5,0.7692307692307693,126.5,0.8695652173913043,126.5,0.8,12.0,3.0,,0.0,4.0,1.0,14.0,9.0,1.0,1.0,5,2.0,2.0,2.0,50.0,33.3,42,22,0,1,6.0,51.0,1.0,20180922175937.0,21077.0
181,,,Q3,3rd Quarter,34.5,0.8695652173913043,-34.5,0.8,126.5,0.8,126.5,0.8695652173913043,12.0,3.0,,0.0,4.0,1.0,14.0,9.0,1.0,1.0,5,2.0,2.0,2.0,50.0,33.3,42,22,0,1,6.0,43.0,1.0,20180922175946.0,21077.0
182,,,Q3,3rd Quarter,34.5,0.8,-34.5,0.8695652173913043,128.5,0.8333333333333334,128.5,0.8333333333333334,12.0,3.0,,0.0,4.0,1.0,14.0,10.0,1.0,1.0,5,2.0,2.0,2.0,50.0,33.3,44,24,0,1,6.0,43.0,1.0,20180922175946.0,11077.0
183,,,Q3,3rd Quarter,33.5,0.8695652173913043,-33.5,0.8,127.5,0.8695652173913043,127.5,0.8,12.0,3.0,,0.0,4.0,1.0,14.0,10.0,1.0,1.0,5,2.0,2.0,2.0,50.0,33.3,44,24,0,1,6.0,34.0,1.0,20180922175954.0,11077.0
184,,,Q3,3rd Quarter,35.5,0.8333333333333334,-35.5,0.8333333333333334,131.5,0.8333333333333334,131.5,0.8333333333333334,12.0,3.0,^,0.0,6.0,1.0,14.0,10.0,1.0,1.0,5,2.0,2.0,2.0,50.0,33.3,47,24,0,1,6.0,32.0,1.0,20180922175957.0,11075^21077
185,,,Q3,3rd Quarter,35.5,0.8333333333333334,-35.5,0.8333333333333334,130.5,0.8695652173913043,130.5,0.8,12.0,3.0,,0.0,6.0,1.0,14.0,10.0,1.0,1.0,5,2.0,2.0,2.0,50.0,33.3,47,24,0,1,6.0,23.0,1.0,20180922180006.0,21077.0
186,,,Q3,3rd Quarter,35.5,0.8333333333333334,-35.5,0.8333333333333334,130.5,0.8,130.5,0.8695652173913043,12.0,3.0,,0.0,6.0,1.0,14.0,10.0,1.0,1.0,5,2.0,2.0,2.0,50.0,33.3,47,24,0,1,6.0,15.0,1.0,20180922180014.0,21077.0
187,,,Q3,3rd Quarter,36.5,0.8333333333333334,-36.5,0.8333333333333334,129.5,0.8695652173913043,129.5,0.8,12.0,3.0,,0.0,6.0,1.0,14.0,10.0,1.0,1.0,5,2.0,2.0,2.0,50.0,33.3,47,24,0,1,6.0,13.0,1.0,20180922180016.0,11077.0
188,,,Q3,3rd Quarter,36.5,0.8333333333333334,-36.5,0.8333333333333334,129.5,0.8333333333333334,129.5,0.8333333333333334,12.0,3.0,,0.0,6.0,1.0,14.0,10.0,1.0,1.0,5,2.0,2.0,2.0,50.0,33.3,47,24,0,1,6.0,4.0,1.0,20180922180024.0,11077.0
189,,,Q3,3rd Quarter,36.5,0.8,-36.5,0.8695652173913043,128.5,0.8695652173913043,128.5,0.8,12.0,3.0,,0.0,6.0,1.0,14.0,10.0,1.0,1.0,5,2.0,2.0,2.0,50.0,33.3,47,24,0,1,5.0,58.0,1.0,20180922180031.0,11077.0
190,,,Q3,3rd Quarter,36.5,0.8,-36.5,0.8695652173913043,128.5,0.8695652173913043,128.5,0.8,12.0,3.0,,0.0,6.0,1.0,14.0,10.0,1.0,1.0,5,2.0,2.0,2.0,50.0,33.3,47,24,0,1,5.0,57.0,1.0,20180922180031.0,11077.0
191,,,Q3,3rd Quarter,37.5,0.7692307692307693,-37.5,0.9090909090909091,130.5,0.9090909090909091,130.5,0.7692307692307693,10.0,3.0,^,0.0,6.0,1.0,15.0,10.0,1.0,1.0,5,2.0,2.0,2.0,50.0,33.3,49,24,0,1,5.0,54.0,1.0,20180922180035.0,11074^21077
192,,,Q3,3rd Quarter,36.5,0.8695652173913043,-36.5,0.8,130.5,0.8333333333333334,130.5,0.8333333333333334,10.0,3.0,,0.0,6.0,1.0,15.0,10.0,1.0,1.0,5,2.0,2.0,2.0,50.0,33.3,49,24,0,1,5.0,45.0,1.0,20180922180044.0,21077.0
193,,,Q3,3rd Quarter,36.5,0.8695652173913043,-36.5,0.8,130.5,0.8333333333333334,130.5,0.8333333333333334,10.0,3.0,,0.0,6.0,1.0,15.0,10.0,1.0,1.0,5,2.0,2.0,2.0,50.0,33.3,49,24,0,1,5.0,37.0,1.0,20180922180052.0,21077.0
194,,,Q3,3rd Quarter,36.5,0.8695652173913043,-36.5,0.8,130.5,0.8333333333333334,130.5,0.8333333333333334,10.0,3.0,,0.0,6.0,1.0,15.0,10.0,1.0,1.0,5,2.0,2.0,2.0,50.0,33.3,49,24,0,1,5.0,35.0,0.0,20180922180053.0,21077.0
195,,,Q3,3rd Quarter,36.5,0.8695652173913043,-36.5,0.8,130.5,0.8333333333333334,130.5,0.8333333333333334,10.0,3.0,^,0.0,6.0,1.0,15.0,10.0,1.0,1.0,5,2.0,3.0,2.0,50.0,33.3,49,24,0,1,5.0,35.0,0.0,20180922180058.0,11086^21077
196,,,Q3,3rd Quarter,36.5,0.8333333333333334,-36.5,0.8333333333333334,130.5,0.8333333333333334,130.5,0.8333333333333334,10.0,3.0,1:2,0.0,6.0,1.0,15.0,10.0,1.0,1.0,5,2.0,3.0,2.0,50.0,33.3,49,24,0,1,5.0,35.0,0.0,20180922180103.0,21078.0
197,,,Q3,3rd Quarter,36.5,0.8,-36.5,0.8695652173913043,131.5,0.8,131.5,0.8695652173913043,10.0,3.0,1:2^2:2,0.0,6.0,1.0,15.0,10.0,1.0,2.0,5,2.0,3.0,2.0,50.0,50.0,49,25,0,1,5.0,35.0,0.0,20180922180126.0,21079^21078
198,,,Q3,3rd Quarter,35.5,0.8695652173913043,-35.5,0.8,131.5,0.9090909090909091,131.5,0.7692307692307693,10.0,3.0,2:2^,0.0,6.0,1.0,15.0,10.0,1.0,3.0,5,2.0,3.0,2.0,50.0,60.0,49,26,0,1,5.0,35.0,0.0,20180922180137.0,21079^11077
199,,,Q3,3rd Quarter,35.5,0.8695652173913043,-35.5,0.8,131.5,0.9090909090909091,131.5,0.7692307692307693,10.0,3.0,2:2^,0.0,6.0,1.0,15.0,10.0,1.0,3.0,5,2.0,3.0,2.0,50.0,60.0,49,26,0,1,5.0,35.0,0.0,20180922180137.0,21079^11077
200,,,Q3,3rd Quarter,35.5,0.8695652173913043,-35.5,0.8,131.5,0.9090909090909091,131.5,0.7692307692307693,10.0,3.0,2:2^,0.0,6.0,1.0,15.0,10.0,1.0,3.0,5,2.0,3.0,2.0,50.0,60.0,49,26,0,1,5.0,35.0,1.0,20180922180143.0,21079^11077
201,,,Q3,3rd Quarter,35.5,0.8695652173913043,-35.5,0.8,131.5,0.8333333333333334,131.5,0.8333333333333334,10.0,3.0,2:2^,0.0,6.0,1.0,15.0,10.0,1.0,3.0,5,2.0,3.0,2.0,50.0,60.0,49,26,0,1,5.0,26.0,1.0,20180922180152.0,21079^11077
202,,,Q3,3rd Quarter,34.5,0.8695652173913043,-34.5,0.8,131.5,0.8333333333333334,131.5,0.8333333333333334,10.0,3.0,2:2^,0.0,6.0,1.0,15.0,10.0,1.0,3.0,5,2.0,3.0,2.0,50.0,60.0,49,26,0,1,5.0,26.0,1.0,20180922180152.0,21077.0
203,,,Q3,3rd Quarter,34.5,0.8333333333333334,-34.5,0.8333333333333334,131.5,0.8333333333333334,131.5,0.8333333333333334,10.0,3.0,2:2^,0.0,6.0,1.0,15.0,10.0,1.0,3.0,5,2.0,3.0,2.0,50.0,60.0,49,26,0,1,5.0,15.0,0.0,20180922180203.0,21077.0
204,,,Q3,3rd Quarter,34.5,0.8333333333333334,-34.5,0.8333333333333334,131.5,0.8333333333333334,131.5,0.8333333333333334,10.0,3.0,2:2^,0.0,6.0,1.0,15.0,10.0,1.0,3.0,5,2.0,3.0,2.0,50.0,60.0,49,26,0,1,5.0,15.0,1.0,20180922180232.0,21077.0
205,,,Q3,3rd Quarter,34.5,0.8333333333333334,-34.5,0.8333333333333334,129.5,0.8695652173913043,129.5,0.8,10.0,3.0,2:2^,0.0,6.0,1.0,15.0,10.0,1.0,3.0,5,2.0,3.0,2.0,50.0,60.0,49,26,0,1,5.0,6.0,1.0,20180922180241.0,21077.0
206,,,Q3,3rd Quarter,34.5,0.8333333333333334,-34.5,0.8333333333333334,129.5,0.8,129.5,0.8695652173913043,10.0,3.0,2:2^,0.0,6.0,1.0,15.0,10.0,1.0,3.0,5,2.0,3.0,2.0,50.0,60.0,49,26,0,1,4.0,59.0,0.0,20180922180248.0,21077.0
207,,,Q3,3rd Quarter,34.5,0.8333333333333334,-34.5,0.8333333333333334,129.5,0.8,129.5,0.8695652173913043,10.0,3.0,2:2^,0.0,6.0,1.0,15.0,10.0,1.0,3.0,5,2.0,3.0,2.0,50.0,60.0,49,26,0,1,4.0,59.0,1.0,20180922180312.0,21077.0
208,,,Q3,3rd Quarter,35.5,0.8333333333333334,-35.5,0.8333333333333334,128.5,0.9090909090909091,128.5,0.7692307692307693,10.0,3.0,2:2^,0.0,6.0,1.0,15.0,10.0,1.0,3.0,5,2.0,3.0,2.0,50.0,60.0,49,26,0,1,4.0,56.0,1.0,20180922180315.0,11077.0
209,,,Q3,3rd Quarter,35.5,0.8333333333333334,-35.5,0.8333333333333334,128.5,0.8333333333333334,128.5,0.8333333333333334,10.0,3.0,2:2^,0.0,6.0,1.0,15.0,10.0,1.0,3.0,5,2.0,3.0,2.0,50.0,60.0,49,26,0,1,4.0,47.0,1.0,20180922180324.0,11077.0
210,,,Q3,3rd Quarter,35.5,0.8333333333333334,-35.5,0.8333333333333334,128.5,0.8333333333333334,128.5,0.8333333333333334,10.0,3.0,2:2^,0.0,6.0,1.0,15.0,10.0,1.0,3.0,5,2.0,3.0,2.0,50.0,60.0,49,26,0,1,4.0,47.0,0.0,20180922180324.0,11077.0
211,,,Q3,3rd Quarter,34.5,0.8333333333333334,-34.5,0.8333333333333334,128.5,0.8333333333333334,128.5,0.8333333333333334,10.0,3.0,2:2^,0.0,6.0,1.0,15.0,10.0,1.0,3.0,5,2.0,3.0,2.0,50.0,60.0,49,26,0,1,4.0,47.0,0.0,20180922180344.0,21077.0
212,,,Q3,3rd Quarter,34.5,0.8333333333333334,-34.5,0.8333333333333334,128.5,0.8333333333333334,128.5,0.8333333333333334,10.0,3.0,2:2^,0.0,6.0,1.0,15.0,10.0,1.0,3.0,5,2.0,3.0,2.0,50.0,60.0,49,26,0,1,4.0,47.0,1.0,20180922180346.0,21077.0
213,,,Q3,3rd Quarter,35.5,0.8333333333333334,-35.5,0.8333333333333334,128.5,0.8,128.5,0.8695652173913043,10.0,3.0,2:2^,0.0,6.0,1.0,15.0,10.0,1.0,3.0,5,2.0,3.0,2.0,50.0,60.0,49,26,0,1,4.0,45.0,1.0,20180922180348.0,11077.0
214,,,Q3,3rd Quarter,35.5,0.8333333333333334,-35.5,0.8333333333333334,128.5,0.8,128.5,0.8695652173913043,10.0,3.0,2:2^,0.0,6.0,1.0,15.0,10.0,1.0,3.0,5,2.0,3.0,2.0,50.0,60.0,49,26,0,1,4.0,44.0,1.0,20180922180349.0,11077.0
215,,,Q3,3rd Quarter,36.5,0.8,-36.5,0.8695652173913043,130.5,0.8333333333333334,130.5,0.8333333333333334,10.0,3.0,^,0.0,6.0,1.0,16.0,10.0,1.0,3.0,5,2.0,3.0,2.0,50.0,60.0,51,26,0,1,4.0,42.0,1.0,20180922180351.0,11074^21077
216,,,Q3,3rd Quarter,36.5,0.8,-36.5,0.8695652173913043,130.5,0.8333333333333334,130.5,0.8333333333333334,10.0,3.0,,0.0,6.0,1.0,16.0,11.0,1.0,3.0,5,2.0,3.0,2.0,50.0,60.0,51,26,0,1,4.0,42.0,1.0,20180922180351.0,21077.0
217,,,Q3,3rd Quarter,36.5,0.8,-36.5,0.8695652173913043,131.5,0.8333333333333334,131.5,0.8333333333333334,10.0,3.0,,0.0,6.0,1.0,16.0,11.0,1.0,3.0,5,2.0,3.0,2.0,50.0,60.0,51,26,0,1,4.0,26.0,1.0,20180922180406.0,11077.0
218,,,Q3,3rd Quarter,34.5,0.9090909090909091,-34.5,0.7692307692307693,131.5,0.8,131.5,0.8695652173913043,10.0,3.0,,0.0,6.0,1.0,16.0,11.0,1.0,3.0,5,2.0,3.0,2.0,50.0,60.0,51,26,0,1,4.0,21.0,0.0,20180922180412.0,11077.0
219,,,Q3,3rd Quarter,34.5,0.9090909090909091,-34.5,0.7692307692307693,131.5,0.8,131.5,0.8695652173913043,10.0,3.0,^,0.0,6.0,1.0,16.0,11.0,1.0,3.0,5,2.0,3.0,3.0,50.0,60.0,51,26,0,1,4.0,21.0,0.0,20180922180416.0,21086^11077
220,,,Q3,3rd Quarter,34.5,0.9090909090909091,-34.5,0.7692307692307693,131.5,0.8,131.5,0.8695652173913043,10.0,3.0,^,0.0,6.0,1.0,16.0,11.0,1.0,3.0,5,2.0,3.0,3.0,50.0,60.0,51,26,0,1,4.0,21.0,1.0,20180922180432.0,21086^11077
221,,,Q3,3rd Quarter,34.5,0.9090909090909091,-34.5,0.7692307692307693,130.5,0.9090909090909091,130.5,0.7692307692307693,10.0,3.0,^,0.0,6.0,1.0,16.0,11.0,1.0,3.0,5,2.0,3.0,3.0,50.0,60.0,51,26,0,1,4.0,17.0,1.0,20180922180435.0,21086^11077
222,,,Q3,3rd Quarter,34.5,0.9090909090909091,-34.5,0.7692307692307693,130.5,0.9090909090909091,130.5,0.7692307692307693,10.0,3.0,,0.0,7.0,1.0,16.0,11.0,1.0,3.0,5,2.0,3.0,3.0,50.0,60.0,51,26,0,1,4.0,17.0,1.0,20180922180435.0,21077.0
223,,,Q3,3rd Quarter,34.5,0.9090909090909091,-34.5,0.7692307692307693,133.5,0.8333333333333334,133.5,0.8333333333333334,10.0,3.0,,0.0,7.0,1.0,16.0,11.0,1.0,3.0,5,2.0,3.0,3.0,50.0,60.0,51,26,0,1,4.0,1.0,1.0,20180922180452.0,21077.0
224,,,Q3,3rd Quarter,37.5,0.9090909090909091,-37.5,0.7692307692307693,132.5,0.9090909090909091,132.5,0.7692307692307693,10.0,3.0,,0.0,7.0,1.0,16.0,11.0,1.0,3.0,5,2.0,3.0,3.0,50.0,60.0,51,26,0,1,3.0,56.0,1.0,20180922180457.0,11077.0
225,,,Q3,3rd Quarter,37.5,0.9090909090909091,-37.5,0.7692307692307693,132.5,0.8333333333333334,132.5,0.8333333333333334,10.0,3.0,,0.0,7.0,1.0,16.0,11.0,1.0,3.0,5,2.0,3.0,3.0,50.0,60.0,51,26,0,1,3.0,47.0,1.0,20180922180505.0,11077.0
226,,,Q3,3rd Quarter,36.5,0.9090909090909091,-36.5,0.7692307692307693,132.5,0.8333333333333334,132.5,0.8333333333333334,10.0,3.0,,0.0,7.0,1.0,16.0,11.0,1.0,3.0,5,2.0,3.0,3.0,50.0,60.0,51,26,0,1,3.0,47.0,1.0,20180922180505.0,21077.0
227,,,Q3,3rd Quarter,36.5,0.8,-36.5,0.8695652173913043,131.5,0.8333333333333334,131.5,0.8333333333333334,10.0,3.0,,0.0,7.0,1.0,16.0,11.0,1.0,3.0,5,2.0,3.0,3.0,50.0,60.0,51,26,0,1,3.0,37.0,1.0,20180922180516.0,21077.0
228,,,Q3,3rd Quarter,36.5,0.8,-36.5,0.8695652173913043,131.5,0.8333333333333334,131.5,0.8333333333333334,10.0,3.0,,0.0,7.0,1.0,16.0,11.0,1.0,3.0,5,2.0,3.0,3.0,50.0,60.0,51,26,0,1,3.0,34.0,1.0,20180922180519.0,21095.0
229,,,Q3,3rd Quarter,37.5,0.8,-37.5,0.8695652173913043,130.5,0.8333333333333334,130.5,0.8333333333333334,8.0,3.0,,0.0,7.0,1.0,16.0,11.0,1.0,3.0,5,2.0,3.0,3.0,50.0,60.0,51,26,0,1,3.0,25.0,1.0,20180922180528.0,11077.0
230,,,Q3,3rd Quarter,36.5,0.9090909090909091,-36.5,0.7692307692307693,130.5,0.8,130.5,0.8695652173913043,8.0,3.0,,0.0,7.0,1.0,16.0,11.0,1.0,3.0,5,2.0,3.0,3.0,50.0,60.0,51,26,0,1,3.0,17.0,1.0,20180922180536.0,11077.0
231,,,Q3,3rd Quarter,36.5,0.9090909090909091,-36.5,0.7692307692307693,129.5,0.9090909090909091,129.5,0.7692307692307693,8.0,3.0,,0.0,7.0,1.0,16.0,11.0,1.0,3.0,5,2.0,3.0,3.0,50.0,60.0,51,26,0,1,3.0,16.0,1.0,20180922180538.0,11094.0
232,,,Q3,3rd Quarter,36.5,0.9090909090909091,-36.5,0.7692307692307693,129.5,0.9090909090909091,129.5,0.7692307692307693,8.0,3.0,,0.0,7.0,1.0,16.0,11.0,1.0,3.0,5,2.0,3.0,3.0,50.0,60.0,51,26,0,1,3.0,16.0,1.0,20180922180538.0,11077.0
233,,,Q3,3rd Quarter,36.5,0.8333333333333334,-36.5,0.8333333333333334,129.5,0.8,129.5,0.8695652173913043,8.0,3.0,,0.0,7.0,1.0,16.0,11.0,1.0,3.0,5,2.0,3.0,3.0,50.0,60.0,51,26,0,1,2.0,59.0,1.0,20180922180554.0,11077.0
234,,,Q3,3rd Quarter,36.5,0.8333333333333334,-36.5,0.8333333333333334,130.5,0.8333333333333334,130.5,0.8333333333333334,8.0,3.0,,0.0,7.0,1.0,16.0,11.0,1.0,3.0,5,2.0,3.0,3.0,50.0,60.0,51,26,0,1,2.0,51.0,1.0,20180922180602.0,11077.0
235,,,Q3,3rd Quarter,36.5,0.8333333333333334,-36.5,0.8333333333333334,130.5,0.8,130.5,0.8695652173913043,8.0,3.0,,0.0,7.0,1.0,16.0,11.0,1.0,3.0,5,2.0,3.0,3.0,50.0,60.0,51,26,0,1,2.0,47.0,1.0,20180922180607.0,11077.0
236,,,Q3,3rd Quarter,38.5,0.8333333333333334,-38.5,0.8333333333333334,130.5,0.8,130.5,0.8695652173913043,7.0,3.0,,0.0,7.0,1.0,16.0,11.0,1.0,3.0,5,2.0,3.0,3.0,50.0,60.0,51,26,0,1,2.0,47.0,1.0,20180922180607.0,11077.0
237,,,Q3,3rd Quarter,38.5,0.8333333333333334,-38.5,0.8333333333333334,129.5,0.8695652173913043,129.5,0.8,7.0,3.0,,0.0,7.0,1.0,16.0,11.0,1.0,3.0,5,2.0,3.0,3.0,50.0,60.0,51,26,0,1,2.0,42.0,1.0,20180922180611.0,11095.0
238,,,Q3,3rd Quarter,37.5,0.8333333333333334,-37.5,0.8333333333333334,129.5,0.8695652173913043,129.5,0.8,8.0,3.0,,0.0,7.0,1.0,16.0,11.0,1.0,3.0,5,2.0,3.0,3.0,50.0,60.0,51,26,0,1,2.0,42.0,1.0,20180922180612.0,21077.0
239,,,Q3,3rd Quarter,37.5,0.8333333333333334,-37.5,0.8333333333333334,129.5,0.8333333333333334,129.5,0.8333333333333334,8.0,3.0,,0.0,7.0,1.0,16.0,11.0,1.0,3.0,5,2.0,3.0,3.0,50.0,60.0,51,26,0,1,2.0,40.0,0.0,20180922180613.0,21077.0
240,,,Q3,3rd Quarter,37.5,0.8333333333333334,-37.5,0.8333333333333334,129.5,0.8333333333333334,129.5,0.8333333333333334,8.0,3.0,^,1.0,7.0,1.0,16.0,11.0,1.0,3.0,5,2.0,4.0,3.0,50.0,60.0,51,26,0,1,2.0,40.0,0.0,20180922180620.0,11086^21077
241,,,Q3,3rd Quarter,37.5,0.8333333333333334,-37.5,0.8333333333333334,129.5,0.8333333333333334,129.5,0.8333333333333334,8.0,3.0,^,1.0,7.0,1.0,16.0,11.0,1.0,3.0,5,2.0,4.0,3.0,50.0,60.0,51,26,0,1,2.0,40.0,1.0,20180922180636.0,11086^21077
242,,,Q3,3rd Quarter,37.5,0.8,-37.5,0.8695652173913043,129.5,0.8,129.5,0.8695652173913043,8.0,3.0,^,1.0,7.0,1.0,16.0,11.0,1.0,3.0,5,2.0,4.0,3.0,50.0,60.0,51,26,0,1,2.0,31.0,1.0,20180922180644.0,11086^21077
243,,,Q3,3rd Quarter,37.5,0.8,-37.5,0.8695652173913043,128.5,0.8333333333333334,128.5,0.8333333333333334,8.0,3.0,^,1.0,7.0,1.0,16.0,11.0,1.0,3.0,5,2.0,4.0,3.0,50.0,60.0,51,26,0,1,2.0,23.0,1.0,20180922180653.0,11086^21077
244,,,Q3,3rd Quarter,37.5,0.8,-37.5,0.8695652173913043,128.5,0.8333333333333334,128.5,0.8333333333333334,8.0,3.0,,1.0,7.0,1.0,16.0,11.0,1.0,3.0,5,2.0,4.0,3.0,50.0,60.0,51,26,0,1,2.0,23.0,1.0,20180922180656.0,11077.0
245,,,Q3,3rd Quarter,37.5,0.8,-37.5,0.8695652173913043,128.5,0.7692307692307693,128.5,0.9090909090909091,8.0,3.0,,1.0,7.0,1.0,16.0,11.0,1.0,3.0,5,2.0,4.0,3.0,50.0,60.0,51,26,0,1,2.0,11.0,1.0,20180922180704.0,11077.0
246,,,Q3,3rd Quarter,35.5,0.8,-35.5,0.8695652173913043,129.5,0.8695652173913043,129.5,0.8,8.0,3.0,,1.0,7.0,1.0,16.0,11.0,1.0,3.0,5,2.0,4.0,3.0,50.0,60.0,51,26,0,1,2.0,9.0,1.0,20180922180707.0,21077.0
247,,,Q3,3rd Quarter,35.5,0.7692307692307693,-35.5,0.9090909090909091,129.5,0.8333333333333334,129.5,0.8333333333333334,8.0,3.0,,1.0,7.0,1.0,16.0,11.0,1.0,3.0,5,2.0,4.0,3.0,50.0,60.0,51,26,0,1,2.0,5.0,0.0,20180922180711.0,21077.0
248,,,Q3,3rd Quarter,36.5,0.7692307692307693,-36.5,0.9090909090909091,129.5,0.8333333333333334,129.5,0.8333333333333334,8.0,3.0,,1.0,7.0,1.0,16.0,11.0,1.0,3.0,5,2.0,4.0,3.0,50.0,60.0,51,26,0,1,2.0,5.0,0.0,20180922180717.0,11077.0
249,,,Q3,3rd Quarter,36.5,0.7692307692307693,-36.5,0.9090909090909091,129.5,0.8333333333333334,129.5,0.8333333333333334,8.0,3.0,,1.0,7.0,1.0,16.0,11.0,1.0,3.0,5,2.0,4.0,3.0,50.0,60.0,51,26,0,1,2.0,5.0,1.0,20180922180726.0,11077.0
250,,,Q3,3rd Quarter,36.5,0.8,-36.5,0.8695652173913043,129.5,0.8695652173913043,129.5,0.8,8.0,3.0,,1.0,7.0,1.0,16.0,11.0,1.0,3.0,5,2.0,4.0,3.0,50.0,60.0,51,26,0,1,2.0,7.0,1.0,20180922180729.0,11077.0
251,,,Q3,3rd Quarter,35.5,0.8695652173913043,-35.5,0.8,128.5,0.8333333333333334,128.5,0.8333333333333334,5.0,3.0,,1.0,7.0,1.0,16.0,11.0,1.0,3.0,5,2.0,4.0,3.0,50.0,60.0,51,26,0,1,1.0,50.0,0.0,20180922180735.0,11077.0
252,,,Q3,3rd Quarter,35.5,0.8695652173913043,-35.5,0.8,128.5,0.8333333333333334,128.5,0.8333333333333334,5.0,3.0,^,1.0,7.0,1.0,16.0,11.0,1.0,3.0,5,2.0,4.0,4.0,50.0,60.0,51,26,0,1,1.0,50.0,0.0,20180922180740.0,21086^11077
253,,,Q3,3rd Quarter,35.5,0.8695652173913043,-35.5,0.8,128.5,0.8333333333333334,128.5,0.8333333333333334,5.0,3.0,^,1.0,7.0,1.0,16.0,11.0,1.0,3.0,5,2.0,4.0,4.0,50.0,60.0,51,26,0,1,1.0,50.0,1.0,20180922180803.0,21086^11077
254,,,Q3,3rd Quarter,35.5,0.8695652173913043,-35.5,0.8,127.5,0.9090909090909091,127.5,0.7692307692307693,5.0,3.0,^,1.0,7.0,1.0,16.0,11.0,1.0,3.0,5,2.0,4.0,4.0,50.0,60.0,51,26,0,1,1.0,44.0,0.0,20180922180809.0,21086^11077
255,,,Q3,3rd Quarter,35.5,0.8695652173913043,-35.5,0.8,127.5,0.9090909090909091,127.5,0.7692307692307693,5.0,3.0,^,1.0,7.0,1.0,16.0,11.0,1.0,3.0,5,2.0,4.0,4.0,50.0,60.0,51,26,0,1,1.0,44.0,1.0,20180922180821.0,21086^11077
256,,,Q3,3rd Quarter,35.5,0.8695652173913043,-35.5,0.8,127.5,0.9090909090909091,127.5,0.7692307692307693,5.0,3.0,,1.0,8.0,1.0,16.0,11.0,1.0,3.0,5,2.0,4.0,4.0,50.0,60.0,51,26,0,1,1.0,44.0,1.0,20180922180821.0,21077.0
257,,,Q3,3rd Quarter,35.5,0.8695652173913043,-35.5,0.8,127.5,0.9090909090909091,127.5,0.7692307692307693,5.0,3.0,,1.0,8.0,1.0,16.0,11.0,1.0,3.0,5,2.0,4.0,4.0,50.0,60.0,51,26,0,1,1.0,35.0,1.0,20180922180821.0,21077.0
258,,,Q3,3rd Quarter,35.5,0.8695652173913043,-35.5,0.8,127.5,0.8333333333333334,127.5,0.8333333333333334,5.0,3.0,,1.0,8.0,1.0,16.0,11.0,1.0,3.0,5,2.0,4.0,4.0,50.0,60.0,51,26,0,1,1.0,27.0,1.0,20180922180838.0,21077.0
259,,,Q3,3rd Quarter,35.5,0.8695652173913043,-35.5,0.8,129.5,0.8695652173913043,129.5,0.8,5.0,3.0,,1.0,8.0,1.0,16.0,11.0,1.0,3.0,5,2.0,4.0,4.0,50.0,60.0,51,26,0,1,1.0,20.0,0.0,20180922180844.0,21077.0
260,,,Q3,3rd Quarter,38.5,0.8695652173913043,-38.5,0.8,129.5,0.8695652173913043,129.5,0.8,5.0,3.0,,1.0,8.0,1.0,16.0,11.0,1.0,3.0,5,2.0,4.0,4.0,50.0,60.0,51,26,0,1,1.0,20.0,0.0,20180922180847.0,11077.0
261,,,Q3,3rd Quarter,38.5,0.8695652173913043,-38.5,0.8,129.5,0.8695652173913043,129.5,0.8,5.0,3.0,,1.0,8.0,1.0,16.0,11.0,1.0,3.0,5,2.0,4.0,4.0,50.0,60.0,51,26,0,1,1.0,20.0,1.0,20180922180902.0,11077.0
262,,,Q3,3rd Quarter,38.5,0.8,-38.5,0.8695652173913043,129.5,0.8,129.5,0.8695652173913043,5.0,3.0,,1.0,8.0,1.0,16.0,11.0,1.0,3.0,5,2.0,4.0,4.0,50.0,60.0,51,26,0,1,1.0,11.0,1.0,20180922180911.0,11077.0
263,,,Q3,3rd Quarter,38.5,0.8,-38.5,0.8695652173913043,128.5,0.8333333333333334,128.5,0.8333333333333334,5.0,3.0,,1.0,8.0,1.0,16.0,11.0,1.0,3.0,5,2.0,4.0,4.0,50.0,60.0,51,26,0,1,1.0,3.0,1.0,20180922180919.0,11077.0
264,,,Q3,3rd Quarter,37.5,0.8,-37.5,0.8695652173913043,128.5,0.8333333333333334,128.5,0.8333333333333334,5.0,3.0,,1.0,8.0,1.0,16.0,11.0,1.0,3.0,5,2.0,4.0,4.0,50.0,60.0,51,26,0,1,1.0,3.0,1.0,20180922180924.0,21077.0
265,,,Q3,3rd Quarter,36.5,0.9090909090909091,-36.5,0.7692307692307693,127.5,0.8695652173913043,127.5,0.8,5.0,3.0,,1.0,8.0,1.0,16.0,11.0,1.0,3.0,5,2.0,4.0,4.0,50.0,60.0,51,26,0,1,1.0,50.0,1.0,20180922180932.0,21077.0
266,,,Q3,3rd Quarter,36.5,0.9090909090909091,-36.5,0.7692307692307693,127.5,0.8695652173913043,127.5,0.8,5.0,3.0,,1.0,8.0,1.0,16.0,11.0,1.0,3.0,5,2.0,4.0,4.0,50.0,60.0,51,26,0,1,1.0,50.0,1.0,20180922180933.0,11077.0
267,,,Q3,3rd Quarter,35.5,0.9090909090909091,-35.5,0.7692307692307693,127.5,0.8333333333333334,127.5,0.8333333333333334,5.0,3.0,,1.0,8.0,1.0,16.0,11.0,1.0,3.0,5,2.0,4.0,4.0,50.0,60.0,51,26,0,1,1.0,41.0,1.0,20180922180941.0,11077.0
268,,,Q3,3rd Quarter,35.5,0.8695652173913043,-35.5,0.8,128.5,0.8695652173913043,128.5,0.8,5.0,3.0,,1.0,8.0,1.0,16.0,11.0,1.0,3.0,5,2.0,4.0,4.0,50.0,60.0,51,26,0,1,1.0,33.0,1.0,20180922180949.0,11077.0
269,,,Q3,3rd Quarter,35.5,0.8695652173913043,-35.5,0.8,128.5,0.8333333333333334,128.5,0.8333333333333334,5.0,3.0,,1.0,8.0,1.0,16.0,11.0,1.0,3.0,5,2.0,4.0,4.0,50.0,60.0,51,26,0,1,1.0,27.0,1.0,20180922180955.0,11094.0
270,,,Q3,3rd Quarter,35.5,0.8333333333333334,-35.5,0.8333333333333334,127.5,0.8695652173913043,127.5,0.8,5.0,3.0,,1.0,8.0,1.0,16.0,11.0,1.0,3.0,5,2.0,4.0,4.0,50.0,60.0,51,26,0,1,1.0,18.0,1.0,20180922181004.0,11077.0
271,,,Q3,3rd Quarter,35.5,0.8333333333333334,-35.5,0.8333333333333334,127.5,0.8695652173913043,127.5,0.8,5.0,3.0,,1.0,8.0,1.0,18.0,11.0,1.0,3.0,5,2.0,4.0,4.0,50.0,60.0,51,26,0,1,1.0,18.0,1.0,20180922181004.0,21077.0
272,,,Q3,3rd Quarter,35.5,0.8333333333333334,-35.5,0.8333333333333334,127.5,0.8333333333333334,127.5,0.8333333333333334,5.0,3.0,,1.0,8.0,1.0,18.0,11.0,1.0,3.0,5,2.0,4.0,4.0,50.0,60.0,51,26,0,1,1.0,8.0,1.0,20180922181014.0,21077.0
273,,,Q3,3rd Quarter,35.5,0.8333333333333334,-35.5,0.8333333333333334,128.5,0.8695652173913043,128.5,0.8,5.0,3.0,,1.0,8.0,1.0,18.0,11.0,1.0,3.0,5,2.0,4.0,4.0,50.0,60.0,51,26,0,1,1.0,0.0,1.0,20180922181022.0,21077.0
274,,,Q3,3rd Quarter,35.5,0.8695652173913043,-35.5,0.8,128.5,0.8695652173913043,128.5,0.8,5.0,3.0,,1.0,8.0,1.0,18.0,11.0,1.0,3.0,5,2.0,4.0,4.0,50.0,60.0,51,26,0,1,1.0,0.0,0.0,20180922181024.0,21077.0
275,,,Q3,3rd Quarter,35.5,0.8695652173913043,-35.5,0.8,128.5,0.8695652173913043,128.5,0.8,5.0,3.0,,1.0,8.0,1.0,18.0,11.0,1.0,3.0,5,2.0,4.0,4.0,50.0,60.0,51,26,0,1,1.0,0.0,0.0,20180922181026.0,21077.0
276,,,Q3,3rd Quarter,35.5,0.8695652173913043,-35.5,0.8,128.5,0.8695652173913043,128.5,0.8,5.0,3.0,,0.0,8.0,1.0,18.0,11.0,1.0,3.0,5,2.0,4.0,0.0,50.0,60.0,51,26,0,1,1.0,0.0,0.0,20180922181026.0,1082.0
277,,,Q3,3rd Quarter,35.5,0.8695652173913043,-35.5,0.8,128.5,0.8695652173913043,128.5,0.8,5.0,3.0,,0.0,8.0,1.0,18.0,11.0,1.0,3.0,5,2.0,4.0,0.0,50.0,60.0,51,26,0,1,1.0,0.0,1.0,20180922181324.0,11077.0
278,,,Q3,3rd Quarter,35.5,0.8695652173913043,-35.5,0.8,128.5,0.8695652173913043,128.5,0.8,5.0,3.0,,0.0,8.0,1.0,18.0,11.0,1.0,3.0,5,2.0,4.0,0.0,50.0,60.0,51,26,0,1,9.0,59.0,1.0,20180922181324.0,11077.0
279,,,Q3,3rd Quarter,35.5,0.8695652173913043,-35.5,0.8,128.5,0.8333333333333334,128.5,0.8333333333333334,5.0,3.0,,0.0,8.0,1.0,18.0,11.0,1.0,3.0,5,2.0,4.0,0.0,50.0,60.0,51,26,0,1,9.0,56.0,1.0,20180922181328.0,21077.0
280,,,Q3,3rd Quarter,35.5,0.8333333333333334,-35.5,0.8333333333333334,127.5,0.9090909090909091,127.5,0.7692307692307693,5.0,3.0,,0.0,8.0,1.0,18.0,11.0,1.0,3.0,5,2.0,4.0,0.0,50.0,60.0,51,26,0,1,9.0,47.0,1.0,20180922181336.0,21077.0
281,,,Q3,3rd Quarter,35.5,0.8333333333333334,-35.5,0.8333333333333334,127.5,0.8333333333333334,127.5,0.8333333333333334,5.0,3.0,,0.0,8.0,1.0,18.0,11.0,1.0,3.0,5,2.0,4.0,0.0,50.0,60.0,51,26,0,1,9.0,39.0,1.0,20180922181344.0,21077.0
282,,,Q3,3rd Quarter,35.5,0.8333333333333334,-35.5,0.8333333333333334,126.5,0.8695652173913043,126.5,0.8,5.0,3.0,,0.0,8.0,1.0,18.0,11.0,1.0,3.0,5,2.0,4.0,0.0,50.0,60.0,51,26,0,1,9.0,31.0,1.0,20180922181352.0,21077.0
283,,,Q3,3rd Quarter,35.5,0.8,-35.5,0.8695652173913043,126.5,0.8,126.5,0.8695652173913043,5.0,3.0,,0.0,8.0,1.0,18.0,11.0,1.0,3.0,5,2.0,4.0,0.0,50.0,60.0,51,26,0,1,9.0,23.0,1.0,20180922181401.0,21077.0
284,,,Q3,3rd Quarter,35.5,0.7692307692307693,-35.5,0.9090909090909091,125.5,0.8333333333333334,125.5,0.8333333333333334,5.0,3.0,,0.0,8.0,1.0,18.0,11.0,1.0,3.0,5,2.0,4.0,0.0,50.0,60.0,51,26,0,1,9.0,14.0,1.0,20180922181409.0,21077.0
285,,,Q3,3rd Quarter,35.5,0.7692307692307693,-35.5,0.9090909090909091,125.5,0.8333333333333334,125.5,0.8333333333333334,5.0,3.0,,0.0,8.0,1.0,18.0,11.0,1.0,3.0,5,2.0,4.0,0.0,50.0,60.0,51,26,0,1,9.0,13.0,0.0,20180922181411.0,21077.0
286,,,Q3,3rd Quarter,35.5,0.7692307692307693,-35.5,0.9090909090909091,125.5,0.8333333333333334,125.5,0.8333333333333334,5.0,3.0,^,0.0,8.0,1.0,18.0,11.0,1.0,3.0,5,2.0,1.0,0.0,50.0,60.0,51,26,0,1,9.0,13.0,0.0,20180922181416.0,11086^21077
287,,,Q3,3rd Quarter,35.5,0.7692307692307693,-35.5,0.9090909090909091,125.5,0.8333333333333334,125.5,0.8333333333333334,5.0,3.0,^,0.0,8.0,1.0,18.0,11.0,1.0,3.0,5,2.0,0.0,0.0,50.0,60.0,51,26,0,1,9.0,13.0,0.0,20180922181423.0,11086^21077
288,,,Q3,3rd Quarter,35.5,0.8333333333333334,-35.5,0.8333333333333334,125.5,0.8333333333333334,125.5,0.8333333333333334,5.0,3.0,,0.0,8.0,1.0,18.0,11.0,1.0,3.0,5,2.0,0.0,0.0,50.0,60.0,51,26,0,1,9.0,13.0,0.0,20180922181433.0,11077.0
289,,,OT 1,Overtime 1,33.5,0.0,-33.5,0.0,125.5,0.8333333333333334,125.5,0.8333333333333334,1.0,5.0,,0.0,8.0,1.0,18.0,11.0,1.0,3.0,5,2.0,0.0,0.0,50.0,60.0,51,26,0,1,5.0,0.0,1.0,20180922181505.0,1085.0
290,,,OT 1,Overtime 1,32.5,0.0,-32.5,0.0,125.5,0.8333333333333334,125.5,0.8333333333333334,1.0,5.0,,0.0,8.0,1.0,18.0,11.0,1.0,3.0,5,2.0,0.0,0.0,50.0,60.0,61,33,0,1,4.0,56.0,1.0,20180922181508.0,11077.0
291,,,Q4,4th Quarter,35.5,0.8695652173913043,-35.5,0.8,125.5,0.8333333333333334,125.5,0.8333333333333334,5.0,4.0,,0.0,8.0,1.0,18.0,11.0,1.0,3.0,5,2.0,0.0,0.0,50.0,60.0,61,33,0,1,10.0,0.0,0.0,20180922181513.0,11077.0
292,,,Q4,4th Quarter,35.5,0.8333333333333334,-35.5,0.8333333333333334,126.5,0.8333333333333334,126.5,0.8333333333333334,5.0,4.0,,0.0,8.0,1.0,18.0,11.0,1.0,3.0,5,2.0,0.0,0.0,50.0,60.0,61,33,0,1,9.0,13.0,0.0,20180922181516.0,11077.0
293,,,Q4,4th Quarter,35.5,0.8333333333333334,-35.5,0.8333333333333334,126.5,0.8333333333333334,126.5,0.8333333333333334,5.0,4.0,,0.0,8.0,1.0,18.0,11.0,1.0,3.0,5,2.0,0.0,0.0,50.0,60.0,61,33,0,1,9.0,13.0,1.0,20180922181516.0,11077.0
294,,,Q4,4th Quarter,35.5,0.8333333333333334,-35.5,0.8333333333333334,126.5,0.7692307692307693,126.5,0.9090909090909091,5.0,4.0,,0.0,8.0,1.0,18.0,11.0,1.0,3.0,5,2.0,0.0,0.0,50.0,60.0,61,33,0,1,9.0,4.0,1.0,20180922181524.0,11077.0
295,,,Q4,4th Quarter,35.5,0.8,-35.5,0.8695652173913043,125.5,0.8333333333333334,125.5,0.8333333333333334,5.0,4.0,,0.0,8.0,1.0,18.0,11.0,1.0,3.0,5,2.0,0.0,0.0,50.0,60.0,61,33,0,1,8.0,56.0,1.0,20180922181533.0,11077.0
296,,,Q4,4th Quarter,35.5,0.8,-35.5,0.8695652173913043,125.5,0.7692307692307693,125.5,0.9090909090909091,5.0,4.0,,0.0,8.0,1.0,18.0,11.0,1.0,3.0,5,2.0,0.0,0.0,50.0,60.0,61,33,0,1,8.0,48.0,1.0,20180922181541.0,11077.0
297,,,Q4,4th Quarter,34.5,0.8,-34.5,0.8695652173913043,125.5,0.8333333333333334,125.5,0.8333333333333334,5.0,4.0,,0.0,8.0,1.0,18.0,11.0,1.0,3.0,5,2.0,0.0,0.0,50.0,60.0,61,34,0,1,8.0,42.0,1.0,20180922181546.0,11077.0
298,,,Q4,4th Quarter,34.5,0.7692307692307693,-34.5,0.9090909090909091,125.5,0.7692307692307693,125.5,0.9090909090909091,5.0,4.0,,0.0,8.0,1.0,18.0,11.0,1.0,3.0,5,2.0,0.0,0.0,50.0,60.0,61,34,0,1,8.0,33.0,1.0,20180922181554.0,11077.0
299,,,Q4,4th Quarter,36.5,0.8,-36.5,0.8695652173913043,128.5,0.7692307692307693,128.5,0.9090909090909091,5.0,4.0,^,0.0,9.0,1.0,18.0,11.0,1.0,3.0,5,2.0,0.0,0.0,50.0,60.0,64,34,0,1,8.0,29.0,1.0,20180922181559.0,11075^21077
300,,,Q4,4th Quarter,38.5,0.8,-38.5,0.8695652173913043,130.5,0.7692307692307693,130.5,0.9090909090909091,4.0,4.0,^,0.0,9.0,1.0,19.0,11.0,1.0,3.0,5,2.0,0.0,0.0,50.0,60.0,66,34,0,1,8.0,25.0,1.0,20180922181603.0,11074^21077
301,,,Q4,4th Quarter,38.5,0.7692307692307693,-38.5,0.9090909090909091,129.5,0.8333333333333334,129.5,0.8333333333333334,4.0,4.0,^,0.0,9.0,1.0,19.0,11.0,1.0,3.0,5,2.0,0.0,0.0,50.0,60.0,66,34,0,1,8.0,16.0,1.0,20180922181612.0,11074^21077
302,,,Q4,4th Quarter,37.5,0.9090909090909091,-37.5,0.7692307692307693,129.5,0.7692307692307693,129.5,0.9090909090909091,4.0,4.0,^,0.0,9.0,1.0,19.0,11.0,1.0,3.0,5,2.0,0.0,0.0,50.0,60.0,66,34,0,1,8.0,8.0,1.0,20180922181620.0,11074^21077
303,,,Q4,4th Quarter,37.5,0.8695652173913043,-37.5,0.8,128.5,0.7692307692307693,128.5,0.9090909090909091,4.0,4.0,^,0.0,9.0,1.0,19.0,11.0,1.0,3.0,5,2.0,0.0,0.0,50.0,60.0,66,34,0,1,7.0,55.0,1.0,20180922181627.0,11074^21077
304,,,Q4,4th Quarter,37.5,0.8333333333333334,-37.5,0.8333333333333334,127.5,0.8333333333333334,127.5,0.8333333333333334,4.0,4.0,^,0.0,9.0,1.0,19.0,11.0,1.0,3.0,5,2.0,0.0,0.0,50.0,60.0,66,34,0,1,7.0,47.0,1.0,20180922181635.0,11074^21077
305,,,Q4,4th Quarter,37.5,0.8333333333333334,-37.5,0.8333333333333334,127.5,0.7692307692307693,127.5,0.9090909090909091,4.0,4.0,^,0.0,9.0,1.0,19.0,11.0,1.0,3.0,5,2.0,0.0,0.0,50.0,60.0,66,34,0,1,7.0,39.0,1.0,20180922181643.0,11074^21077
306,,,Q4,4th Quarter,37.5,0.8,-37.5,0.8695652173913043,126.5,0.8333333333333334,126.5,0.8333333333333334,4.0,4.0,^,0.0,9.0,1.0,19.0,11.0,1.0,3.0,5,2.0,0.0,0.0,50.0,60.0,66,34,0,1,7.0,30.0,1.0,20180922181652.0,11074^21077
307,,,Q4,4th Quarter,37.5,0.7692307692307693,-37.5,0.9090909090909091,125.5,0.8,125.5,0.8695652173913043,4.0,4.0,^,0.0,9.0,1.0,19.0,11.0,1.0,3.0,5,2.0,0.0,0.0,50.0,60.0,66,34,0,1,7.0,12.0,1.0,20180922181653.0,11074^21077
308,,,Q4,4th Quarter,36.5,0.9090909090909091,-36.5,0.7692307692307693,124.5,0.9090909090909091,124.5,0.7692307692307693,4.0,4.0,^,0.0,9.0,1.0,19.0,11.0,1.0,3.0,5,2.0,0.0,0.0,50.0,60.0,66,34,0,1,7.0,4.0,1.0,20180922181701.0,11074^21077
309,,,Q4,4th Quarter,36.5,0.9090909090909091,-36.5,0.7692307692307693,124.5,0.8,124.5,0.8695652173913043,4.0,4.0,^,0.0,9.0,1.0,19.0,11.0,1.0,3.0,5,2.0,0.0,0.0,50.0,60.0,66,34,0,1,6.0,56.0,1.0,20180922181709.0,11074^21077
310,,,Q4,4th Quarter,37.5,0.8333333333333334,-37.5,0.8333333333333334,128.5,0.7692307692307693,128.5,0.9090909090909091,4.0,4.0,,0.0,9.0,1.0,19.0,11.0,1.0,3.0,5,2.0,0.0,0.0,50.0,60.0,66,35,0,1,7.0,37.0,1.0,20180922181714.0,11077.0
311,,,Q4,4th Quarter,36.5,0.8333333333333334,-36.5,0.8333333333333334,128.5,0.9090909090909091,128.5,0.7692307692307693,5.0,4.0,,0.0,9.0,1.0,19.0,11.0,1.0,3.0,5,2.0,0.0,0.0,50.0,60.0,66,36,0,1,7.0,34.0,1.0,20180922181717.0,11077.0
312,,,Q4,4th Quarter,36.5,0.8,-36.5,0.8695652173913043,128.5,0.8333333333333334,128.5,0.8333333333333334,5.0,4.0,,0.0,9.0,1.0,19.0,11.0,1.0,3.0,5,2.0,0.0,0.0,50.0,60.0,66,36,0,1,7.0,25.0,1.0,20180922181725.0,11077.0
313,,,Q4,4th Quarter,36.5,0.8,-36.5,0.8695652173913043,128.5,0.8333333333333334,128.5,0.8333333333333334,5.0,4.0,,0.0,9.0,1.0,19.0,11.0,1.0,3.0,5,2.0,0.0,0.0,50.0,60.0,66,36,0,1,7.0,17.0,1.0,20180922181733.0,11077.0
314,,,Q4,4th Quarter,35.5,0.9090909090909091,-35.5,0.7692307692307693,126.5,0.8333333333333334,126.5,0.8333333333333334,5.0,4.0,,0.0,9.0,1.0,19.0,11.0,1.0,3.0,5,2.0,0.0,0.0,50.0,60.0,66,36,0,1,6.0,56.0,1.0,20180922181738.0,11077.0
315,,,Q4,4th Quarter,35.5,0.9090909090909091,-35.5,0.7692307692307693,125.5,0.9090909090909091,125.5,0.7692307692307693,5.0,4.0,,0.0,9.0,1.0,19.0,11.0,1.0,3.0,5,2.0,0.0,0.0,50.0,60.0,66,36,0,1,6.0,48.0,1.0,20180922181746.0,11077.0
316,,,Q4,4th Quarter,36.5,0.8,-36.5,0.8695652173913043,128.5,0.7692307692307693,128.5,0.9090909090909091,5.0,4.0,,0.0,9.0,1.0,19.0,11.0,1.0,3.0,5,2.0,0.0,0.0,50.0,60.0,66,36,0,1,7.0,20.0,0.0,20180922181748.0,11077.0
317,,,Q4,4th Quarter,36.5,0.7692307692307693,-36.5,0.9090909090909091,127.5,0.8,127.5,0.8695652173913043,5.0,4.0,,0.0,9.0,1.0,19.0,11.0,1.0,3.0,5,2.0,0.0,0.0,50.0,60.0,66,36,0,1,7.0,8.0,0.0,20180922181757.0,11077.0
318,,,Q4,4th Quarter,36.5,0.8333333333333334,-36.5,0.8333333333333334,128.5,0.9090909090909091,128.5,0.7692307692307693,5.0,4.0,,0.0,9.0,1.0,19.0,11.0,1.0,3.0,5,2.0,0.0,0.0,50.0,60.0,66,36,0,1,7.0,32.0,1.0,20180922181804.0,11077.0
319,,,Q4,4th Quarter,36.5,0.8,-36.5,0.8695652173913043,128.5,0.8,128.5,0.8695652173913043,5.0,4.0,,0.0,9.0,1.0,19.0,11.0,1.0,3.0,5,2.0,0.0,0.0,50.0,60.0,66,36,0,1,7.0,23.0,1.0,20180922181812.0,11077.0
320,,,Q4,4th Quarter,35.5,0.8,-35.5,0.8695652173913043,128.5,0.8,128.5,0.8695652173913043,5.0,4.0,,0.0,9.0,1.0,19.0,11.0,1.0,3.0,5,2.0,0.0,0.0,50.0,60.0,66,36,0,1,7.0,23.0,1.0,20180922181812.0,21077.0
321,,,Q4,4th Quarter,35.5,0.8,-35.5,0.8695652173913043,128.5,0.7692307692307693,128.5,0.9090909090909091,5.0,4.0,,0.0,9.0,1.0,19.0,11.0,1.0,3.0,5,2.0,0.0,0.0,50.0,60.0,66,36,0,1,7.0,19.0,1.0,20180922181823.0,21077.0
322,,,Q4,4th Quarter,34.5,0.7692307692307693,-34.5,0.9090909090909091,129.5,0.7692307692307693,129.5,0.9090909090909091,5.0,4.0,^,0.0,9.0,1.0,19.0,14.0,1.0,3.0,5,2.0,0.0,0.0,50.0,60.0,66,38,0,1,7.0,2.0,1.0,20180922181828.0,21074^11077
323,,,Q4,4th Quarter,34.5,0.7692307692307693,-34.5,0.9090909090909091,129.5,0.7692307692307693,129.5,0.9090909090909091,5.0,4.0,,0.0,9.0,1.0,19.0,14.0,1.0,3.0,5,2.0,0.0,0.0,50.0,60.0,66,38,0,1,7.0,2.0,1.0,20180922181829.0,11077.0
324,,,Q4,4th Quarter,33.5,0.9090909090909091,-33.5,0.7692307692307693,128.5,0.8333333333333334,128.5,0.8333333333333334,5.0,4.0,,0.0,9.0,1.0,19.0,14.0,1.0,3.0,5,2.0,0.0,0.0,50.0,60.0,66,38,0,1,6.0,53.0,1.0,20180922181837.0,11077.0
325,,,Q4,4th Quarter,32.5,0.9090909090909091,-32.5,0.7692307692307693,128.5,0.7692307692307693,128.5,0.9090909090909091,5.0,4.0,,0.0,9.0,1.0,19.0,14.0,1.0,3.0,5,2.0,0.0,0.0,50.0,60.0,66,38,0,1,6.0,49.0,1.0,20180922181841.0,21077.0
326,,,Q4,4th Quarter,32.5,0.8695652173913043,-32.5,0.8,127.5,0.8333333333333334,127.5,0.8333333333333334,5.0,4.0,,0.0,9.0,1.0,19.0,14.0,1.0,3.0,5,2.0,0.0,0.0,50.0,60.0,66,38,0,1,6.0,40.0,1.0,20180922181849.0,21077.0
327,,,Q4,4th Quarter,32.5,0.8695652173913043,-32.5,0.8,127.5,0.7692307692307693,127.5,0.9090909090909091,5.0,4.0,,0.0,9.0,1.0,19.0,14.0,1.0,3.0,5,2.0,0.0,0.0,50.0,60.0,66,38,0,1,6.0,32.0,1.0,20180922181857.0,21077.0
328,,,Q4,4th Quarter,33.5,0.8695652173913043,-33.5,0.8,127.5,0.7692307692307693,127.5,0.9090909090909091,5.0,4.0,,0.0,9.0,1.0,19.0,14.0,1.0,3.0,5,2.0,0.0,0.0,50.0,60.0,66,38,0,1,6.0,32.0,1.0,20180922181857.0,11077.0
329,,,Q4,4th Quarter,33.5,0.8695652173913043,-33.5,0.8,127.5,0.8,127.5,0.8695652173913043,5.0,4.0,,0.0,9.0,1.0,19.0,14.0,1.0,3.0,5,2.0,0.0,0.0,50.0,60.0,66,38,0,1,6.0,19.0,1.0,20180922181911.0,11077.0
330,,,Q4,4th Quarter,33.5,0.8695652173913043,-33.5,0.8,125.5,0.9090909090909091,125.5,0.7692307692307693,5.0,4.0,,0.0,9.0,1.0,19.0,14.0,1.0,3.0,5,2.0,0.0,0.0,50.0,60.0,66,38,0,1,6.0,15.0,0.0,20180922181915.0,11077.0
331,,,Q4,4th Quarter,34.5,0.8695652173913043,-34.5,0.8,128.5,0.7692307692307693,128.5,0.9090909090909091,5.0,4.0,^,0.0,9.0,1.0,20.0,14.0,1.0,3.0,5,2.0,0.0,0.0,50.0,60.0,68,38,0,1,6.0,15.0,0.0,20180922181922.0,11074^21077
332,,,Q4,4th Quarter,35.5,0.8695652173913043,-35.5,0.8,128.5,0.7692307692307693,128.5,0.9090909090909091,5.0,4.0,^,0.0,9.0,1.0,20.0,14.0,1.0,3.0,5,2.0,0.0,1.0,50.0,60.0,68,38,0,1,6.0,15.0,0.0,20180922181925.0,21086^11077
333,,,Q4,4th Quarter,35.5,0.7692307692307693,-35.5,0.9090909090909091,128.5,0.8695652173913043,128.5,0.8,5.0,4.0,1:1,0.0,9.0,1.0,20.0,14.0,1.0,3.0,5,2.0,0.0,1.0,50.0,60.0,68,38,0,1,6.0,15.0,0.0,20180922181926.0,11078.0
334,,,Q4,4th Quarter,35.5,0.7692307692307693,-35.5,0.9090909090909091,128.5,0.8695652173913043,128.5,0.8,5.0,4.0,,0.0,9.0,1.0,20.0,14.0,1.0,3.0,5,2.0,0.0,1.0,50.0,60.0,68,38,0,1,6.0,15.0,1.0,20180922181926.0,21077.0
335,,,Q4,4th Quarter,35.5,0.7692307692307693,-35.5,0.9090909090909091,128.5,0.8695652173913043,128.5,0.8,5.0,4.0,,0.0,9.0,1.0,20.0,14.0,1.0,3.0,5,2.0,0.0,1.0,50.0,60.0,68,38,0,1,6.0,14.0,0.0,20180922181926.0,21077.0
336,,,Q4,4th Quarter,35.5,0.7692307692307693,-35.5,0.9090909090909091,128.5,0.8695652173913043,128.5,0.8,5.0,4.0,,0.0,9.0,1.0,20.0,14.0,1.0,3.0,5,2.0,0.0,1.0,50.0,60.0,68,38,0,1,6.0,14.0,1.0,20180922181951.0,21077.0
337,,,Q4,4th Quarter,35.5,0.8,-35.5,0.8695652173913043,128.5,0.8333333333333334,128.5,0.8333333333333334,5.0,4.0,,0.0,9.0,1.0,20.0,14.0,1.0,3.0,5,2.0,0.0,1.0,50.0,60.0,68,38,0,1,6.0,5.0,1.0,20180922181959.0,21077.0
338,,,Q4,4th Quarter,35.5,0.7692307692307693,-35.5,0.9090909090909091,128.5,0.7692307692307693,128.5,0.9090909090909091,5.0,4.0,,0.0,9.0,1.0,20.0,14.0,1.0,3.0,5,2.0,0.0,1.0,50.0,60.0,68,38,0,1,5.0,57.0,1.0,20180922182007.0,21077.0
339,,,Q4,4th Quarter,35.5,0.7692307692307693,-35.5,0.9090909090909091,127.5,0.8333333333333334,127.5,0.8333333333333334,5.0,4.0,,0.0,9.0,1.0,20.0,14.0,1.0,3.0,5,2.0,0.0,1.0,50.0,60.0,68,38,0,1,5.0,49.0,1.0,20180922182016.0,21077.0
340,,,Q4,4th Quarter,36.5,0.7692307692307693,-36.5,0.9090909090909091,127.5,0.8333333333333334,127.5,0.8333333333333334,4.0,4.0,,0.0,9.0,1.0,20.0,14.0,1.0,3.0,5,2.0,0.0,1.0,50.0,60.0,68,38,0,1,5.0,49.0,1.0,20180922182016.0,21094.0
341,,,Q4,4th Quarter,35.5,0.9090909090909091,-35.5,0.7692307692307693,127.5,0.7142857142857143,127.5,1.0,4.0,4.0,,0.0,9.0,1.0,20.0,14.0,1.0,3.0,5,2.0,0.0,1.0,50.0,60.0,68,38,0,1,5.0,40.0,1.0,20180922182025.0,21094.0
342,,,Q4,4th Quarter,35.5,0.9090909090909091,-35.5,0.7692307692307693,126.5,0.8333333333333334,126.5,0.8333333333333334,4.0,4.0,,0.0,9.0,1.0,20.0,14.0,1.0,3.0,5,2.0,0.0,1.0,50.0,60.0,68,38,0,1,5.0,34.0,1.0,20180922182031.0,11094.0
343,,,Q4,4th Quarter,34.5,0.9090909090909091,-34.5,0.8,126.5,0.8333333333333334,126.5,0.8333333333333334,5.0,4.0,,0.0,9.0,1.0,20.0,14.0,1.0,3.0,5,2.0,0.0,1.0,50.0,60.0,68,38,0,1,5.0,34.0,1.0,20180922182031.0,21077.0
344,,,Q4,4th Quarter,34.5,0.8333333333333334,-34.5,0.8333333333333334,125.5,0.8333333333333334,125.5,0.8333333333333334,5.0,4.0,,0.0,9.0,1.0,20.0,14.0,1.0,3.0,5,2.0,0.0,1.0,50.0,60.0,68,38,0,1,5.0,17.0,1.0,20180922182048.0,21077.0
345,,,Q4,4th Quarter,33.5,0.8695652173913043,-33.5,0.8,127.5,0.8695652173913043,127.5,0.8,5.0,4.0,^,0.0,9.0,1.0,20.0,15.0,1.0,3.0,5,2.0,0.0,1.0,50.0,60.0,69,40,0,1,5.0,17.0,1.0,20180922182048.0,21074^11077
346,,,Q4,4th Quarter,33.5,0.8333333333333334,-33.5,0.8333333333333334,127.5,0.7692307692307693,127.5,0.9090909090909091,5.0,4.0,,0.0,9.0,1.0,20.0,15.0,1.0,3.0,5,2.0,0.0,1.0,50.0,60.0,69,40,0,1,5.0,8.0,1.0,20180922182057.0,11077.0
347,,,Q4,4th Quarter,32.5,0.8333333333333334,-32.5,0.8333333333333334,127.5,0.7692307692307693,127.5,0.9090909090909091,5.0,4.0,,0.0,9.0,1.0,20.0,15.0,1.0,3.0,5,2.0,0.0,1.0,50.0,60.0,69,40,0,1,5.0,8.0,1.0,20180922182057.0,21077.0
348,,,Q4,4th Quarter,32.5,0.8333333333333334,-32.5,0.8333333333333334,127.5,0.7692307692307693,127.5,0.9090909090909091,4.0,4.0,,0.0,9.0,1.0,20.0,15.0,1.0,3.0,5,2.0,0.0,1.0,50.0,60.0,69,40,0,1,4.0,53.0,1.0,20180922182112.0,21077.0
349,,,Q4,4th Quarter,32.5,0.8,-32.5,0.8695652173913043,127.5,0.7692307692307693,127.5,0.9090909090909091,4.0,4.0,,0.0,9.0,1.0,20.0,15.0,1.0,3.0,5,2.0,0.0,1.0,50.0,60.0,69,40,0,1,4.0,45.0,1.0,20180922182120.0,21077.0
350,,,Q4,4th Quarter,33.5,0.8,-33.5,0.8695652173913043,127.5,0.7692307692307693,127.5,0.9090909090909091,4.0,4.0,,0.0,9.0,1.0,20.0,15.0,1.0,3.0,5,2.0,0.0,1.0,50.0,60.0,69,40,0,1,4.0,45.0,1.0,20180922182127.0,11077.0
351,,,Q4,4th Quarter,33.5,0.8,-33.5,0.8695652173913043,127.5,0.7692307692307693,127.5,0.9090909090909091,4.0,4.0,,0.0,9.0,1.0,20.0,15.0,1.0,3.0,5,2.0,0.0,1.0,50.0,60.0,69,40,0,1,4.0,30.0,1.0,20180922182135.0,11077.0
352,,,Q4,4th Quarter,32.5,1.0,-32.5,0.7142857142857143,127.5,0.7692307692307693,127.5,0.9090909090909091,4.0,4.0,,0.0,9.0,1.0,20.0,15.0,1.0,3.0,5,2.0,0.0,1.0,50.0,60.0,69,40,0,1,4.0,22.0,0.0,20180922182143.0,11077.0
353,,,Q4,4th Quarter,32.5,1.0,-32.5,0.7142857142857143,127.5,0.7692307692307693,127.5,0.9090909090909091,4.0,4.0,^,0.0,9.0,1.0,20.0,15.0,1.0,3.0,5,2.0,0.0,2.0,50.0,60.0,69,40,0,1,4.0,22.0,0.0,20180922182149.0,21086^11077
354,,,Q4,4th Quarter,33.5,0.8,-33.5,0.8695652173913043,127.5,0.7692307692307693,127.5,0.9090909090909091,4.0,4.0,1:2,0.0,9.0,1.0,20.0,15.0,1.0,3.0,5,2.0,0.0,2.0,50.0,60.0,69,40,0,1,4.0,22.0,0.0,20180922182150.0,11078.0
355,,,Q4,4th Quarter,32.5,0.8333333333333334,-32.5,0.8333333333333334,127.5,0.7692307692307693,127.5,0.9090909090909091,4.0,4.0,1:2^2:2,0.0,9.0,1.0,20.0,15.0,1.0,3.0,5,2.0,0.0,2.0,50.0,60.0,69,40,0,1,4.0,22.0,0.0,20180922182214.0,11080^11078
356,,,Q4,4th Quarter,32.5,0.8333333333333334,-32.5,0.8333333333333334,127.5,0.7692307692307693,127.5,0.9090909090909091,4.0,4.0,,0.0,9.0,1.0,20.0,15.0,1.0,3.0,5,2.0,0.0,2.0,50.0,60.0,69,40,0,1,4.0,22.0,1.0,20180922182214.0,21077.0
357,,,Q4,4th Quarter,32.5,0.8333333333333334,-32.5,0.8333333333333334,127.5,0.7692307692307693,127.5,0.9090909090909091,4.0,4.0,,0.0,9.0,1.0,20.0,15.0,1.0,3.0,5,2.0,0.0,2.0,50.0,60.0,69,40,0,1,4.0,22.0,0.0,20180922182214.0,21077.0
358,,,Q4,4th Quarter,32.5,0.8333333333333334,-32.5,0.8333333333333334,127.5,0.7692307692307693,127.5,0.9090909090909091,4.0,4.0,,0.0,9.0,1.0,20.0,15.0,1.0,3.0,5,2.0,0.0,2.0,50.0,60.0,69,40,0,1,4.0,22.0,1.0,20180922182238.0,21077.0
359,,,Q4,4th Quarter,32.5,0.8333333333333334,-32.5,0.8333333333333334,127.5,0.7692307692307693,127.5,0.9090909090909091,4.0,4.0,,0.0,9.0,1.0,20.0,15.0,1.0,3.0,5,2.0,0.0,2.0,50.0,60.0,69,40,0,1,4.0,13.0,1.0,20180922182247.0,21077.0
360,,,Q4,4th Quarter,32.5,0.8695652173913043,-32.5,0.8,127.5,0.7692307692307693,127.5,0.9090909090909091,4.0,4.0,,0.0,9.0,1.0,20.0,15.0,1.0,3.0,5,2.0,0.0,2.0,50.0,60.0,69,40,0,1,4.0,5.0,1.0,20180922182255.0,21077.0
361,,,Q4,4th Quarter,32.5,0.8695652173913043,-32.5,0.8,127.5,0.7692307692307693,127.5,0.9090909090909091,4.0,4.0,,0.0,9.0,1.0,20.0,15.0,1.0,3.0,5,2.0,0.0,2.0,50.0,60.0,69,40,0,1,4.0,56.0,1.0,20180922182304.0,21095.0
362,,,Q4,4th Quarter,33.5,0.8695652173913043,-33.5,0.8,127.5,0.7692307692307693,127.5,0.9090909090909091,3.0,4.0,,0.0,9.0,1.0,20.0,15.0,1.0,3.0,5,2.0,0.0,2.0,50.0,60.0,69,40,0,1,4.0,55.0,1.0,20180922182304.0,11077.0
363,,,Q4,4th Quarter,33.5,0.8695652173913043,-33.5,0.8,127.5,0.7692307692307693,127.5,0.9090909090909091,3.0,4.0,,0.0,9.0,1.0,20.0,15.0,1.0,3.0,5,2.0,0.0,2.0,50.0,60.0,69,40,0,1,4.0,51.0,0.0,20180922182309.0,11077.0
364,44.0,5.0,Q4,4th Quarter,33.5,0.8695652173913043,-33.5,0.8,127.5,0.7692307692307693,127.5,0.9090909090909091,3.0,4.0,,0.0,9.0,1.0,20.0,15.0,1.0,3.0,5,1.0,0.0,2.0,50.0,60.0,69,40,0,1,4.0,51.0,0.0,20180922182342.0,21081.0
365,,,Q4,4th Quarter,33.5,0.8695652173913043,-33.5,0.8,127.5,0.7692307692307693,127.5,0.9090909090909091,3.0,4.0,,0.0,9.0,1.0,20.0,15.0,1.0,3.0,5,1.0,0.0,2.0,50.0,60.0,69,40,0,1,4.0,51.0,0.0,20180922182506.0,11077.0
366,,,Q4,4th Quarter,33.5,0.8695652173913043,-33.5,0.8,127.5,0.7692307692307693,127.5,0.9090909090909091,3.0,4.0,,0.0,9.0,1.0,20.0,15.0,1.0,3.0,5,1.0,0.0,2.0,50.0,60.0,69,40,0,1,4.0,51.0,1.0,20180922182506.0,11077.0
367,,,Q4,4th Quarter,34.5,0.8695652173913043,-34.5,0.8,127.5,0.7692307692307693,127.5,0.9090909090909091,3.0,4.0,^,0.0,9.0,1.0,21.0,15.0,1.0,3.0,5,1.0,0.0,2.0,50.0,60.0,72,40,0,1,4.0,47.0,1.0,20180922182510.0,11074^21077
368,,,Q4,4th Quarter,34.5,0.8,-34.5,0.8695652173913043,127.5,0.7692307692307693,127.5,0.9090909090909091,3.0,4.0,,0.0,9.0,1.0,21.0,15.0,1.0,3.0,5,1.0,0.0,2.0,50.0,60.0,72,40,0,1,4.0,38.0,1.0,20180922182518.0,21077.0
369,,,Q4,4th Quarter,34.5,0.8,-34.5,0.8695652173913043,127.5,0.7692307692307693,127.5,0.9090909090909091,3.0,4.0,,0.0,9.0,1.0,21.0,15.0,1.0,3.0,5,1.0,0.0,2.0,50.0,60.0,72,40,0,1,4.0,30.0,1.0,20180922182527.0,21077.0
370,,,Q4,4th Quarter,35.5,0.7692307692307693,-35.5,0.9090909090909091,127.5,0.7692307692307693,127.5,0.9090909090909091,3.0,4.0,,0.0,9.0,1.0,21.0,15.0,1.0,3.0,5,1.0,0.0,2.0,50.0,60.0,72,40,0,1,4.0,30.0,1.0,20180922182527.0,11077.0
371,,,Q4,4th Quarter,35.5,0.7692307692307693,-35.5,0.9090909090909091,127.5,0.7692307692307693,127.5,0.9090909090909091,3.0,4.0,,0.0,9.0,1.0,21.0,15.0,1.0,3.0,5,1.0,0.0,2.0,50.0,60.0,72,40,0,1,4.0,30.0,1.0,20180922182535.0,21077.0
372,,,Q4,4th Quarter,36.5,1.0,-36.5,0.7142857142857143,127.5,0.7692307692307693,127.5,0.9090909090909091,3.0,4.0,,0.0,9.0,1.0,21.0,15.0,1.0,3.0,5,1.0,0.0,2.0,50.0,60.0,72,40,0,1,4.0,14.0,1.0,20180922182543.0,21077.0
373,,,Q4,4th Quarter,36.5,0.9090909090909091,-36.5,0.7692307692307693,127.5,0.7692307692307693,127.5,0.9090909090909091,3.0,4.0,,0.0,9.0,1.0,21.0,15.0,1.0,3.0,5,1.0,0.0,2.0,50.0,60.0,72,40,0,1,4.0,6.0,1.0,20180922182551.0,21077.0
374,,,Q4,4th Quarter,37.5,0.9090909090909091,-37.5,0.7692307692307693,127.5,0.7692307692307693,127.5,0.9090909090909091,3.0,4.0,,0.0,9.0,1.0,21.0,15.0,1.0,3.0,5,1.0,0.0,2.0,50.0,60.0,72,40,0,1,4.0,3.0,1.0,20180922182554.0,11077.0
375,,,Q4,4th Quarter,38.5,0.0,-38.5,0.0,127.5,0.7692307692307693,127.5,0.9090909090909091,2.0,4.0,^,0.0,9.0,1.0,22.0,15.0,1.0,3.0,5,1.0,0.0,2.0,50.0,60.0,77,40,0,1,2.0,59.0,1.0,20180922182558.0,11074^21077
376,,,Q4,4th Quarter,38.5,0.0,-38.5,0.0,127.5,0.7692307692307693,127.5,0.9090909090909091,2.0,4.0,,0.0,9.0,1.0,22.0,15.0,1.0,3.0,5,1.0,0.0,2.0,50.0,60.0,77,40,0,1,2.0,59.0,1.0,20180922182559.0,21077.0
377,,,Q4,4th Quarter,38.5,0.0,-38.5,0.0,127.5,0.7692307692307693,127.5,0.9090909090909091,2.0,4.0,,0.0,9.0,1.0,22.0,15.0,1.0,3.0,5,1.0,0.0,2.0,50.0,60.0,77,40,0,1,2.0,50.0,1.0,20180922182607.0,21077.0
378,,,Q4,4th Quarter,38.5,0.0,-38.5,0.0,127.5,0.7692307692307693,127.5,0.9090909090909091,2.0,4.0,,0.0,9.0,1.0,22.0,15.0,1.0,3.0,5,1.0,0.0,2.0,50.0,60.0,77,40,0,1,2.0,42.0,1.0,20180922182615.0,21077.0
379,,,Q4,4th Quarter,39.5,0.0,-39.5,0.0,127.5,0.7692307692307693,127.5,0.9090909090909091,2.0,4.0,,0.0,9.0,1.0,22.0,15.0,1.0,3.0,5,1.0,0.0,2.0,50.0,60.0,77,40,0,1,2.0,39.0,1.0,20180922182618.0,11077.0
380,,,Q4,4th Quarter,40.5,0.0,-40.5,0.0,127.5,0.7692307692307693,127.5,0.9090909090909091,2.0,4.0,^,0.0,9.0,1.0,23.0,15.0,1.0,3.0,5,1.0,0.0,2.0,50.0,60.0,79,40,0,1,2.0,31.0,1.0,20180922182626.0,11074^21077
381,,,Q4,4th Quarter,40.5,0.0,-40.5,0.0,127.5,0.7692307692307693,127.5,0.9090909090909091,2.0,4.0,,0.0,9.0,1.0,23.0,15.0,1.0,3.0,5,1.0,0.0,2.0,50.0,60.0,79,40,0,1,2.0,30.0,0.0,20180922182627.0,21077.0
382,44.0,5.0,Q4,4th Quarter,40.5,0.0,-40.5,0.0,127.5,0.7692307692307693,127.5,0.9090909090909091,2.0,4.0,,0.0,9.0,1.0,23.0,15.0,1.0,3.0,5,0.0,0.0,2.0,50.0,60.0,79,40,0,1,2.0,30.0,0.0,20180922182633.0,21081.0
383,,,Q4,4th Quarter,40.5,0.0,-40.5,0.0,127.5,0.7692307692307693,127.5,0.9090909090909091,2.0,4.0,,0.0,9.0,1.0,23.0,15.0,1.0,3.0,5,0.0,0.0,2.0,50.0,60.0,79,40,0,1,2.0,30.0,0.0,20180922182753.0,21077.0
384,,,Q4,4th Quarter,40.5,0.0,-40.5,0.0,127.5,0.7692307692307693,127.5,0.9090909090909091,2.0,4.0,,0.0,9.0,1.0,23.0,15.0,1.0,3.0,5,0.0,0.0,2.0,50.0,60.0,79,40,0,1,2.0,30.0,1.0,20180922182754.0,21077.0
385,,,Q4,4th Quarter,40.5,0.0,-40.5,0.0,127.5,0.7692307692307693,127.5,0.9090909090909091,2.0,4.0,,0.0,9.0,1.0,23.0,15.0,1.0,3.0,5,0.0,0.0,2.0,50.0,60.0,79,40,0,1,2.0,21.0,1.0,20180922182802.0,21077.0
386,,,Q4,4th Quarter,40.5,0.0,-40.5,0.0,127.5,0.7692307692307693,127.5,0.9090909090909091,2.0,4.0,,0.0,9.0,1.0,23.0,15.0,1.0,3.0,5,0.0,0.0,2.0,50.0,60.0,79,40,0,1,2.0,13.0,1.0,20180922182810.0,21077.0
387,,,Q4,4th Quarter,40.5,0.0,-40.5,0.0,127.5,0.7692307692307693,127.5,0.9090909090909091,2.0,4.0,,0.0,9.0,1.0,23.0,15.0,1.0,3.0,5,0.0,0.0,2.0,50.0,60.0,79,40,0,1,2.0,5.0,1.0,20180922182819.0,21077.0
388,,,Q4,4th Quarter,41.5,0.0,-41.5,0.0,127.5,0.7692307692307693,127.5,0.9090909090909091,2.0,4.0,,0.0,9.0,1.0,23.0,15.0,1.0,3.0,5,0.0,0.0,2.0,50.0,60.0,79,40,0,1,2.0,5.0,1.0,20180922182819.0,11077.0
389,,,Q4,4th Quarter,41.5,0.0,-41.5,0.0,127.5,0.7692307692307693,127.5,0.9090909090909091,2.0,4.0,,0.0,9.0,1.0,23.0,15.0,1.0,3.0,5,0.0,0.0,2.0,50.0,60.0,79,40,0,1,2.0,53.0,1.0,20180922182830.0,11094.0
390,,,Q4,4th Quarter,39.5,0.0,-39.5,0.0,127.5,0.7692307692307693,127.5,0.9090909090909091,2.0,4.0,,0.0,9.0,1.0,23.0,15.0,1.0,3.0,5,0.0,0.0,2.0,50.0,60.0,79,40,0,1,2.0,53.0,0.0,20180922182831.0,21077.0
391,,,Q4,4th Quarter,39.5,0.0,-39.5,0.0,127.5,0.7692307692307693,127.5,0.9090909090909091,2.0,4.0,,0.0,9.0,1.0,23.0,15.0,1.0,3.0,5,0.0,0.0,2.0,50.0,60.0,79,40,0,1,2.0,53.0,1.0,20180922182840.0,21077.0
392,,,Q4,4th Quarter,39.5,0.0,-39.5,0.0,127.5,0.7692307692307693,127.5,0.9090909090909091,2.0,4.0,,0.0,9.0,1.0,23.0,15.0,1.0,3.0,5,0.0,0.0,2.0,50.0,60.0,79,40,0,1,2.0,47.0,1.0,20180922182846.0,21077.0
393,,,Q4,4th Quarter,39.5,0.0,-39.5,0.0,127.5,0.7692307692307693,127.5,0.9090909090909091,2.0,4.0,,0.0,9.0,1.0,23.0,15.0,1.0,3.0,5,0.0,0.0,2.0,50.0,60.0,79,40,0,1,2.0,42.0,1.0,20180922182851.0,21077.0
394,,,Q4,4th Quarter,40.5,0.0,-40.5,0.0,127.5,0.7692307692307693,127.5,0.9090909090909091,2.0,4.0,,0.0,9.0,1.0,23.0,15.0,1.0,3.0,5,0.0,0.0,2.0,50.0,60.0,79,40,0,1,2.0,38.0,1.0,20180922182855.0,11077.0
395,,,Q4,4th Quarter,40.5,0.0,-40.5,0.0,127.5,0.7692307692307693,127.5,0.9090909090909091,2.0,4.0,,0.0,9.0,1.0,23.0,15.0,1.0,3.0,5,0.0,0.0,2.0,50.0,60.0,79,40,0,1,2.0,29.0,1.0,20180922182903.0,11077.0
396,,,Q4,4th Quarter,40.5,0.0,-40.5,0.0,127.5,0.7692307692307693,127.5,0.9090909090909091,2.0,4.0,,0.0,9.0,1.0,23.0,15.0,1.0,3.0,5,0.0,0.0,2.0,50.0,60.0,79,40,0,1,2.0,21.0,1.0,20180922182912.0,11077.0
397,,,Q4,4th Quarter,39.5,0.0,-39.5,0.0,127.5,0.7692307692307693,127.5,0.9090909090909091,2.0,4.0,,0.0,9.0,1.0,23.0,15.0,1.0,3.0,5,0.0,0.0,2.0,50.0,60.0,79,40,0,1,2.0,21.0,1.0,20180922182916.0,21077.0
398,,,Q4,4th Quarter,39.5,0.0,-39.5,0.0,127.5,0.7692307692307693,127.5,0.9090909090909091,2.0,4.0,,0.0,9.0,1.0,23.0,15.0,1.0,3.0,5,0.0,0.0,2.0,50.0,60.0,79,40,0,1,2.0,9.0,1.0,20180922182924.0,21077.0
399,,,Q4,4th Quarter,39.5,0.0,-39.5,0.0,127.5,0.7692307692307693,127.5,0.9090909090909091,2.0,4.0,,0.0,9.0,1.0,23.0,15.0,1.0,3.0,5,0.0,0.0,2.0,50.0,60.0,79,40,0,1,2.0,1.0,1.0,20180922182932.0,21077.0
400,,,Q4,4th Quarter,39.5,0.0,-39.5,0.0,127.5,0.7692307692307693,127.5,0.9090909090909091,2.0,4.0,,0.0,9.0,1.0,23.0,15.0,1.0,3.0,5,0.0,0.0,2.0,50.0,60.0,79,40,0,1,0.0,55.0,0.0,20180922182938.0,21077.0
401,,,Q4,4th Quarter,40.5,0.0,-40.5,0.0,127.5,0.7692307692307693,127.5,0.9090909090909091,2.0,4.0,,0.0,9.0,1.0,23.0,15.0,1.0,3.0,5,0.0,0.0,2.0,50.0,60.0,79,40,0,1,0.0,55.0,0.0,20180922182940.0,11077.0
402,,,Q4,4th Quarter,40.5,0.0,-40.5,0.0,127.5,0.7692307692307693,127.5,0.9090909090909091,2.0,4.0,,0.0,9.0,1.0,23.0,15.0,1.0,3.0,5,0.0,0.0,2.0,50.0,60.0,79,40,0,1,0.0,55.0,1.0,20180922182948.0,11077.0
403,,,Q4,4th Quarter,40.5,0.0,-40.5,0.0,127.5,0.7692307692307693,127.5,0.9090909090909091,2.0,4.0,,0.0,9.0,1.0,23.0,15.0,1.0,3.0,5,0.0,0.0,2.0,50.0,60.0,79,40,0,1,0.0,54.0,1.0,20180922182948.0,11077.0
404,,,Q4,4th Quarter,40.5,0.0,-40.5,0.0,127.5,0.7692307692307693,127.5,0.9090909090909091,2.0,4.0,,0.0,9.0,1.0,23.0,15.0,1.0,3.0,5,0.0,0.0,2.0,50.0,60.0,79,40,0,1,0.0,46.0,1.0,20180922182957.0,11077.0
405,,,Q4,4th Quarter,39.5,0.0,-39.5,0.0,127.5,0.7692307692307693,127.5,0.9090909090909091,2.0,4.0,,0.0,9.0,1.0,23.0,15.0,1.0,3.0,5,0.0,0.0,2.0,50.0,60.0,79,40,0,1,0.0,39.0,1.0,20180922183004.0,11094.0
406,,,Q4,4th Quarter,38.5,0.0,-38.5,0.0,127.5,0.7692307692307693,127.5,0.9090909090909091,2.0,4.0,,0.0,9.0,1.0,23.0,15.0,1.0,3.0,5,0.0,0.0,2.0,50.0,60.0,79,40,0,1,0.0,33.0,0.0,20180922183009.0,21077.0
407,,,Q4,4th Quarter,38.5,0.0,-38.5,0.0,127.5,0.7692307692307693,127.5,0.9090909090909091,2.0,4.0,^,0.0,9.0,1.0,23.0,15.0,1.0,3.0,5,0.0,1.0,2.0,50.0,60.0,79,40,0,1,0.0,33.0,0.0,20180922183016.0,11086^21077
408,,,Q4,4th Quarter,38.5,0.0,-38.5,0.0,127.5,0.7692307692307693,127.5,0.9090909090909091,2.0,4.0,^,0.0,9.0,1.0,23.0,15.0,1.0,3.0,5,0.0,1.0,2.0,50.0,60.0,79,40,0,1,0.0,33.0,1.0,20180922183026.0,11086^21077
409,,,Q4,4th Quarter,36.5,0.0,-36.5,0.0,127.5,0.7692307692307693,127.5,0.9090909090909091,2.0,4.0,^,0.0,9.0,2.0,23.0,15.0,1.0,3.0,5,0.0,1.0,2.0,50.0,60.0,79,43,0,1,0.0,25.0,1.0,20180922183034.0,21075^11077
410,,,Q4,4th Quarter,36.5,0.0,-36.5,0.0,127.5,0.7692307692307693,127.5,0.9090909090909091,2.0,4.0,^,0.0,9.0,2.0,23.0,15.0,1.0,3.0,5,0.0,1.0,2.0,50.0,60.0,79,43,0,1,0.0,24.0,1.0,20180922183034.0,21075^11077
411,,,Q4,4th Quarter,36.5,0.0,-36.5,0.0,127.5,0.7692307692307693,127.5,0.9090909090909091,2.0,4.0,^,0.0,9.0,2.0,23.0,15.0,1.0,3.0,5,0.0,1.0,2.0,50.0,60.0,79,43,0,1,0.0,24.0,0.0,20180922183036.0,21075^11077
412,,,Q4,4th Quarter,36.5,0.0,-36.5,0.0,127.5,0.7692307692307693,127.5,0.9090909090909091,2.0,4.0,^,0.0,9.0,2.0,23.0,15.0,1.0,3.0,5,0.0,1.0,2.0,50.0,60.0,79,43,0,1,0.0,24.0,1.0,20180922183037.0,21075^11077
413,,,Q4,4th Quarter,36.5,0.0,-36.5,0.0,127.5,0.7692307692307693,127.5,0.9090909090909091,2.0,4.0,^,0.0,9.0,2.0,23.0,15.0,1.0,3.0,5,0.0,1.0,2.0,50.0,60.0,79,43,0,1,0.0,15.0,1.0,20180922183045.0,21075^11077
414,,,Q4,4th Quarter,36.5,0.0,-36.5,0.0,127.5,0.7692307692307693,127.5,0.9090909090909091,2.0,4.0,^,0.0,9.0,2.0,23.0,15.0,1.0,3.0,5,0.0,1.0,2.0,50.0,60.0,79,43,0,1,0.0,7.0,1.0,20180922183053.0,21075^11077
415,,,Q4,4th Quarter,36.5,0.0,-36.5,0.0,127.5,0.7692307692307693,127.5,0.9090909090909091,2.0,4.0,^,0.0,9.0,2.0,23.0,15.0,1.0,3.0,5,0.0,1.0,2.0,50.0,60.0,79,43,0,1,0.0,0.0,0.0,20180922183102.0,21075^11077
416,,,Q4,4th Quarter,36.5,0.0,-36.5,0.0,127.5,0.7692307692307693,127.5,0.9090909090909091,2.0,4.0,^,0.0,9.0,2.0,23.0,15.0,1.0,3.0,5,0.0,1.0,2.0,50.0,60.0,79,43,0,1,0.0,0.0,0.0,20180922183102.0,1084.0
417,,,Q4,4th Quarter,36.5,0.0,-36.5,0.0,127.5,0.7692307692307693,127.5,0.9090909090909091,2.0,4.0,^,0.0,9.0,2.0,23.0,15.0,1.0,3.0,5,0.0,1.0,2.0,50.0,60.0,79,43,0,1,0.0,0.0,0.0,20180922183103.0,1084.0
418,,,Q4,4th Quarter,36.5,0.0,-36.5,0.0,127.5,0.7692307692307693,127.5,0.9090909090909091,2.0,4.0,^,0.0,9.0,2.0,23.0,15.0,1.0,3.0,5,0.0,1.0,2.0,50.0,60.0,79,43,0,1,0.0,0.0,0.0,20180922183103.0,1084.0
