,AM,AS,CP,ED,HASA,HASA_ODD,HASH,HASH_ODD,HATD,HATD_ODD,HATU,HATU_ODD,LM,MD,PG,PI,S1_a,S1_h,S2_a,S2_h,S3_a,S3_h,S4_a,S4_h,S5_a,S5_h,S6_a,S6_h,SC_a,SC_h,SU,TD,TM,TS,TT,TU,VC,WA_ODD,WH_ODD
0,,,,,5.5,0.8333333333333334,-5.5,0.8333333333333334,145.5,0.8695652173913043,145.5,0.8,,,,,4.0,3.0,11.0,11.0,5.0,5.0,4.0,3.0,0.0,0.0,50.0,38.5,39.0,37,0,1,10.0,0.0,0,20180916153223,01083,2.15,0.3448275862068966
1,,,,,5.5,0.8333333333333334,-5.5,0.8333333333333334,145.5,0.8695652173913043,145.5,0.8,,,,,4.0,3.0,11.0,11.0,5.0,5.0,4.0,3.0,0.0,0.0,50.0,38.5,39.0,37,0,1,10.0,0.0,0,20180916154119.0,01083,2.15,0.3448275862068966
2,,,,,5.5,0.8333333333333334,-5.5,0.8333333333333334,145.5,0.8695652173913043,145.5,0.8,,,,,4.0,3.0,11.0,11.0,5.0,5.0,4.0,3.0,0.0,0.0,50.0,38.5,39.0,37,0,1,10.0,0.0,0,20180916154326.0,01083,2.15,0.3448275862068966
3,,,,,5.5,0.8333333333333334,-5.5,0.8333333333333334,145.5,0.8695652173913043,145.5,0.8,,,^,,4.0,3.0,11.0,11.0,5.0,5.0,4.0,3.0,0.0,0.0,50.0,38.5,39.0,37,0,1,10.0,0.0,1.0,20180916154326.0,01089^11077,2.15,0.3448275862068966
4,,,,,5.5,0.8333333333333334,-5.5,0.8333333333333334,145.5,0.8333333333333334,145.5,0.8333333333333334,,,,,4.0,3.0,11.0,11.0,5.0,5.0,4.0,3.0,0.0,0.0,50.0,38.5,39.0,37,0,1,9.0,59.0,1.0,20180916154327.0,11077.0,2.15,0.3448275862068966
5,,,,,5.5,0.8333333333333334,-5.5,0.8333333333333334,145.5,0.8,145.5,0.8695652173913043,,,,,4.0,3.0,11.0,11.0,5.0,5.0,4.0,3.0,0.0,0.0,50.0,38.5,39.0,37,0,1,9.0,50.0,1.0,20180916154335.0,11077.0,2.15,0.3448275862068966
6,,,,,5.5,0.8333333333333334,-5.5,0.8333333333333334,144.5,0.8695652173913043,144.5,0.8,,,,,4.0,3.0,11.0,11.0,5.0,5.0,4.0,3.0,0.0,0.0,50.0,38.5,39.0,37,0,1,9.0,48.0,1.0,20180916154338.0,11077.0,2.15,0.3448275862068966
7,,,,,5.5,0.8333333333333334,-5.5,0.8333333333333334,144.5,0.8695652173913043,144.5,0.8,,,,,4.0,3.0,11.0,11.0,5.0,5.0,4.0,3.0,0.0,0.0,50.0,38.5,39.0,37,0,1,9.0,48.0,1.0,20180916154342.0,11077.0,2.15,0.3448275862068966
8,,,,,5.5,0.8333333333333334,-5.5,0.8333333333333334,144.5,0.8695652173913043,144.5,0.8,,,,,4.0,3.0,11.0,11.0,5.0,5.0,4.0,3.0,0.0,0.0,50.0,38.5,39.0,37,0,1,9.0,48.0,1.0,20180916154356.0,11077.0,2.15,0.3448275862068966
9,,,,,5.5,0.8333333333333334,-5.5,0.8333333333333334,144.5,0.8695652173913043,144.5,0.8,,,,,4.0,3.0,11.0,11.0,5.0,5.0,4.0,3.0,0.0,0.0,50.0,38.5,39.0,37,0,1,9.0,48.0,1.0,20180916154357.0,11077.0,2.15,0.3448275862068966
10,,,,,5.5,0.8,-5.5,0.8695652173913043,144.5,0.8695652173913043,144.5,0.8,,,,,4.0,3.0,11.0,11.0,5.0,5.0,4.0,3.0,0.0,0.0,50.0,38.5,39.0,37,0,1,9.0,35.0,1.0,20180916154357.0,21077.0,2.15,0.3448275862068966
11,,,,,5.5,0.8333333333333334,-5.5,0.8333333333333334,143.5,0.8333333333333334,143.5,0.8333333333333334,,,,,4.0,3.0,11.0,11.0,5.0,5.0,4.0,3.0,0.0,0.0,50.0,38.5,39.0,37,0,1,9.0,30.0,1.0,20180916154411.0,11077.0,2.15,0.3448275862068966
12,,,,,5.5,0.8333333333333334,-5.5,0.8333333333333334,143.5,0.8333333333333334,143.5,0.8333333333333334,,,,,4.0,3.0,11.0,11.0,5.0,5.0,4.0,3.0,0.0,0.0,50.0,38.5,39.0,37,0,1,9.0,23.0,0.0,20180916154417.0,11077.0,2.25,0.3333333333333333
13,,,,,5.5,0.8333333333333334,-5.5,0.8333333333333334,143.5,0.8333333333333334,143.5,0.8333333333333334,,,,,4.0,3.0,11.0,11.0,5.0,5.0,4.0,3.0,0.0,0.0,50.0,38.5,39.0,37,0,1,9.0,23.0,0.0,20180916154418.0,11077.0,2.25,0.3333333333333333
14,,,,,5.5,0.8333333333333334,-5.5,0.8333333333333334,143.5,0.8333333333333334,143.5,0.8333333333333334,,,^,,4.0,3.0,11.0,11.0,5.0,5.0,4.0,3.0,0.0,1.0,50.0,38.5,39.0,37,0,1,9.0,24.0,0.0,20180916154440.0,21086^11077,2.25,0.3333333333333333
15,,,,,6.5,0.8,-6.5,0.8695652173913043,144.5,0.8333333333333334,144.5,0.8333333333333334,,,1:2,,4.0,3.0,11.0,11.0,5.0,5.0,4.0,3.0,0.0,1.0,50.0,38.5,39.0,37,0,1,9.0,24.0,0.0,20180916154441.0,11078.0,2.5,0.2857142857142857
16,,,,,6.5,0.8333333333333334,-6.5,0.8333333333333334,145.5,0.8,145.5,0.8695652173913043,,,1:2^2:2,,4.0,3.0,11.0,11.0,6.0,5.0,4.0,3.0,0.0,1.0,54.5,38.5,40.0,37,0,1,9.0,24.0,0.0,20180916154445.0,11079^11078,2.65,0.26666666666666666
17,,,,,5.5,0.8695652173913043,-5.5,0.8,144.5,0.8333333333333334,144.5,0.8333333333333334,,,2:2^,,4.0,3.0,11.0,11.0,6.0,5.0,4.0,3.0,0.0,1.0,50.0,38.5,40.0,37,0,1,9.0,24.0,1.0,20180916154501.0,11080^21077,2.4,0.30303030303030304
18,,,,,5.5,0.8695652173913043,-5.5,0.8,144.5,0.8333333333333334,144.5,0.8333333333333334,,,2:2^,,4.0,3.0,11.0,11.0,6.0,5.0,4.0,3.0,0.0,1.0,50.0,38.5,40.0,37,0,1,9.0,23.0,1.0,20180916154501.0,11080^21077,2.4,0.30303030303030304
19,,,,,5.5,0.8695652173913043,-5.5,0.8,143.5,0.8695652173913043,143.5,0.8,,,2:2^,,4.0,3.0,11.0,11.0,6.0,5.0,4.0,3.0,0.0,1.0,50.0,38.5,40.0,37,0,1,9.0,15.0,1.0,20180916154510.0,11080^21077,2.4,0.30303030303030304
20,,,,,5.5,0.8695652173913043,-5.5,0.8,143.5,0.8333333333333334,143.5,0.8333333333333334,,,2:2^,,4.0,3.0,11.0,11.0,6.0,5.0,4.0,3.0,0.0,1.0,50.0,38.5,40.0,37,0,1,9.0,11.0,0.0,20180916154514.0,11080^21077,2.4,0.30303030303030304
21,,,,,5.5,0.8695652173913043,-5.5,0.8,143.5,0.8333333333333334,143.5,0.8333333333333334,,,2:2^,,4.0,3.0,11.0,11.0,6.0,5.0,4.0,3.0,0.0,1.0,50.0,38.5,40.0,37,0,1,9.0,11.0,1.0,20180916154531.0,11080^21077,2.4,0.30303030303030304
22,,,,,5.5,0.8695652173913043,-5.5,0.8,143.5,0.8333333333333334,143.5,0.8333333333333334,,,2:2^,,4.0,3.0,11.0,11.0,6.0,5.0,4.0,3.0,0.0,1.0,50.0,38.5,40.0,37,0,1,9.0,11.0,1.0,20180916154536.0,11080^21077,2.4,0.30303030303030304
23,,,,,5.5,0.8695652173913043,-5.5,0.8,143.5,0.8333333333333334,143.5,0.8333333333333334,,,2:2^,,4.0,3.0,11.0,11.0,6.0,5.0,4.0,3.0,0.0,1.0,50.0,38.5,40.0,37,0,1,9.0,11.0,1.0,20180916154550.0,11080^21077,2.4,0.30303030303030304
24,,,,,5.5,0.8695652173913043,-5.5,0.8,143.5,0.8333333333333334,143.5,0.8333333333333334,,,2:2^,,4.0,3.0,11.0,11.0,6.0,5.0,4.0,3.0,0.0,1.0,50.0,38.5,40.0,37,0,1,9.0,11.0,1.0,20180916154551.0,11080^21077,2.4,0.30303030303030304
25,,,,,5.5,0.8695652173913043,-5.5,0.8,142.5,0.8695652173913043,142.5,0.8,,,2:2^,,4.0,3.0,11.0,11.0,6.0,5.0,4.0,3.0,0.0,1.0,50.0,38.5,40.0,37,0,1,8.0,57.0,1.0,20180916154559.0,11080^21077,2.4,0.30303030303030304
26,,,,,5.5,0.8333333333333334,-5.5,0.8333333333333334,142.5,0.8333333333333334,142.5,0.8333333333333334,,,2:2^,,4.0,3.0,11.0,11.0,6.0,5.0,4.0,3.0,0.0,1.0,50.0,38.5,40.0,37,0,1,8.0,49.0,1.0,20180916154607.0,11080^21077,2.4,0.30303030303030304
27,,,,,4.5,0.8333333333333334,-4.5,0.8333333333333334,144.5,0.8333333333333334,144.5,0.8333333333333334,,,^,,4.0,3.0,11.0,12.0,6.0,5.0,4.0,3.0,0.0,1.0,50.0,38.5,40.0,39,0,1,8.0,48.0,1.0,20180916154610.0,21074^11077,1.75,0.4
28,,,,,4.5,0.8333333333333334,-4.5,0.8333333333333334,144.5,0.8333333333333334,144.5,0.8333333333333334,,,,,4.0,3.0,11.0,12.0,6.0,5.0,4.0,3.0,0.0,1.0,50.0,38.5,40.0,39,0,1,8.0,47.0,1.0,20180916154610.0,11077.0,1.75,0.4
29,,,,,4.5,0.8333333333333334,-4.5,0.8333333333333334,143.5,0.8695652173913043,143.5,0.8,,,,,4.0,3.0,11.0,12.0,6.0,5.0,4.0,3.0,0.0,1.0,50.0,38.5,40.0,39,0,1,8.0,39.0,0.0,20180916154618.0,11077.0,1.85,0.38461538461538464
30,,,,,4.5,0.8333333333333334,-4.5,0.8333333333333334,143.5,0.8695652173913043,143.5,0.8,,,,,4.0,3.0,11.0,12.0,6.0,5.0,4.0,3.0,0.0,1.0,50.0,38.5,40.0,39,0,1,8.0,39.0,1.0,20180916154627.0,11077.0,1.85,0.38461538461538464
31,,,,,4.5,0.8333333333333334,-4.5,0.8333333333333334,143.5,0.8333333333333334,143.5,0.8333333333333334,,,,,4.0,3.0,11.0,12.0,6.0,5.0,4.0,3.0,0.0,1.0,50.0,38.5,40.0,39,0,1,8.0,34.0,0.0,20180916154632.0,11077.0,1.85,0.38461538461538464
32,44.0,5.0,,,4.5,0.8333333333333334,-4.5,0.8333333333333334,143.5,0.8333333333333334,143.5,0.8333333333333334,,,,,4.0,3.0,11.0,12.0,6.0,5.0,3.0,3.0,0.0,1.0,50.0,38.5,40.0,39,0,1,8.0,34.0,0.0,20180916154640.0,11081.0,1.85,0.38461538461538464
33,44.0,5.0,,,4.5,0.8333333333333334,-4.5,0.8333333333333334,143.5,0.8333333333333334,143.5,0.8333333333333334,,,,,4.0,3.0,11.0,12.0,6.0,5.0,3.0,3.0,0.0,1.0,50.0,38.5,40.0,39,0,1,8.0,33.0,0.0,20180916154640.0,11081.0,1.85,0.38461538461538464
34,44.0,5.0,,,4.5,0.8333333333333334,-4.5,0.8333333333333334,143.5,0.8333333333333334,143.5,0.8333333333333334,,,,,4.0,3.0,11.0,12.0,6.0,5.0,3.0,3.0,0.0,1.0,50.0,38.5,40.0,39,0,1,8.0,30.0,0.0,20180916154648.0,11081.0,1.85,0.38461538461538464
35,44.0,5.0,,,4.5,0.8333333333333334,-4.5,0.8333333333333334,143.5,0.8333333333333334,143.5,0.8333333333333334,,,,,4.0,3.0,11.0,12.0,6.0,5.0,3.0,3.0,0.0,1.0,50.0,38.5,40.0,39,0,1,8.0,30.0,0.0,20180916154651.0,11081.0,1.85,0.38461538461538464
36,44.0,5.0,,,4.5,0.8333333333333334,-4.5,0.8333333333333334,143.5,0.8333333333333334,143.5,0.8333333333333334,,,,,4.0,3.0,11.0,12.0,6.0,5.0,3.0,3.0,0.0,1.0,50.0,38.5,40.0,39,0,1,8.0,30.0,1.0,20180916154703.0,11081.0,1.85,0.38461538461538464
37,44.0,5.0,,,3.5,0.8695652173913043,-3.5,0.8,143.5,0.8333333333333334,143.5,0.8333333333333334,,,,,4.0,3.0,11.0,12.0,6.0,5.0,3.0,3.0,0.0,1.0,50.0,38.5,40.0,39,0,1,8.0,26.0,1.0,20180916154704.0,21077.0,1.65,0.43478260869565216
38,44.0,5.0,,,3.5,0.8695652173913043,-3.5,0.8,142.5,0.8333333333333334,142.5,0.8333333333333334,,,,,4.0,3.0,11.0,12.0,6.0,5.0,3.0,3.0,0.0,1.0,50.0,38.5,40.0,39,0,1,8.0,17.0,1.0,20180916154712.0,21077.0,1.65,0.43478260869565216
39,44.0,5.0,,,3.5,0.8695652173913043,-3.5,0.8,142.5,0.8333333333333334,142.5,0.8333333333333334,,,,,4.0,3.0,11.0,12.0,6.0,5.0,3.0,3.0,0.0,1.0,50.0,38.5,40.0,39,0,1,8.0,17.0,1.0,20180916154713.0,21077.0,1.65,0.43478260869565216
40,44.0,5.0,,,3.5,0.8695652173913043,-3.5,0.8,142.5,0.8,142.5,0.8695652173913043,,,,,4.0,3.0,11.0,12.0,6.0,5.0,3.0,3.0,0.0,1.0,50.0,38.5,40.0,39,0,1,8.0,11.0,1.0,20180916154719.0,21077.0,1.65,0.43478260869565216
41,44.0,5.0,,,3.5,0.8695652173913043,-3.5,0.8,142.5,0.8,142.5,0.8695652173913043,,,,,4.0,3.0,11.0,12.0,6.0,5.0,3.0,3.0,0.0,1.0,50.0,38.5,40.0,39,0,1,8.0,6.0,1.0,20180916154724.0,21077.0,1.65,0.43478260869565216
42,44.0,5.0,,,3.5,0.8695652173913043,-3.5,0.8,142.5,0.8,142.5,0.8695652173913043,,,,,4.0,3.0,11.0,12.0,6.0,5.0,3.0,3.0,0.0,1.0,50.0,38.5,40.0,39,0,1,8.0,6.0,1.0,20180916154724.0,21077.0,1.65,0.43478260869565216
43,44.0,5.0,,,3.5,0.8695652173913043,-3.5,0.8,142.5,0.8,142.5,0.8695652173913043,,,,,4.0,3.0,11.0,12.0,6.0,5.0,3.0,3.0,0.0,1.0,50.0,38.5,40.0,39,0,1,8.0,6.0,1.0,20180916154743.0,21077.0,1.65,0.43478260869565216
44,44.0,5.0,,,3.5,0.8695652173913043,-3.5,0.8,142.5,0.8,142.5,0.8695652173913043,,,,,4.0,3.0,11.0,12.0,6.0,5.0,3.0,3.0,0.0,1.0,50.0,38.5,40.0,39,0,1,7.0,59.0,1.0,20180916154744.0,21077.0,1.65,0.43478260869565216
45,44.0,5.0,,,4.5,0.8333333333333334,-4.5,0.8333333333333334,140.5,0.8695652173913043,140.5,0.8,,,,,4.0,3.0,11.0,12.0,6.0,5.0,3.0,3.0,0.0,1.0,50.0,38.5,40.0,39,0,1,7.0,52.0,1.0,20180916154752.0,11077.0,1.85,0.38461538461538464
46,44.0,5.0,,,4.5,0.8333333333333334,-4.5,0.8333333333333334,140.5,0.8695652173913043,140.5,0.8,,,,,4.0,3.0,11.0,12.0,6.0,5.0,3.0,3.0,0.0,1.0,50.0,38.5,40.0,39,0,1,7.0,51.0,1.0,20180916154752.0,11077.0,1.85,0.38461538461538464
47,44.0,5.0,,,4.5,0.8333333333333334,-4.5,0.8333333333333334,140.5,0.8333333333333334,140.5,0.8333333333333334,,,,,4.0,3.0,11.0,12.0,6.0,5.0,3.0,3.0,0.0,1.0,50.0,38.5,40.0,39,0,1,7.0,48.0,0.0,20180916154755.0,11077.0,1.85,0.38461538461538464
48,44.0,5.0,,,4.5,0.8333333333333334,-4.5,0.8333333333333334,140.5,0.8333333333333334,140.5,0.8333333333333334,,,,,4.0,3.0,11.0,12.0,6.0,5.0,3.0,3.0,0.0,1.0,50.0,38.5,40.0,39,0,1,7.0,48.0,1.0,20180916154908.0,11077.0,1.85,0.38461538461538464
49,44.0,5.0,,,3.5,0.8695652173913043,-3.5,0.8,140.5,0.8333333333333334,140.5,0.8333333333333334,,,,,4.0,3.0,11.0,12.0,6.0,5.0,3.0,3.0,0.0,1.0,50.0,38.5,40.0,39,0,1,7.0,39.0,1.0,20180916154917.0,21077.0,1.6,0.45454545454545453
50,44.0,5.0,,,2.5,0.8695652173913043,-2.5,0.8,142.5,0.8333333333333334,142.5,0.8333333333333334,,,^,,4.0,3.0,11.0,13.0,6.0,5.0,3.0,3.0,0.0,1.0,50.0,38.5,40.0,41,0,1,7.0,38.0,1.0,20180916154919.0,21074^11077,1.4,0.5263157894736842
51,44.0,5.0,,,2.5,0.8695652173913043,-2.5,0.8,142.5,0.8,142.5,0.8695652173913043,,,,,4.0,3.0,11.0,13.0,6.0,5.0,3.0,3.0,0.0,1.0,50.0,38.5,40.0,41,0,1,7.0,37.0,1.0,20180916154919.0,11077.0,1.4,0.5263157894736842
52,44.0,5.0,,,2.5,0.8695652173913043,-2.5,0.8,141.5,0.8333333333333334,141.5,0.8333333333333334,,,,,4.0,3.0,11.0,13.0,6.0,5.0,3.0,3.0,0.0,1.0,50.0,38.5,40.0,41,0,1,7.0,28.0,1.0,20180916154927.0,11077.0,1.4,0.5263157894736842
53,44.0,5.0,,,2.5,0.8695652173913043,-2.5,0.8,141.5,0.8,141.5,0.8695652173913043,,,,,4.0,3.0,11.0,13.0,6.0,5.0,3.0,3.0,0.0,1.0,50.0,38.5,40.0,41,0,1,7.0,20.0,1.0,20180916154936.0,11077.0,1.4,0.5263157894736842
54,44.0,5.0,,,2.5,0.8695652173913043,-2.5,0.8,140.5,0.8333333333333334,140.5,0.8333333333333334,,,,,4.0,3.0,11.0,13.0,6.0,5.0,3.0,3.0,0.0,1.0,50.0,38.5,40.0,41,0,1,7.0,12.0,1.0,20180916154944.0,11077.0,1.4,0.5263157894736842
55,44.0,5.0,,,2.5,0.8695652173913043,-2.5,0.8,140.5,0.8,140.5,0.8695652173913043,,,,,4.0,3.0,11.0,13.0,6.0,5.0,3.0,3.0,0.0,1.0,50.0,38.5,40.0,41,0,1,7.0,4.0,1.0,20180916154952.0,11077.0,1.4,0.5263157894736842
56,44.0,5.0,,,2.5,0.8695652173913043,-2.5,0.8,139.5,0.8333333333333334,139.5,0.8333333333333334,,,,,4.0,3.0,11.0,13.0,6.0,5.0,3.0,3.0,0.0,1.0,50.0,38.5,40.0,41,0,1,6.0,55.0,1.0,20180916155000.0,11077.0,1.4,0.5263157894736842
57,44.0,5.0,,,2.5,0.8695652173913043,-2.5,0.8,138.5,0.8695652173913043,138.5,0.8,,,,,4.0,3.0,11.0,13.0,6.0,5.0,3.0,3.0,0.0,1.0,50.0,38.5,40.0,41,0,1,6.0,47.0,1.0,20180916155008.0,11077.0,1.4,0.5263157894736842
58,44.0,5.0,,,2.5,0.8695652173913043,-2.5,0.8,138.5,0.8333333333333334,138.5,0.8333333333333334,,,,,4.0,3.0,11.0,13.0,6.0,5.0,3.0,3.0,0.0,1.0,50.0,38.5,40.0,41,0,1,6.0,43.0,1.0,20180916155014.0,11077.0,1.4,0.5263157894736842
59,44.0,5.0,,,4.5,0.8333333333333334,-4.5,0.8333333333333334,141.5,0.9090909090909091,141.5,0.7692307692307693,,,^,,5.0,3.0,11.0,13.0,6.0,5.0,3.0,3.0,0.0,1.0,50.0,38.5,43.0,41,0,1,6.0,41.0,1.0,20180916155016.0,11075^21077,1.85,0.38461538461538464
60,44.0,5.0,,,4.5,0.8333333333333334,-4.5,0.8333333333333334,141.5,0.8695652173913043,141.5,0.8,,,,,5.0,3.0,11.0,13.0,6.0,5.0,3.0,3.0,0.0,1.0,50.0,38.5,43.0,41,0,1,6.0,39.0,1.0,20180916155016.0,21077.0,1.85,0.38461538461538464
61,44.0,5.0,,,4.5,0.8333333333333334,-4.5,0.8333333333333334,141.5,0.8333333333333334,141.5,0.8333333333333334,,,,,5.0,3.0,11.0,13.0,6.0,5.0,3.0,3.0,0.0,1.0,50.0,38.5,43.0,41,0,1,6.0,31.0,1.0,20180916155024.0,21077.0,1.85,0.38461538461538464
62,44.0,5.0,,,4.5,0.8333333333333334,-4.5,0.8333333333333334,141.5,0.7692307692307693,141.5,0.9090909090909091,,,,,5.0,3.0,11.0,13.0,6.0,5.0,3.0,3.0,0.0,1.0,50.0,38.5,43.0,41,0,1,6.0,25.0,0.0,20180916155031.0,21077.0,1.85,0.38461538461538464
63,44.0,5.0,,,4.5,0.8333333333333334,-4.5,0.8333333333333334,141.5,0.7692307692307693,141.5,0.9090909090909091,,,,,5.0,3.0,11.0,13.0,6.0,5.0,3.0,3.0,0.0,1.0,50.0,38.5,43.0,41,0,1,6.0,25.0,1.0,20180916155058.0,21077.0,1.85,0.38461538461538464
64,44.0,5.0,,,4.5,0.8333333333333334,-4.5,0.8333333333333334,141.5,0.7692307692307693,141.5,0.9090909090909091,,,,,5.0,3.0,11.0,13.0,6.0,5.0,3.0,3.0,0.0,1.0,50.0,38.5,43.0,41,0,1,6.0,25.0,1.0,20180916155059.0,21077.0,1.85,0.38461538461538464
65,44.0,5.0,,,4.5,0.8333333333333334,-4.5,0.8333333333333334,141.5,0.8333333333333334,141.5,0.8333333333333334,,,,,5.0,3.0,11.0,13.0,6.0,5.0,3.0,3.0,0.0,1.0,50.0,38.5,43.0,41,0,1,6.0,18.0,0.0,20180916155105.0,21077.0,1.85,0.38461538461538464
66,44.0,5.0,,,4.5,0.8333333333333334,-4.5,0.8333333333333334,141.5,0.8333333333333334,141.5,0.8333333333333334,,,,,5.0,3.0,11.0,13.0,6.0,5.0,3.0,3.0,0.0,1.0,50.0,38.5,43.0,41,0,1,6.0,18.0,0.0,20180916155138.0,21077.0,1.85,0.38461538461538464
67,44.0,5.0,,,6.5,0.8695652173913043,-6.5,0.8,143.5,0.8695652173913043,143.5,0.8,13.0,,,,5.0,3.0,11.0,13.0,6.0,5.0,3.0,3.0,0.0,1.0,50.0,38.5,46.0,41,0,1,6.0,19.0,0.0,20180916155139.0,21077.0,3.0,0.2222222222222222
68,44.0,5.0,,,6.5,0.8695652173913043,-6.5,0.8,143.5,0.8695652173913043,143.5,0.8,13.0,,,,5.0,3.0,11.0,13.0,6.0,5.0,3.0,3.0,0.0,1.0,50.0,38.5,46.0,41,0,1,6.0,18.0,1.0,20180916155148.0,21077.0,3.0,0.2222222222222222
69,44.0,5.0,,,7.5,0.8695652173913043,-7.5,0.8,143.5,0.8695652173913043,143.5,0.8,13.0,,,,5.0,3.0,11.0,13.0,6.0,5.0,3.0,3.0,0.0,1.0,50.0,38.5,46.0,41,0,1,6.0,18.0,1.0,20180916155152.0,11077.0,3.4,0.18181818181818182
70,44.0,5.0,,,6.5,0.8695652173913043,-6.5,0.8,143.5,0.8695652173913043,143.5,0.8,13.0,,,,5.0,3.0,11.0,13.0,6.0,5.0,3.0,3.0,0.0,1.0,50.0,38.5,46.0,41,0,1,6.0,18.0,1.0,20180916155153.0,21077.0,3.0,0.2222222222222222
71,44.0,5.0,,,6.5,0.8695652173913043,-6.5,0.8,142.5,0.8695652173913043,142.5,0.8,13.0,,,,5.0,3.0,11.0,13.0,6.0,5.0,3.0,3.0,0.0,1.0,50.0,38.5,46.0,41,0,1,6.0,1.0,1.0,20180916155159.0,21077.0,3.0,0.2222222222222222
72,44.0,5.0,,,6.5,0.8695652173913043,-6.5,0.8,142.5,0.8,142.5,0.8695652173913043,13.0,,,,5.0,3.0,11.0,13.0,6.0,5.0,3.0,3.0,0.0,1.0,50.0,38.5,46.0,41,0,1,5.0,52.0,1.0,20180916155208.0,21077.0,3.0,0.2222222222222222
73,44.0,5.0,,,6.5,0.8695652173913043,-6.5,0.8,141.5,0.8695652173913043,141.5,0.8,13.0,,,,5.0,3.0,11.0,13.0,6.0,5.0,3.0,3.0,0.0,1.0,50.0,38.5,46.0,41,0,1,5.0,47.0,0.0,20180916155213.0,21077.0,3.0,0.2222222222222222
74,44.0,5.0,,,6.5,0.8695652173913043,-6.5,0.8,141.5,0.8695652173913043,141.5,0.8,13.0,,,,5.0,3.0,11.0,13.0,6.0,5.0,3.0,3.0,0.0,1.0,50.0,38.5,46.0,41,0,1,5.0,47.0,1.0,20180916155232.0,21077.0,3.0,0.2222222222222222
75,44.0,5.0,,,6.5,0.8695652173913043,-6.5,0.8,141.5,0.8695652173913043,141.5,0.8,13.0,,,,5.0,3.0,11.0,13.0,6.0,5.0,3.0,3.0,0.0,1.0,50.0,38.5,46.0,41,0,1,5.0,47.0,1.0,20180916155233.0,21077.0,3.0,0.2222222222222222
76,44.0,5.0,,,6.5,0.8695652173913043,-6.5,0.8,141.5,0.8695652173913043,141.5,0.8,13.0,,,,5.0,3.0,11.0,13.0,6.0,5.0,3.0,3.0,0.0,1.0,50.0,38.5,46.0,41,0,1,5.0,46.0,1.0,20180916155233.0,21077.0,3.0,0.2222222222222222
77,44.0,5.0,,,6.5,0.8695652173913043,-6.5,0.8,141.5,0.8,141.5,0.8695652173913043,13.0,,,,5.0,3.0,11.0,13.0,6.0,5.0,3.0,3.0,0.0,1.0,50.0,38.5,46.0,41,0,1,5.0,37.0,1.0,20180916155241.0,21077.0,3.0,0.2222222222222222
78,44.0,5.0,,,6.5,0.8333333333333334,-6.5,0.8333333333333334,140.5,0.8333333333333334,140.5,0.8333333333333334,13.0,,,,5.0,3.0,11.0,13.0,6.0,5.0,3.0,3.0,0.0,1.0,50.0,38.5,46.0,41,0,1,5.0,29.0,1.0,20180916155250.0,21077.0,3.0,0.2222222222222222
79,44.0,5.0,,,6.5,0.8333333333333334,-6.5,0.8333333333333334,140.5,0.8333333333333334,140.5,0.8333333333333334,13.0,,,,5.0,3.0,11.0,13.0,6.0,5.0,3.0,3.0,0.0,1.0,50.0,38.5,46.0,41,0,1,5.0,27.0,0.0,20180916155252.0,21077.0,3.0,0.2222222222222222
80,44.0,5.0,,,6.5,0.8333333333333334,-6.5,0.8333333333333334,140.5,0.8333333333333334,140.5,0.8333333333333334,13.0,,^,,5.0,3.0,11.0,13.0,6.0,5.0,3.0,3.0,1.0,1.0,50.0,38.5,46.0,41,0,1,5.0,28.0,0.0,20180916155259.0,11086^21077,3.0,0.2222222222222222
81,44.0,5.0,,,6.5,0.8333333333333334,-6.5,0.8333333333333334,141.5,0.8695652173913043,141.5,0.8,13.0,,1:2,,5.0,3.0,11.0,13.0,6.0,5.0,3.0,3.0,1.0,1.0,50.0,38.5,46.0,41,0,1,5.0,28.0,0.0,20180916155300.0,21078.0,2.85,0.23529411764705882
82,44.0,5.0,,,7.5,0.8,-7.5,0.8695652173913043,141.5,0.8,141.5,0.8695652173913043,13.0,,1:2^2:2,,5.0,3.0,11.0,13.0,6.0,5.0,3.0,3.0,1.0,1.0,50.0,35.7,46.0,41,0,1,5.0,28.0,0.0,20180916155348.0,21080^21078,3.25,0.21052631578947367
83,44.0,5.0,,,7.5,0.8333333333333334,-7.5,0.8333333333333334,140.5,0.8333333333333334,140.5,0.8333333333333334,13.0,,2:2^,,5.0,3.0,11.0,13.0,6.0,5.0,3.0,3.0,1.0,1.0,50.0,33.3,46.0,41,0,1,5.0,28.0,1.0,20180916155403.0,21080^11077,3.4,0.18181818181818182
84,44.0,5.0,,,7.5,0.8333333333333334,-7.5,0.8333333333333334,140.5,0.8333333333333334,140.5,0.8333333333333334,13.0,,,,5.0,3.0,11.0,13.0,6.0,5.0,3.0,3.0,1.0,1.0,50.0,33.3,46.0,41,0,1,5.0,28.0,1.0,20180916155404.0,11077.0,3.4,0.18181818181818182
85,44.0,5.0,,,7.5,0.8333333333333334,-7.5,0.8333333333333334,140.5,0.8333333333333334,140.5,0.8333333333333334,13.0,,,,5.0,3.0,11.0,13.0,6.0,5.0,3.0,3.0,1.0,1.0,50.0,33.3,46.0,41,0,1,5.0,27.0,1.0,20180916155404.0,11077.0,3.4,0.18181818181818182
86,44.0,5.0,,,7.5,0.8333333333333334,-7.5,0.8333333333333334,140.5,0.7692307692307693,140.5,0.9090909090909091,13.0,,,,5.0,3.0,11.0,13.0,6.0,5.0,3.0,3.0,1.0,1.0,50.0,33.3,46.0,41,0,1,5.0,19.0,1.0,20180916155412.0,11077.0,3.4,0.18181818181818182
87,44.0,5.0,,,7.5,0.8333333333333334,-7.5,0.8333333333333334,139.5,0.8695652173913043,139.5,0.8,13.0,,,,5.0,3.0,11.0,13.0,6.0,5.0,3.0,3.0,1.0,1.0,50.0,33.3,46.0,41,0,1,5.0,15.0,0.0,20180916155417.0,11077.0,3.4,0.18181818181818182
88,44.0,5.0,,,7.5,0.8333333333333334,-7.5,0.8333333333333334,139.5,0.8695652173913043,139.5,0.8,13.0,,,,5.0,3.0,11.0,13.0,6.0,5.0,3.0,3.0,1.0,1.0,50.0,33.3,46.0,41,0,1,5.0,15.0,1.0,20180916155423.0,11077.0,3.4,0.18181818181818182
89,44.0,5.0,,,6.5,0.8333333333333334,-6.5,0.8333333333333334,139.5,0.8333333333333334,139.5,0.8333333333333334,13.0,,,,5.0,3.0,11.0,13.0,6.0,5.0,3.0,3.0,1.0,1.0,50.0,33.3,46.0,41,0,1,5.0,14.0,1.0,20180916155424.0,21077.0,3.0,0.2222222222222222
90,44.0,5.0,,,6.5,0.8333333333333334,-6.5,0.8333333333333334,139.5,0.8,139.5,0.8695652173913043,13.0,,,,5.0,3.0,11.0,13.0,6.0,5.0,3.0,3.0,1.0,1.0,50.0,33.3,46.0,41,0,1,5.0,5.0,1.0,20180916155432.0,21077.0,3.0,0.2222222222222222
91,44.0,5.0,,,6.5,0.8333333333333334,-6.5,0.8333333333333334,138.5,0.8333333333333334,138.5,0.8333333333333334,13.0,,,,5.0,3.0,11.0,13.0,6.0,5.0,3.0,3.0,1.0,1.0,50.0,33.3,46.0,41,0,1,4.0,59.0,1.0,20180916155439.0,21077.0,3.0,0.2222222222222222
92,44.0,5.0,,,7.5,0.8333333333333334,-7.5,0.8333333333333334,138.5,0.8333333333333334,138.5,0.8333333333333334,13.0,,,,5.0,3.0,11.0,13.0,6.0,5.0,3.0,3.0,1.0,1.0,50.0,33.3,46.0,41,0,1,4.0,55.0,1.0,20180916155443.0,11077.0,3.4,0.18181818181818182
93,44.0,5.0,,,7.5,0.8333333333333334,-7.5,0.8333333333333334,138.5,0.8333333333333334,138.5,0.8333333333333334,13.0,,,,5.0,3.0,11.0,13.0,6.0,5.0,3.0,3.0,1.0,1.0,50.0,33.3,46.0,41,0,1,4.0,51.0,1.0,20180916155443.0,11077.0,3.4,0.18181818181818182
94,44.0,5.0,,,7.5,0.8333333333333334,-7.5,0.8333333333333334,137.5,0.8695652173913043,137.5,0.8,13.0,,,,5.0,3.0,11.0,13.0,6.0,5.0,3.0,3.0,1.0,1.0,50.0,33.3,46.0,41,0,1,4.0,43.0,1.0,20180916155455.0,11077.0,3.4,0.18181818181818182
95,44.0,5.0,,,7.5,0.8333333333333334,-7.5,0.8333333333333334,137.5,0.8333333333333334,137.5,0.8333333333333334,13.0,,,,5.0,3.0,11.0,13.0,6.0,5.0,3.0,3.0,1.0,1.0,50.0,33.3,46.0,41,0,1,4.0,39.0,1.0,20180916155459.0,11077.0,3.4,0.18181818181818182
96,44.0,5.0,,,5.5,0.8695652173913043,-5.5,0.8,139.5,0.8333333333333334,139.5,0.8333333333333334,13.0,,^,,5.0,3.0,11.0,14.0,6.0,5.0,3.0,3.0,1.0,1.0,50.0,33.3,46.0,43,0,1,4.0,34.0,1.0,20180916155504.0,21074^11077,2.65,0.26666666666666666
97,44.0,5.0,,,5.5,0.8695652173913043,-5.5,0.8,139.5,0.8333333333333334,139.5,0.8333333333333334,13.0,,,,5.0,3.0,11.0,14.0,6.0,5.0,3.0,3.0,1.0,1.0,50.0,33.3,46.0,43,0,1,4.0,33.0,1.0,20180916155504.0,11077.0,2.65,0.26666666666666666
98,44.0,5.0,,,5.5,0.8695652173913043,-5.5,0.8,138.5,0.8695652173913043,138.5,0.8,13.0,,,,5.0,3.0,11.0,14.0,6.0,5.0,3.0,3.0,1.0,1.0,50.0,33.3,46.0,43,0,1,4.0,24.0,1.0,20180916155513.0,11077.0,2.65,0.26666666666666666
99,44.0,5.0,,,5.5,0.8695652173913043,-5.5,0.8,138.5,0.8333333333333334,138.5,0.8333333333333334,13.0,,,,5.0,3.0,11.0,14.0,6.0,5.0,3.0,3.0,1.0,1.0,50.0,33.3,46.0,43,0,1,4.0,16.0,1.0,20180916155521.0,11077.0,2.65,0.26666666666666666
100,44.0,5.0,,,5.5,0.8695652173913043,-5.5,0.8,138.5,0.8,138.5,0.8695652173913043,13.0,,,,5.0,3.0,11.0,14.0,6.0,5.0,3.0,3.0,1.0,1.0,50.0,33.3,46.0,43,0,1,4.0,15.0,1.0,20180916155523.0,11077.0,2.65,0.26666666666666666
101,44.0,5.0,,,4.5,0.8695652173913043,-4.5,0.8,138.5,0.8,138.5,0.8695652173913043,13.0,,,,5.0,3.0,11.0,14.0,6.0,5.0,3.0,3.0,1.0,1.0,50.0,33.3,46.0,43,0,1,4.0,12.0,1.0,20180916155526.0,21077.0,2.25,0.3333333333333333
102,44.0,5.0,,,4.5,0.8695652173913043,-4.5,0.8,137.5,0.8333333333333334,137.5,0.8333333333333334,13.0,,,,5.0,3.0,11.0,14.0,6.0,5.0,3.0,3.0,1.0,1.0,50.0,33.3,46.0,43,0,1,4.0,3.0,1.0,20180916155534.0,21077.0,2.25,0.3333333333333333
103,44.0,5.0,,,4.5,0.8695652173913043,-4.5,0.8,137.5,0.8333333333333334,137.5,0.8333333333333334,13.0,,,,5.0,3.0,11.0,14.0,6.0,5.0,3.0,3.0,1.0,1.0,50.0,33.3,46.0,43,0,1,4.0,2.0,1.0,20180916155535.0,21077.0,2.25,0.3333333333333333
104,44.0,5.0,,,5.5,0.8695652173913043,-5.5,0.8,137.5,0.8,137.5,0.8695652173913043,13.0,,,,5.0,3.0,11.0,14.0,6.0,5.0,3.0,3.0,1.0,1.0,50.0,33.3,46.0,43,0,1,3.0,59.0,1.0,20180916155539.0,11077.0,2.65,0.26666666666666666
105,44.0,5.0,,,5.5,0.8695652173913043,-5.5,0.8,137.5,0.7692307692307693,137.5,0.9090909090909091,13.0,,,,5.0,3.0,11.0,14.0,6.0,5.0,3.0,3.0,1.0,1.0,50.0,33.3,46.0,43,0,1,3.0,55.0,0.0,20180916155543.0,11077.0,2.65,0.26666666666666666
106,44.0,5.0,,,4.5,0.8695652173913043,-4.5,0.8,137.5,0.7692307692307693,137.5,0.9090909090909091,13.0,,^,,5.0,3.0,11.0,14.0,6.0,5.0,3.0,3.0,2.0,1.0,50.0,33.3,46.0,43,0,1,3.0,55.0,0.0,20180916155602.0,11086^21077,2.25,0.3333333333333333
107,44.0,5.0,,,4.5,0.8333333333333334,-4.5,0.8333333333333334,138.5,0.8,138.5,0.8695652173913043,13.0,,1:2,,5.0,3.0,11.0,14.0,6.0,5.0,3.0,3.0,2.0,1.0,50.0,33.3,46.0,43,0,1,3.0,55.0,0.0,20180916155603.0,21078.0,2.05,0.35714285714285715
108,44.0,5.0,,,5.5,0.8,-5.5,0.8695652173913043,137.5,0.8333333333333334,137.5,0.8333333333333334,13.0,,1:2^2:2,,5.0,3.0,11.0,14.0,6.0,5.0,3.0,3.0,2.0,1.0,50.0,31.2,46.0,43,0,1,3.0,55.0,0.0,20180916155624.0,21080^21078,2.4,0.30303030303030304
109,44.0,5.0,,,4.5,0.8695652173913043,-4.5,0.8,138.5,0.8,138.5,0.8695652173913043,13.0,,2:2^,,5.0,3.0,11.0,14.0,6.0,6.0,3.0,3.0,2.0,1.0,50.0,35.3,46.0,44,0,1,3.0,55.0,0.0,20180916155637.0,21079^11077,2.25,0.3333333333333333
110,44.0,5.0,,,4.5,0.8695652173913043,-4.5,0.8,138.5,0.8,138.5,0.8695652173913043,13.0,,2:2^,,5.0,3.0,11.0,14.0,6.0,6.0,3.0,3.0,2.0,1.0,50.0,35.3,46.0,44,0,1,3.0,55.0,1.0,20180916155700.0,21079^11077,2.25,0.3333333333333333
111,44.0,5.0,,,4.5,0.8695652173913043,-4.5,0.8,138.5,0.8,138.5,0.8695652173913043,13.0,,2:2^,,5.0,3.0,11.0,14.0,6.0,6.0,3.0,3.0,2.0,1.0,50.0,35.3,46.0,44,0,1,3.0,54.0,1.0,20180916155701.0,21079^11077,2.25,0.3333333333333333
112,44.0,5.0,,,4.5,0.8695652173913043,-4.5,0.8,138.5,0.7692307692307693,138.5,0.9090909090909091,13.0,,,,5.0,3.0,11.0,14.0,6.0,6.0,3.0,3.0,2.0,1.0,50.0,35.3,46.0,44,0,1,3.0,53.0,1.0,20180916155702.0,11077.0,2.25,0.3333333333333333
113,44.0,5.0,,,4.5,0.8695652173913043,-4.5,0.8,137.5,0.8695652173913043,137.5,0.8,13.0,,,,5.0,3.0,11.0,14.0,6.0,6.0,3.0,3.0,2.0,1.0,50.0,35.3,46.0,44,0,1,3.0,50.0,0.0,20180916155704.0,11077.0,2.25,0.3333333333333333
114,44.0,5.0,,,4.5,0.8695652173913043,-4.5,0.8,137.5,0.8695652173913043,137.5,0.8,13.0,,,,5.0,3.0,11.0,14.0,6.0,6.0,3.0,3.0,2.0,1.0,50.0,35.3,46.0,44,0,1,3.0,50.0,0.0,20180916155705.0,11077.0,2.25,0.3333333333333333
115,44.0,5.0,,,4.5,0.8695652173913043,-4.5,0.8,137.5,0.8695652173913043,137.5,0.8,13.0,,,,5.0,3.0,11.0,14.0,6.0,6.0,3.0,3.0,2.0,1.0,50.0,35.3,46.0,44,0,1,3.0,50.0,0.0,20180916155717.0,11077.0,2.25,0.3333333333333333
116,44.0,5.0,,,4.5,0.8695652173913043,-4.5,0.8,137.5,0.8695652173913043,137.5,0.8,13.0,,,,5.0,3.0,11.0,14.0,6.0,6.0,3.0,3.0,2.0,1.0,50.0,35.3,46.0,44,0,1,3.0,50.0,0.0,20180916155719.0,11077.0,2.25,0.3333333333333333
117,44.0,5.0,,,4.5,0.8695652173913043,-4.5,0.8,137.5,0.8695652173913043,137.5,0.8,13.0,,,,5.0,3.0,11.0,14.0,6.0,6.0,3.0,3.0,2.0,1.0,50.0,35.3,46.0,44,0,1,3.0,50.0,0.0,20180916155719.0,11077.0,2.25,0.3333333333333333
118,44.0,5.0,,,4.5,0.8695652173913043,-4.5,0.8,137.5,0.8695652173913043,137.5,0.8,13.0,,,,5.0,3.0,11.0,14.0,6.0,6.0,3.0,3.0,2.0,1.0,50.0,35.3,46.0,44,0,1,3.0,50.0,0.0,20180916155723.0,11077.0,2.25,0.3333333333333333
119,44.0,5.0,,,5.5,0.8333333333333334,-5.5,0.8333333333333334,139.5,0.8333333333333334,139.5,0.8333333333333334,13.0,,^,,6.0,3.0,12.0,14.0,6.0,6.0,3.0,3.0,2.0,1.0,50.0,35.3,48.0,44,0,1,3.0,43.0,0.0,20180916155730.0,11074^21077,2.65,0.26666666666666666
120,44.0,5.0,,,5.5,0.8333333333333334,-5.5,0.8333333333333334,139.5,0.8333333333333334,139.5,0.8333333333333334,13.0,,,,6.0,3.0,12.0,14.0,6.0,6.0,3.0,3.0,2.0,1.0,50.0,35.3,48.0,44,0,1,3.0,42.0,0.0,20180916155731.0,21077.0,2.65,0.26666666666666666
121,44.0,5.0,,,5.5,0.8333333333333334,-5.5,0.8333333333333334,139.5,0.7692307692307693,139.5,0.9090909090909091,13.0,,,,6.0,3.0,12.0,14.0,6.0,6.0,3.0,3.0,2.0,1.0,50.0,35.3,48.0,44,0,1,3.0,33.0,0.0,20180916155740.0,21077.0,2.65,0.26666666666666666
122,44.0,5.0,,,5.5,0.8333333333333334,-5.5,0.8333333333333334,138.5,0.8333333333333334,138.5,0.8333333333333334,13.0,,,,6.0,3.0,12.0,14.0,6.0,6.0,3.0,3.0,2.0,1.0,50.0,35.3,48.0,44,0,1,3.0,26.0,0.0,20180916155747.0,21077.0,2.65,0.26666666666666666
123,44.0,5.0,,,6.5,0.8333333333333334,-6.5,0.8333333333333334,138.5,0.8333333333333334,138.5,0.8333333333333334,13.0,,^,,6.0,3.0,12.0,14.0,6.0,6.0,3.0,3.0,2.0,3.0,50.0,35.3,48.0,44,0,1,3.0,27.0,0.0,20180916155750.0,21086^11077,3.0,0.2222222222222222
124,44.0,5.0,,,6.5,0.8333333333333334,-6.5,0.8333333333333334,138.5,0.8333333333333334,138.5,0.8333333333333334,13.0,,^,,6.0,3.0,12.0,14.0,6.0,6.0,3.0,3.0,2.0,3.0,50.0,35.3,48.0,44,0,1,3.0,27.0,0.0,20180916155751.0,21086^11077,3.0,0.2222222222222222
125,44.0,5.0,,,6.5,0.8,-6.5,0.8695652173913043,139.5,0.8,139.5,0.8695652173913043,13.0,,1:1,,6.0,3.0,12.0,14.0,6.0,6.0,3.0,3.0,2.0,3.0,50.0,35.3,48.0,44,0,1,3.0,27.0,0.0,20180916155752.0,11078.0,2.85,0.23529411764705882
126,44.0,5.0,,,5.5,0.8333333333333334,-5.5,0.8333333333333334,138.5,0.8333333333333334,138.5,0.8333333333333334,13.0,,1:1^,,6.0,3.0,12.0,14.0,6.0,6.0,3.0,3.0,2.0,3.0,46.2,35.3,48.0,44,0,1,3.0,27.0,1.0,20180916155758.0,11080^21077,2.65,0.26666666666666666
127,44.0,5.0,,,5.5,0.8333333333333334,-5.5,0.8333333333333334,138.5,0.8333333333333334,138.5,0.8333333333333334,13.0,,,,6.0,3.0,12.0,14.0,6.0,6.0,3.0,3.0,2.0,3.0,46.2,35.3,48.0,44,0,1,3.0,27.0,1.0,20180916155759.0,21077.0,2.65,0.26666666666666666
128,44.0,5.0,,,5.5,0.8333333333333334,-5.5,0.8333333333333334,138.5,0.8333333333333334,138.5,0.8333333333333334,13.0,,,,6.0,3.0,12.0,14.0,6.0,6.0,3.0,3.0,2.0,3.0,46.2,35.3,48.0,44,0,1,3.0,26.0,1.0,20180916155759.0,21077.0,2.65,0.26666666666666666
129,44.0,5.0,,,5.5,0.8333333333333334,-5.5,0.8333333333333334,138.5,0.8,138.5,0.8695652173913043,13.0,,,,6.0,3.0,12.0,14.0,6.0,6.0,3.0,3.0,2.0,3.0,46.2,35.3,48.0,44,0,1,3.0,18.0,1.0,20180916155807.0,21077.0,2.65,0.26666666666666666
130,44.0,5.0,,,5.5,0.8333333333333334,-5.5,0.8333333333333334,138.5,0.7692307692307693,138.5,0.9090909090909091,13.0,,,,6.0,3.0,12.0,14.0,6.0,6.0,3.0,3.0,2.0,3.0,46.2,35.3,48.0,44,0,1,3.0,18.0,1.0,20180916155808.0,21077.0,2.65,0.26666666666666666
131,44.0,5.0,,,4.5,0.8695652173913043,-4.5,0.8,140.5,0.8,140.5,0.8695652173913043,13.0,,^,,6.0,3.0,12.0,15.0,6.0,6.0,3.0,3.0,2.0,3.0,46.2,35.3,48.0,46,0,1,3.0,17.0,1.0,20180916155809.0,21074^11077,2.25,0.3333333333333333
132,44.0,5.0,,,4.5,0.8695652173913043,-4.5,0.8,139.5,0.8695652173913043,139.5,0.8,13.0,,,,6.0,3.0,12.0,15.0,6.0,6.0,3.0,3.0,2.0,3.0,46.2,35.3,48.0,46,0,1,3.0,8.0,1.0,20180916155817.0,11077.0,2.25,0.3333333333333333
133,44.0,5.0,,,3.5,0.8695652173913043,-3.5,0.8,139.5,0.8695652173913043,139.5,0.8,13.0,,,,6.0,3.0,12.0,15.0,6.0,6.0,3.0,3.0,2.0,3.0,46.2,35.3,48.0,46,0,1,3.0,10.0,1.0,20180916155822.0,21077.0,1.75,0.4
134,44.0,5.0,,,3.5,0.8695652173913043,-3.5,0.8,139.5,0.8333333333333334,139.5,0.8333333333333334,13.0,,,,6.0,3.0,12.0,15.0,6.0,6.0,3.0,3.0,2.0,3.0,46.2,35.3,48.0,46,0,1,3.0,1.0,1.0,20180916155830.0,21077.0,1.75,0.4
135,44.0,5.0,,,3.5,0.8695652173913043,-3.5,0.8,138.5,0.8695652173913043,138.5,0.8,13.0,,,,6.0,3.0,12.0,15.0,6.0,6.0,3.0,3.0,2.0,3.0,46.2,35.3,48.0,46,0,1,2.0,53.0,1.0,20180916155838.0,21077.0,1.75,0.4
136,44.0,5.0,,,4.5,0.8695652173913043,-4.5,0.8,139.5,0.8,139.5,0.8695652173913043,13.0,,,,6.0,3.0,12.0,15.0,6.0,6.0,3.0,3.0,2.0,3.0,46.2,35.3,48.0,46,0,1,2.0,59.0,1.0,20180916155840.0,11077.0,2.25,0.3333333333333333
137,44.0,5.0,,,5.5,0.8333333333333334,-4.5,0.8,139.5,0.8,139.5,0.8695652173913043,12.0,,^,,6.0,3.0,13.0,15.0,6.0,6.0,3.0,3.0,2.0,3.0,46.2,35.3,50.0,46,0,1,2.0,56.0,1.0,20180916155844.0,11074^21077,2.25,0.3333333333333333
138,44.0,5.0,,,5.5,0.8333333333333334,-4.5,0.8,140.5,0.8333333333333334,140.5,0.8333333333333334,12.0,,,,6.0,3.0,13.0,15.0,6.0,6.0,3.0,3.0,2.0,3.0,46.2,35.3,50.0,46,0,1,2.0,47.0,1.0,20180916155852.0,21077.0,2.25,0.3333333333333333
139,44.0,5.0,,,5.5,0.8333333333333334,-4.5,0.8,140.5,0.8,140.5,0.8695652173913043,12.0,,,,6.0,3.0,13.0,15.0,6.0,6.0,3.0,3.0,2.0,3.0,46.2,35.3,50.0,46,0,1,2.0,39.0,1.0,20180916155901.0,21077.0,2.25,0.3333333333333333
140,44.0,5.0,,,5.5,0.8333333333333334,-4.5,0.8,140.5,0.8,140.5,0.8695652173913043,12.0,,,,6.0,3.0,13.0,15.0,6.0,6.0,3.0,3.0,2.0,3.0,46.2,35.3,50.0,46,0,1,2.0,30.0,1.0,20180916155901.0,21077.0,2.25,0.3333333333333333
141,44.0,5.0,,,5.5,0.8333333333333334,-4.5,0.8,140.5,0.8,140.5,0.8695652173913043,12.0,,,,6.0,3.0,13.0,15.0,6.0,6.0,3.0,3.0,2.0,3.0,46.2,35.3,50.0,46,0,1,2.0,30.0,0.0,20180916155901.0,21077.0,2.25,0.3333333333333333
142,44.0,5.0,,,5.5,0.8333333333333334,-4.5,0.8,140.5,0.8,140.5,0.8695652173913043,12.0,,,,6.0,3.0,13.0,15.0,6.0,6.0,3.0,3.0,2.0,3.0,46.2,35.3,50.0,46,0,1,2.0,30.0,0.0,20180916155910.0,21077.0,2.25,0.3333333333333333
143,44.0,5.0,,,5.5,0.8333333333333334,-4.5,0.8,140.5,0.8,140.5,0.8695652173913043,12.0,,,,6.0,3.0,13.0,15.0,6.0,6.0,3.0,3.0,2.0,3.0,46.2,35.3,50.0,46,0,1,2.0,30.0,1.0,20180916155938.0,21077.0,2.25,0.3333333333333333
144,44.0,5.0,,,5.5,0.8333333333333334,-4.5,0.8,140.5,0.8,140.5,0.8695652173913043,12.0,,,,6.0,3.0,13.0,15.0,6.0,6.0,3.0,3.0,2.0,3.0,46.2,35.3,50.0,46,0,1,2.0,30.0,1.0,20180916155939.0,21077.0,2.25,0.3333333333333333
145,44.0,5.0,,,5.5,0.8333333333333334,-5.5,0.8,140.5,0.8,140.5,0.8695652173913043,12.0,,,,6.0,3.0,13.0,15.0,6.0,6.0,3.0,3.0,2.0,3.0,46.2,35.3,50.0,46,0,1,2.0,26.0,1.0,20180916155943.0,21077.0,2.65,0.26666666666666666
146,44.0,5.0,,,5.5,0.8333333333333334,-5.5,0.8,138.5,0.9090909090909091,138.5,0.7692307692307693,12.0,,,,6.0,3.0,13.0,15.0,6.0,6.0,3.0,3.0,2.0,3.0,46.2,35.3,50.0,46,0,1,2.0,21.0,1.0,20180916155948.0,21077.0,2.65,0.26666666666666666
147,44.0,5.0,,,5.5,0.8333333333333334,-5.5,0.8,138.5,0.8333333333333334,138.5,0.8333333333333334,12.0,,,,6.0,3.0,13.0,15.0,6.0,6.0,3.0,3.0,2.0,3.0,46.2,35.3,50.0,46,0,1,2.0,15.0,1.0,20180916155954.0,21077.0,2.65,0.26666666666666666
148,44.0,5.0,,,5.5,0.8333333333333334,-5.5,0.8,138.5,0.8333333333333334,138.5,0.8333333333333334,12.0,,,,6.0,3.0,13.0,15.0,6.0,6.0,3.0,3.0,2.0,3.0,46.2,35.3,50.0,46,0,1,2.0,14.0,1.0,20180916155955.0,21077.0,2.65,0.26666666666666666
149,44.0,5.0,,,5.5,0.8333333333333334,-5.5,0.8,138.5,0.8,138.5,0.8695652173913043,11.0,,,,6.0,3.0,13.0,15.0,6.0,6.0,3.0,3.0,2.0,3.0,46.2,35.3,50.0,46,0,1,2.0,9.0,0.0,20180916160000.0,21077.0,2.65,0.26666666666666666
150,44.0,5.0,,,5.5,0.8333333333333334,-5.5,0.8,138.5,0.8,138.5,0.8695652173913043,11.0,,,,6.0,3.0,13.0,15.0,6.0,6.0,3.0,3.0,2.0,3.0,46.2,35.3,50.0,46,0,1,2.0,9.0,0.0,20180916160017.0,21077.0,2.65,0.26666666666666666
151,44.0,5.0,,,6.5,0.8333333333333334,-6.5,0.8,138.5,0.7692307692307693,138.5,0.9090909090909091,12.0,,,,6.0,3.0,13.0,15.0,6.0,6.0,3.0,3.0,2.0,3.0,46.2,35.3,50.0,46,0,1,2.0,8.0,0.0,20180916160017.0,11077.0,3.25,0.21052631578947367
152,44.0,5.0,,,6.5,0.8333333333333334,-6.5,0.8,137.5,0.8333333333333334,137.5,0.8333333333333334,7.0,,,,6.0,3.0,13.0,15.0,6.0,6.0,3.0,3.0,2.0,3.0,46.2,35.3,50.0,46,0,1,1.0,59.0,0.0,20180916160025.0,11077.0,3.25,0.21052631578947367
153,44.0,5.0,,,6.5,0.8333333333333334,-6.5,0.8,137.5,0.8333333333333334,137.5,0.8333333333333334,7.0,,,,6.0,3.0,13.0,15.0,6.0,6.0,3.0,3.0,2.0,3.0,46.2,35.3,50.0,46,0,1,1.0,59.0,0.0,20180916160028.0,11077.0,3.25,0.21052631578947367
154,44.0,5.0,,,6.5,0.8333333333333334,-6.5,0.8,137.5,0.8333333333333334,137.5,0.8333333333333334,7.0,,^,1.0,6.0,3.0,13.0,15.0,6.0,6.0,3.0,3.0,2.0,4.0,46.2,35.3,50.0,46,0,1,1.0,58.0,0.0,20180916160048.0,21086^11077,3.25,0.21052631578947367
155,44.0,5.0,,,6.5,0.8333333333333334,-6.5,0.8,138.5,0.8333333333333334,138.5,0.8333333333333334,7.0,,1:2,1.0,6.0,3.0,13.0,15.0,6.0,6.0,3.0,3.0,2.0,4.0,46.2,35.3,50.0,46,0,1,1.0,58.0,0.0,20180916160056.0,11078.0,3.3,0.2
156,44.0,5.0,,,5.5,0.9090909090909091,-5.5,0.7692307692307693,138.5,0.7692307692307693,138.5,0.9090909090909091,7.0,,1:2^2:2,1.0,6.0,3.0,13.0,15.0,6.0,6.0,3.0,3.0,2.0,4.0,42.9,35.3,50.0,46,0,1,1.0,58.0,0.0,20180916160110.0,11080^11078,2.85,0.23529411764705882
157,44.0,5.0,,,5.5,0.8333333333333334,-5.5,0.8333333333333334,137.5,0.8333333333333334,137.5,0.8333333333333334,7.0,,2:2^,1.0,6.0,3.0,13.0,15.0,6.0,6.0,3.0,3.0,2.0,4.0,40.0,35.3,50.0,46,0,1,1.0,58.0,1.0,20180916160112.0,11080^21077,2.65,0.26666666666666666
158,44.0,5.0,,,5.5,0.8333333333333334,-5.5,0.8333333333333334,137.5,0.8333333333333334,137.5,0.8333333333333334,7.0,,2:2^,1.0,6.0,3.0,13.0,15.0,6.0,6.0,3.0,3.0,2.0,4.0,40.0,35.3,50.0,46,0,1,1.0,54.0,1.0,20180916160112.0,11080^21077,2.65,0.26666666666666666
159,44.0,5.0,,,5.5,0.8333333333333334,-5.5,0.8333333333333334,137.5,0.8333333333333334,137.5,0.8333333333333334,7.0,,,1.0,6.0,3.0,13.0,15.0,6.0,6.0,3.0,3.0,2.0,4.0,40.0,35.3,50.0,46,0,1,1.0,58.0,1.0,20180916160116.0,21077.0,2.65,0.26666666666666666
160,44.0,5.0,,,5.5,0.8333333333333334,-5.5,0.8333333333333334,137.5,0.8333333333333334,137.5,0.8333333333333334,7.0,,,1.0,6.0,3.0,13.0,15.0,6.0,6.0,3.0,3.0,2.0,4.0,40.0,35.3,50.0,46,0,1,1.0,55.0,1.0,20180916160118.0,21077.0,2.65,0.26666666666666666
161,44.0,5.0,,,5.5,0.8333333333333334,-5.5,0.8333333333333334,137.5,0.7692307692307693,137.5,0.9090909090909091,7.0,,,1.0,6.0,3.0,13.0,15.0,6.0,6.0,3.0,3.0,2.0,4.0,40.0,35.3,50.0,46,0,1,1.0,50.0,1.0,20180916160123.0,21077.0,2.65,0.26666666666666666
162,44.0,5.0,,,5.5,0.8333333333333334,-5.5,0.8333333333333334,136.5,0.8333333333333334,136.5,0.8333333333333334,7.0,,,1.0,6.0,3.0,13.0,15.0,6.0,6.0,3.0,3.0,2.0,4.0,40.0,35.3,50.0,46,0,1,1.0,42.0,0.0,20180916160130.0,21077.0,2.65,0.26666666666666666
163,44.0,5.0,,,5.5,0.8333333333333334,-5.5,0.8333333333333334,136.5,0.8333333333333334,136.5,0.8333333333333334,7.0,,,1.0,6.0,3.0,13.0,15.0,6.0,6.0,3.0,3.0,2.0,4.0,40.0,35.3,50.0,46,0,1,1.0,42.0,0.0,20180916160131.0,21077.0,2.65,0.26666666666666666
164,44.0,5.0,,,5.5,0.8333333333333334,-5.5,0.8333333333333334,136.5,0.8333333333333334,136.5,0.8333333333333334,7.0,,^,1.0,6.0,3.0,13.0,15.0,6.0,6.0,3.0,3.0,3.0,4.0,40.0,35.3,50.0,46,0,1,1.0,43.0,0.0,20180916160142.0,11086^21077,2.65,0.26666666666666666
165,44.0,5.0,,,5.5,0.8333333333333334,-5.5,0.8333333333333334,136.5,0.8333333333333334,136.5,0.8333333333333334,7.0,,^,1.0,6.0,3.0,13.0,15.0,6.0,6.0,3.0,3.0,3.0,4.0,40.0,35.3,50.0,46,0,1,1.0,43.0,0.0,20180916160143.0,11086^21077,2.65,0.26666666666666666
166,44.0,5.0,,,5.5,0.7692307692307693,-5.5,0.9090909090909091,137.5,0.8695652173913043,137.5,0.8,7.0,,1:2,1.0,6.0,3.0,13.0,15.0,6.0,6.0,3.0,3.0,3.0,4.0,40.0,35.3,50.0,46,0,1,1.0,43.0,0.0,20180916160146.0,21078.0,2.5,0.2857142857142857
167,44.0,5.0,,,5.5,0.8333333333333334,-5.5,0.8333333333333334,137.5,0.8,137.5,0.8695652173913043,7.0,,1:2^2:2,1.0,6.0,3.0,13.0,15.0,6.0,6.0,3.0,3.0,3.0,4.0,40.0,33.3,50.0,46,0,1,1.0,43.0,0.0,20180916160336.0,21080^21078,2.75,0.25
168,44.0,5.0,,,5.5,0.8333333333333334,-5.5,0.8333333333333334,137.5,0.8333333333333334,137.5,0.8333333333333334,7.0,,2:2^,1.0,6.0,3.0,13.0,15.0,6.0,7.0,3.0,3.0,3.0,4.0,40.0,36.8,50.0,47,0,1,1.0,43.0,0.0,20180916160425.0,21079^11077,2.65,0.26666666666666666
169,44.0,5.0,,,5.5,0.8333333333333334,-5.5,0.8333333333333334,137.5,0.8333333333333334,137.5,0.8333333333333334,7.0,,2:2^,1.0,6.0,3.0,13.0,15.0,6.0,7.0,3.0,3.0,3.0,4.0,40.0,36.8,50.0,47,0,1,1.0,43.0,0.0,20180916160438.0,21079^11077,2.65,0.26666666666666666
170,44.0,5.0,,,5.5,0.8333333333333334,-5.5,0.8333333333333334,137.5,0.8333333333333334,137.5,0.8333333333333334,7.0,,2:2^,1.0,6.0,3.0,13.0,15.0,6.0,7.0,3.0,3.0,3.0,4.0,40.0,36.8,50.0,47,0,1,1.0,43.0,1.0,20180916160452.0,21079^11077,2.65,0.26666666666666666
171,44.0,5.0,,,5.5,0.8333333333333334,-5.5,0.8333333333333334,137.5,0.8333333333333334,137.5,0.8333333333333334,7.0,,2:2^,1.0,6.0,3.0,13.0,15.0,6.0,7.0,3.0,3.0,3.0,4.0,40.0,36.8,50.0,47,0,1,1.0,42.0,1.0,20180916160452.0,21079^11077,2.65,0.26666666666666666
172,44.0,5.0,,,5.5,0.8333333333333334,-5.5,0.8333333333333334,137.5,0.8333333333333334,137.5,0.8333333333333334,7.0,,,1.0,6.0,3.0,13.0,15.0,6.0,7.0,3.0,3.0,3.0,4.0,40.0,36.8,50.0,47,0,1,1.0,42.0,1.0,20180916160453.0,11077.0,2.65,0.26666666666666666
173,44.0,5.0,,,4.5,0.8333333333333334,-4.5,0.8333333333333334,137.5,0.8333333333333334,137.5,0.8333333333333334,7.0,,,1.0,6.0,3.0,13.0,15.0,6.0,7.0,3.0,3.0,3.0,4.0,40.0,36.8,50.0,47,0,1,1.0,38.0,1.0,20180916160457.0,21077.0,2.25,0.3333333333333333
174,44.0,5.0,,,4.5,0.8333333333333334,-4.5,0.8333333333333334,136.5,0.9090909090909091,136.5,0.7692307692307693,7.0,,,1.0,6.0,3.0,13.0,15.0,6.0,7.0,3.0,3.0,3.0,4.0,40.0,36.8,50.0,47,0,1,1.0,31.0,1.0,20180916160503.0,21077.0,2.25,0.3333333333333333
175,44.0,5.0,,,4.5,0.8333333333333334,-4.5,0.8333333333333334,136.5,0.8333333333333334,136.5,0.8333333333333334,7.0,,,1.0,6.0,3.0,13.0,15.0,6.0,7.0,3.0,3.0,3.0,4.0,40.0,36.8,50.0,47,0,1,1.0,25.0,1.0,20180916160508.0,21077.0,2.25,0.3333333333333333
176,44.0,5.0,,,5.5,0.8333333333333334,-5.5,0.8333333333333334,136.5,0.8,136.5,0.8695652173913043,7.0,,,1.0,6.0,3.0,13.0,15.0,6.0,7.0,3.0,3.0,3.0,4.0,40.0,36.8,50.0,47,0,1,1.0,19.0,1.0,20180916160515.0,11077.0,2.75,0.25
177,44.0,5.0,,,5.5,0.8333333333333334,-5.5,0.8333333333333334,135.5,0.8695652173913043,135.5,0.8,7.0,,,1.0,6.0,3.0,13.0,15.0,6.0,7.0,3.0,3.0,3.0,4.0,40.0,36.8,50.0,47,0,1,1.0,14.0,1.0,20180916160519.0,11077.0,2.75,0.25
178,44.0,5.0,,,5.5,0.8333333333333334,-5.5,0.8333333333333334,135.5,0.8333333333333334,135.5,0.8333333333333334,7.0,,,1.0,6.0,3.0,13.0,15.0,6.0,7.0,3.0,3.0,3.0,4.0,40.0,36.8,50.0,47,0,1,1.0,9.0,1.0,20180916160525.0,11077.0,2.75,0.25
179,44.0,5.0,,,5.5,0.8333333333333334,-5.5,0.8333333333333334,135.5,0.8333333333333334,135.5,0.8333333333333334,7.0,,,1.0,6.0,3.0,13.0,15.0,6.0,7.0,3.0,3.0,3.0,4.0,40.0,36.8,50.0,47,0,1,1.0,7.0,0.0,20180916160526.0,11077.0,2.75,0.25
180,44.0,5.0,,,5.5,0.8333333333333334,-5.5,0.8333333333333334,135.5,0.8333333333333334,135.5,0.8333333333333334,7.0,,^,1.0,6.0,3.0,13.0,15.0,6.0,7.0,3.0,3.0,3.0,5.0,40.0,36.8,50.0,47,0,1,1.0,7.0,0.0,20180916160540.0,21086^11077,2.75,0.25
181,44.0,5.0,,,5.5,0.8333333333333334,-5.5,0.8333333333333334,136.5,0.8333333333333334,136.5,0.8333333333333334,7.0,,1:2,1.0,6.0,3.0,13.0,15.0,6.0,7.0,3.0,3.0,3.0,5.0,40.0,36.8,50.0,47,0,1,1.0,7.0,0.0,20180916160543.0,11078.0,2.75,0.25
182,44.0,5.0,,,5.5,0.8695652173913043,-5.5,0.8,137.5,0.8,137.5,0.8695652173913043,7.0,,1:2^2:2,1.0,6.0,3.0,13.0,15.0,7.0,7.0,3.0,3.0,3.0,5.0,43.8,36.8,51.0,47,0,1,1.0,7.0,0.0,20180916160555.0,11079^11078,3.0,0.2222222222222222
183,44.0,5.0,,,6.5,0.8,-6.5,0.8695652173913043,137.5,0.8333333333333334,137.5,0.8333333333333334,7.0,,1:2^2:2,1.0,6.0,3.0,13.0,15.0,7.0,7.0,3.0,3.0,3.0,5.0,43.8,36.8,52.0,47,0,1,1.0,7.0,0.0,20180916160614.0,11079^11078,3.25,0.21052631578947367
184,44.0,5.0,,,6.5,0.8,-6.5,0.8695652173913043,137.5,0.8333333333333334,137.5,0.8333333333333334,7.0,,2:2^,1.0,6.0,3.0,13.0,15.0,8.0,7.0,3.0,3.0,3.0,5.0,47.1,36.8,52.0,47,0,1,1.0,7.0,1.0,20180916160619.0,11079^21077,3.25,0.21052631578947367
185,44.0,5.0,,,6.5,0.8,-6.5,0.8695652173913043,137.5,0.8333333333333334,137.5,0.8333333333333334,7.0,,2:2^,1.0,6.0,3.0,13.0,15.0,8.0,7.0,3.0,3.0,3.0,5.0,47.1,36.8,52.0,47,0,1,1.0,6.0,1.0,20180916160619.0,11079^21077,3.25,0.21052631578947367
186,44.0,5.0,,,6.5,0.8,-6.5,0.8695652173913043,137.5,0.8333333333333334,137.5,0.8333333333333334,7.0,,,1.0,6.0,3.0,13.0,15.0,8.0,7.0,3.0,3.0,3.0,5.0,47.1,36.8,52.0,47,0,1,1.0,6.0,1.0,20180916160620.0,21077.0,3.25,0.21052631578947367
187,44.0,5.0,,,6.5,0.7692307692307693,-6.5,0.9090909090909091,136.5,0.8695652173913043,136.5,0.8,7.0,,,1.0,6.0,3.0,13.0,15.0,8.0,7.0,3.0,3.0,3.0,5.0,47.1,36.8,52.0,47,0,1,0.0,54.0,1.0,20180916160624.0,21077.0,3.25,0.21052631578947367
188,44.0,5.0,,,6.5,0.7692307692307693,-6.5,0.9090909090909091,136.5,0.8333333333333334,136.5,0.8333333333333334,7.0,,,1.0,6.0,3.0,13.0,15.0,8.0,7.0,3.0,3.0,3.0,5.0,47.1,36.8,52.0,47,0,1,0.0,45.0,1.0,20180916160632.0,21077.0,3.3,0.2
189,44.0,5.0,,,6.5,0.7692307692307693,-6.5,0.9090909090909091,136.5,0.8,136.5,0.8695652173913043,7.0,,,1.0,6.0,3.0,13.0,15.0,8.0,7.0,3.0,3.0,3.0,5.0,47.1,36.8,52.0,47,0,1,0.0,44.0,1.0,20180916160633.0,21077.0,3.3,0.2
190,44.0,5.0,,,6.5,0.7692307692307693,-6.5,0.9090909090909091,136.5,0.7692307692307693,136.5,0.9090909090909091,7.0,,,1.0,6.0,3.0,13.0,15.0,8.0,7.0,3.0,3.0,3.0,5.0,47.1,36.8,52.0,47,0,1,0.0,41.0,1.0,20180916160637.0,21077.0,3.3,0.2
191,44.0,5.0,,,4.5,0.8333333333333334,-4.5,0.8333333333333334,138.5,0.9090909090909091,138.5,0.7692307692307693,7.0,,^,1.0,6.0,4.0,13.0,15.0,8.0,7.0,3.0,3.0,3.0,5.0,47.1,36.8,52.0,50,0,1,0.0,33.0,1.0,20180916160637.0,21075^11077,2.3,0.3125
192,44.0,5.0,,,4.5,0.8333333333333334,-4.5,0.8333333333333334,138.5,0.9090909090909091,138.5,0.7692307692307693,7.0,,,1.0,6.0,4.0,13.0,15.0,8.0,7.0,3.0,3.0,3.0,5.0,47.1,36.8,52.0,50,0,1,0.0,33.0,1.0,20180916160646.0,11077.0,2.3,0.3125
193,44.0,5.0,,,4.5,0.8333333333333334,-4.5,0.8333333333333334,138.5,0.8333333333333334,138.5,0.8333333333333334,7.0,,,1.0,6.0,4.0,13.0,15.0,8.0,7.0,3.0,3.0,3.0,5.0,47.1,36.8,52.0,50,0,1,0.0,25.0,1.0,20180916160653.0,11077.0,2.3,0.3125
194,44.0,5.0,,,4.5,0.8333333333333334,-4.5,0.8333333333333334,138.5,0.8,138.5,0.8695652173913043,7.0,,,1.0,6.0,4.0,13.0,15.0,8.0,7.0,3.0,3.0,3.0,5.0,47.1,36.8,52.0,50,0,1,0.0,22.0,1.0,20180916160656.0,11077.0,2.3,0.3125
195,44.0,5.0,,,5.5,0.8,-5.5,0.8695652173913043,138.5,0.8,138.5,0.8695652173913043,7.0,,^,1.0,6.0,4.0,14.0,15.0,8.0,7.0,3.0,3.0,3.0,5.0,47.1,36.8,54.0,50,0,1,0.0,17.0,1.0,20180916160702.0,11074^21077,2.3,0.3125
196,44.0,5.0,,,5.5,0.8,-5.5,0.8695652173913043,139.5,0.9090909090909091,139.5,0.7692307692307693,7.0,,,1.0,6.0,4.0,14.0,15.0,8.0,7.0,3.0,3.0,3.0,5.0,47.1,36.8,54.0,50,0,1,0.0,14.0,1.0,20180916160705.0,21077.0,2.3,0.3125
197,44.0,5.0,,,5.5,0.7692307692307693,-5.5,0.9090909090909091,139.5,0.8333333333333334,139.5,0.8333333333333334,7.0,,,1.0,6.0,4.0,14.0,15.0,8.0,7.0,3.0,3.0,3.0,5.0,47.1,36.8,54.0,50,0,1,0.0,5.0,1.0,20180916160713.0,21077.0,2.3,0.3125
198,44.0,5.0,,,5.5,0.7692307692307693,-5.5,0.9090909090909091,139.5,0.8333333333333334,139.5,0.8333333333333334,7.0,,,1.0,6.0,4.0,14.0,15.0,8.0,7.0,3.0,3.0,3.0,5.0,47.1,36.8,54.0,50,0,1,0.0,5.0,1.0,20180916160716.0,21077.0,2.3,0.3125
199,44.0,5.0,,,5.5,0.7692307692307693,-5.5,0.9090909090909091,139.5,0.8333333333333334,139.5,0.8333333333333334,7.0,,,1.0,6.0,4.0,14.0,15.0,8.0,7.0,3.0,3.0,3.0,5.0,47.1,36.8,54.0,50,0,1,0.0,5.0,1.0,20180916160721.0,21077.0,2.3,0.3125
200,44.0,5.0,,,5.5,0.7692307692307693,-5.5,0.9090909090909091,139.5,0.8333333333333334,139.5,0.8333333333333334,7.0,,,1.0,6.0,4.0,14.0,15.0,8.0,7.0,3.0,3.0,3.0,5.0,47.1,36.8,54.0,50,0,1,0.0,5.0,1.0,20180916160724.0,21077.0,2.3,0.3125
201,44.0,5.0,Q4,4th Quarter,5.5,0.8333333333333334,-5.5,0.8333333333333334,139.5,0.8333333333333334,139.5,0.8333333333333334,7.0,4.0,,0.0,6.0,4.0,14.0,15.0,8.0,7.0,3.0,3.0,0.0,0.0,47.1,36.8,54.0,50,0,1,10.0,5.0,1.0,20180916160724.0,1082.0,3.0,0.2222222222222222
202,44.0,5.0,Q4,4th Quarter,5.5,0.8333333333333334,-5.5,0.8333333333333334,139.5,0.8333333333333334,139.5,0.8333333333333334,7.0,4.0,,0.0,6.0,4.0,14.0,15.0,8.0,7.0,3.0,3.0,0.0,0.0,47.1,36.8,54.0,50,0,1,10.0,5.0,1.0,20180916160738.0,1082.0,3.0,0.2222222222222222
203,44.0,5.0,Q4,4th Quarter,5.5,0.8333333333333334,-5.5,0.8333333333333334,139.5,0.8333333333333334,139.5,0.8333333333333334,7.0,4.0,^,0.0,6.0,4.0,14.0,15.0,8.0,7.0,3.0,3.0,0.0,0.0,47.1,36.8,54.0,50,0,1,10.0,5.0,1.0,20180916160738.0,01090^11077,3.0,0.2222222222222222
204,44.0,5.0,Q4,4th Quarter,5.5,0.8333333333333334,-5.5,0.8333333333333334,138.5,0.9090909090909091,138.5,0.7692307692307693,7.0,4.0,,0.0,6.0,4.0,14.0,15.0,8.0,7.0,3.0,3.0,0.0,0.0,47.1,36.8,54.0,50,0,1,9.0,59.0,1.0,20180916161009.0,21077.0,3.0,0.2222222222222222
205,44.0,5.0,Q4,4th Quarter,5.5,0.8333333333333334,-5.5,0.8333333333333334,138.5,0.8695652173913043,138.5,0.8,7.0,4.0,,0.0,6.0,4.0,14.0,15.0,8.0,7.0,3.0,3.0,0.0,0.0,47.1,36.8,54.0,50,0,1,9.0,55.0,1.0,20180916161013.0,21077.0,3.0,0.2222222222222222
206,44.0,5.0,Q4,4th Quarter,5.5,0.8333333333333334,-5.5,0.8333333333333334,138.5,0.8333333333333334,138.5,0.8333333333333334,7.0,4.0,,0.0,6.0,4.0,14.0,15.0,8.0,7.0,3.0,3.0,0.0,0.0,47.1,36.8,54.0,50,0,1,9.0,50.0,1.0,20180916161018.0,21077.0,3.0,0.2222222222222222
207,44.0,5.0,Q4,4th Quarter,5.5,0.8333333333333334,-5.5,0.8333333333333334,138.5,0.8,138.5,0.8695652173913043,7.0,4.0,,0.0,6.0,4.0,14.0,15.0,8.0,7.0,3.0,3.0,0.0,0.0,47.1,36.8,54.0,50,0,1,9.0,46.0,1.0,20180916161021.0,11077.0,3.0,0.2222222222222222
208,44.0,5.0,Q4,4th Quarter,5.5,0.8333333333333334,-5.5,0.8333333333333334,138.5,0.8,138.5,0.8695652173913043,7.0,4.0,,0.0,6.0,4.0,14.0,15.0,8.0,7.0,3.0,3.0,0.0,0.0,47.1,36.8,54.0,50,0,1,9.0,45.0,1.0,20180916161022.0,11077.0,3.0,0.2222222222222222
209,44.0,5.0,Q4,4th Quarter,5.5,0.8333333333333334,-5.5,0.8333333333333334,137.5,0.8695652173913043,137.5,0.8,7.0,4.0,,0.0,6.0,4.0,14.0,15.0,8.0,7.0,3.0,3.0,0.0,0.0,47.1,36.8,54.0,50,0,1,9.0,39.0,1.0,20180916161029.0,11077.0,3.0,0.2222222222222222
210,44.0,5.0,Q4,4th Quarter,5.5,0.8333333333333334,-5.5,0.8333333333333334,137.5,0.8333333333333334,137.5,0.8333333333333334,7.0,4.0,,0.0,6.0,4.0,14.0,15.0,8.0,7.0,3.0,3.0,0.0,0.0,47.1,36.8,54.0,50,0,1,9.0,34.0,1.0,20180916161034.0,21077.0,3.0,0.2222222222222222
211,44.0,5.0,Q4,4th Quarter,5.5,0.8333333333333334,-5.5,0.8333333333333334,137.5,0.8,137.5,0.8695652173913043,7.0,4.0,,0.0,6.0,4.0,14.0,15.0,8.0,7.0,3.0,3.0,0.0,0.0,47.1,36.8,54.0,50,0,1,9.0,31.0,1.0,20180916161037.0,21077.0,3.0,0.2222222222222222
212,44.0,5.0,Q4,4th Quarter,5.5,0.8333333333333334,-5.5,0.8333333333333334,136.5,0.8695652173913043,136.5,0.8,7.0,4.0,,0.0,6.0,4.0,14.0,15.0,8.0,7.0,3.0,3.0,0.0,0.0,47.1,36.8,54.0,50,0,1,9.0,25.0,1.0,20180916161042.0,21077.0,3.0,0.2222222222222222
213,44.0,5.0,Q4,4th Quarter,5.5,0.8333333333333334,-5.5,0.8333333333333334,136.5,0.8333333333333334,136.5,0.8333333333333334,7.0,4.0,,0.0,6.0,4.0,14.0,15.0,8.0,7.0,3.0,3.0,0.0,0.0,47.1,36.8,54.0,50,0,1,9.0,21.0,0.0,20180916161046.0,21077.0,3.0,0.2222222222222222
214,44.0,5.0,Q4,4th Quarter,5.5,0.8333333333333334,-5.5,0.8333333333333334,136.5,0.8333333333333334,136.5,0.8333333333333334,7.0,4.0,,0.0,6.0,4.0,14.0,15.0,8.0,7.0,3.0,3.0,0.0,0.0,47.1,36.8,54.0,50,0,1,9.0,21.0,1.0,20180916161058.0,21077.0,3.0,0.2222222222222222
215,44.0,5.0,Q4,4th Quarter,5.5,0.8333333333333334,-5.5,0.8333333333333334,136.5,0.8333333333333334,136.5,0.8333333333333334,7.0,4.0,,0.0,6.0,4.0,14.0,15.0,8.0,7.0,3.0,3.0,0.0,0.0,47.1,36.8,54.0,50,0,1,9.0,21.0,1.0,20180916161059.0,11077.0,3.25,0.21052631578947367
216,44.0,5.0,Q4,4th Quarter,5.5,0.8333333333333334,-5.5,0.8333333333333334,136.5,0.7692307692307693,136.5,0.9090909090909091,7.0,4.0,,0.0,6.0,4.0,14.0,15.0,8.0,7.0,3.0,3.0,0.0,0.0,47.1,36.8,54.0,50,0,1,9.0,14.0,1.0,20180916161105.0,11077.0,3.25,0.21052631578947367
217,44.0,5.0,Q4,4th Quarter,5.5,0.8333333333333334,-5.5,0.8333333333333334,136.5,0.7692307692307693,136.5,0.9090909090909091,7.0,4.0,,0.0,6.0,4.0,14.0,15.0,8.0,7.0,3.0,3.0,0.0,0.0,47.1,36.8,54.0,50,0,1,9.0,7.0,1.0,20180916161105.0,11077.0,3.25,0.21052631578947367
218,44.0,5.0,Q4,4th Quarter,5.5,0.8333333333333334,-5.5,0.8333333333333334,136.5,0.8,136.5,0.8695652173913043,7.0,4.0,,0.0,6.0,4.0,14.0,15.0,8.0,7.0,3.0,3.0,0.0,0.0,47.1,36.8,54.0,50,0,1,9.0,0.0,1.0,20180916161119.0,11077.0,3.25,0.21052631578947367
219,44.0,5.0,Q4,4th Quarter,5.5,0.8333333333333334,-5.5,0.8333333333333334,136.5,0.7692307692307693,136.5,0.9090909090909091,7.0,4.0,,0.0,6.0,4.0,14.0,15.0,8.0,7.0,3.0,3.0,0.0,0.0,47.1,36.8,54.0,50,0,1,8.0,56.0,1.0,20180916161123.0,11077.0,3.25,0.21052631578947367
220,44.0,5.0,Q4,4th Quarter,5.5,0.8333333333333334,-5.5,0.8333333333333334,136.5,0.7692307692307693,136.5,0.9090909090909091,7.0,4.0,,0.0,6.0,4.0,14.0,15.0,8.0,7.0,3.0,3.0,0.0,0.0,47.1,36.8,54.0,50,0,1,8.0,48.0,1.0,20180916161130.0,11077.0,3.25,0.21052631578947367
221,44.0,5.0,Q4,4th Quarter,5.5,0.8,-5.5,0.8695652173913043,136.5,0.7692307692307693,136.5,0.9090909090909091,7.0,4.0,,0.0,6.0,4.0,14.0,15.0,8.0,7.0,3.0,3.0,0.0,0.0,47.1,36.8,54.0,50,0,1,8.0,49.0,1.0,20180916161130.0,21077.0,2.85,0.23529411764705882
222,44.0,5.0,Q4,4th Quarter,5.5,0.8333333333333334,-5.5,0.8333333333333334,136.5,0.8,136.5,0.8695652173913043,7.0,4.0,,0.0,6.0,4.0,14.0,15.0,8.0,7.0,3.0,3.0,0.0,0.0,47.1,36.8,54.0,50,0,1,8.0,45.0,1.0,20180916161134.0,11077.0,3.3,0.2
223,44.0,5.0,Q4,4th Quarter,5.5,0.8333333333333334,-5.5,0.8333333333333334,136.5,0.7692307692307693,136.5,0.9090909090909091,7.0,4.0,,0.0,6.0,4.0,14.0,15.0,8.0,7.0,3.0,3.0,0.0,0.0,47.1,36.8,54.0,50,0,1,8.0,41.0,1.0,20180916161138.0,11077.0,3.3,0.2
224,44.0,5.0,Q4,4th Quarter,5.5,0.8333333333333334,-5.5,0.8333333333333334,136.5,0.7692307692307693,136.5,0.9090909090909091,7.0,4.0,,0.0,6.0,4.0,14.0,15.0,8.0,7.0,3.0,3.0,0.0,0.0,47.1,36.8,54.0,50,0,1,8.0,40.0,0.0,20180916161139.0,11077.0,3.3,0.2
225,44.0,5.0,Q4,4th Quarter,5.5,0.8333333333333334,-5.5,0.8333333333333334,136.5,0.7692307692307693,136.5,0.9090909090909091,7.0,4.0,,0.0,6.0,4.0,14.0,15.0,8.0,7.0,3.0,3.0,0.0,0.0,47.1,36.8,54.0,50,0,1,8.0,40.0,1.0,20180916161210.0,11077.0,3.3,0.2
226,44.0,5.0,Q4,4th Quarter,5.5,0.8333333333333334,-5.5,0.8333333333333334,133.5,0.8695652173913043,133.5,0.8,7.0,4.0,,0.0,6.0,4.0,14.0,15.0,8.0,7.0,3.0,3.0,0.0,0.0,47.1,36.8,54.0,50,0,1,8.0,36.0,1.0,20180916161214.0,11077.0,3.3,0.2
227,44.0,5.0,Q4,4th Quarter,5.5,0.7692307692307693,-5.5,0.9090909090909091,133.5,0.8333333333333334,133.5,0.8333333333333334,7.0,4.0,,0.0,6.0,4.0,14.0,15.0,8.0,7.0,3.0,3.0,0.0,0.0,47.1,36.8,54.0,50,0,1,8.0,34.0,1.0,20180916161216.0,21077.0,2.85,0.23529411764705882
228,44.0,5.0,Q4,4th Quarter,5.5,0.7692307692307693,-5.5,0.9090909090909091,133.5,0.8333333333333334,133.5,0.8333333333333334,7.0,4.0,,0.0,6.0,4.0,14.0,15.0,8.0,7.0,3.0,3.0,0.0,0.0,47.1,36.8,54.0,50,0,1,8.0,32.0,0.0,20180916161218.0,21077.0,2.85,0.23529411764705882
229,44.0,5.0,Q4,4th Quarter,5.5,0.7692307692307693,-5.5,0.9090909090909091,133.5,0.8333333333333334,133.5,0.8333333333333334,7.0,4.0,,0.0,6.0,4.0,14.0,15.0,8.0,7.0,3.0,3.0,0.0,0.0,47.1,36.8,54.0,50,0,1,8.0,32.0,1.0,20180916161231.0,21077.0,2.85,0.23529411764705882
230,44.0,5.0,Q4,4th Quarter,5.5,0.7692307692307693,-5.5,0.9090909090909091,133.5,0.8333333333333334,133.5,0.8333333333333334,7.0,4.0,,0.0,6.0,4.0,14.0,15.0,8.0,7.0,3.0,3.0,0.0,0.0,47.1,36.8,54.0,50,0,1,8.0,31.0,1.0,20180916161232.0,21077.0,2.85,0.23529411764705882
231,44.0,5.0,Q4,4th Quarter,5.5,0.7692307692307693,-5.5,0.9090909090909091,133.5,0.8,133.5,0.8695652173913043,7.0,4.0,,0.0,6.0,4.0,14.0,15.0,8.0,7.0,3.0,3.0,0.0,0.0,47.1,36.8,54.0,50,0,1,8.0,27.0,1.0,20180916161235.0,21077.0,2.85,0.23529411764705882
232,44.0,5.0,Q4,4th Quarter,3.5,0.9090909090909091,-3.5,0.7692307692307693,135.5,0.7692307692307693,135.5,0.9090909090909091,7.0,4.0,^,0.0,6.0,4.0,14.0,16.0,8.0,7.0,3.0,3.0,0.0,0.0,47.1,36.8,54.0,52,0,1,8.0,20.0,1.0,20180916161243.0,21074^11077,2.25,0.3333333333333333
233,44.0,5.0,Q4,4th Quarter,3.5,0.9090909090909091,-3.5,0.7692307692307693,134.5,0.9090909090909091,134.5,0.7692307692307693,7.0,4.0,,0.0,6.0,4.0,14.0,16.0,8.0,7.0,3.0,3.0,0.0,0.0,47.1,36.8,54.0,52,0,1,8.0,19.0,1.0,20180916161244.0,11077.0,2.25,0.3333333333333333
234,44.0,5.0,Q4,4th Quarter,3.5,0.9090909090909091,-3.5,0.7692307692307693,134.5,0.8333333333333334,134.5,0.8333333333333334,7.0,4.0,,0.0,6.0,4.0,14.0,16.0,8.0,7.0,3.0,3.0,0.0,0.0,47.1,36.8,54.0,52,0,1,8.0,10.0,1.0,20180916161252.0,11077.0,2.25,0.3333333333333333
235,44.0,5.0,Q4,4th Quarter,3.5,0.9090909090909091,-3.5,0.7692307692307693,134.5,0.8333333333333334,134.5,0.8333333333333334,7.0,4.0,,0.0,6.0,4.0,14.0,16.0,8.0,7.0,3.0,3.0,0.0,0.0,47.1,36.8,54.0,52,0,1,8.0,10.0,1.0,20180916161253.0,11077.0,2.25,0.3333333333333333
236,44.0,5.0,Q4,4th Quarter,4.5,0.9090909090909091,-4.5,0.7692307692307693,136.5,0.8,136.5,0.8695652173913043,7.0,4.0,^,0.0,6.0,4.0,15.0,16.0,8.0,7.0,3.0,3.0,0.0,0.0,47.1,36.8,56.0,52,0,1,8.0,6.0,1.0,20180916161257.0,11074^21077,2.85,0.23529411764705882
237,44.0,5.0,Q4,4th Quarter,4.5,0.9090909090909091,-4.5,0.7692307692307693,136.5,0.7692307692307693,136.5,0.9090909090909091,7.0,4.0,,0.0,6.0,4.0,15.0,16.0,8.0,7.0,3.0,3.0,0.0,0.0,47.1,36.8,56.0,52,0,1,8.0,4.0,1.0,20180916161259.0,21077.0,2.85,0.23529411764705882
238,44.0,5.0,Q4,4th Quarter,4.5,0.9090909090909091,-4.5,0.7692307692307693,135.5,0.8333333333333334,135.5,0.8333333333333334,7.0,4.0,,0.0,6.0,4.0,15.0,16.0,8.0,7.0,3.0,3.0,0.0,0.0,47.1,36.8,56.0,52,0,1,7.0,55.0,1.0,20180916161307.0,21077.0,2.85,0.23529411764705882
239,44.0,5.0,Q4,4th Quarter,4.5,0.9090909090909091,-4.5,0.7692307692307693,135.5,0.8333333333333334,135.5,0.8333333333333334,7.0,4.0,,0.0,6.0,4.0,15.0,16.0,8.0,7.0,3.0,3.0,0.0,0.0,47.1,36.8,56.0,52,0,1,7.0,55.0,1.0,20180916161308.0,21077.0,2.85,0.23529411764705882
240,44.0,5.0,Q4,4th Quarter,4.5,0.9090909090909091,-4.5,0.7692307692307693,135.5,0.8333333333333334,135.5,0.8333333333333334,7.0,4.0,,0.0,6.0,4.0,15.0,16.0,8.0,7.0,3.0,3.0,0.0,0.0,47.1,36.8,56.0,52,0,1,7.0,47.0,1.0,20180916161308.0,21077.0,2.85,0.23529411764705882
241,44.0,5.0,Q4,4th Quarter,4.5,0.9090909090909091,-4.5,0.7692307692307693,135.5,0.8333333333333334,135.5,0.8333333333333334,7.0,4.0,,0.0,6.0,4.0,15.0,16.0,8.0,7.0,3.0,3.0,0.0,0.0,47.1,36.8,56.0,52,0,1,7.0,42.0,1.0,20180916161308.0,21077.0,2.85,0.23529411764705882
242,44.0,5.0,Q4,4th Quarter,4.5,0.9090909090909091,-4.5,0.7692307692307693,135.5,0.8,135.5,0.8695652173913043,7.0,4.0,,0.0,6.0,4.0,15.0,16.0,8.0,7.0,3.0,3.0,0.0,0.0,47.1,36.8,56.0,52,0,1,7.0,35.0,1.0,20180916161328.0,21077.0,2.85,0.23529411764705882
243,44.0,5.0,Q4,4th Quarter,4.5,0.9090909090909091,-4.5,0.7692307692307693,135.5,0.8,135.5,0.8695652173913043,7.0,4.0,,0.0,6.0,4.0,15.0,16.0,8.0,7.0,3.0,3.0,0.0,0.0,47.1,36.8,56.0,52,0,1,7.0,32.0,1.0,20180916161332.0,21077.0,2.85,0.23529411764705882
244,44.0,5.0,Q4,4th Quarter,4.5,0.9090909090909091,-4.5,0.7692307692307693,133.5,0.9090909090909091,133.5,0.7692307692307693,7.0,4.0,,0.0,6.0,4.0,15.0,16.0,8.0,7.0,3.0,3.0,0.0,0.0,47.1,36.8,56.0,52,0,1,7.0,28.0,1.0,20180916161335.0,21077.0,2.85,0.23529411764705882
245,44.0,5.0,Q4,4th Quarter,4.5,0.9090909090909091,-4.5,0.7692307692307693,133.5,0.8333333333333334,133.5,0.8333333333333334,7.0,4.0,,0.0,6.0,4.0,15.0,16.0,8.0,7.0,3.0,3.0,0.0,0.0,47.1,36.8,56.0,52,0,1,7.0,23.0,1.0,20180916161340.0,21077.0,2.85,0.23529411764705882
246,44.0,5.0,Q4,4th Quarter,4.5,0.9090909090909091,-4.5,0.7692307692307693,133.5,0.8333333333333334,133.5,0.8333333333333334,7.0,4.0,,0.0,6.0,4.0,15.0,16.0,8.0,7.0,3.0,3.0,0.0,0.0,47.1,36.8,56.0,52,0,1,7.0,22.0,0.0,20180916161341.0,21077.0,2.85,0.23529411764705882
247,44.0,5.0,Q4,4th Quarter,4.5,0.9090909090909091,-4.5,0.7692307692307693,133.5,0.8333333333333334,133.5,0.8333333333333334,7.0,4.0,,0.0,6.0,4.0,15.0,16.0,8.0,7.0,3.0,3.0,0.0,0.0,47.1,36.8,56.0,52,0,1,7.0,22.0,0.0,20180916161351.0,21077.0,2.85,0.23529411764705882
248,44.0,5.0,Q4,4th Quarter,4.5,0.8333333333333334,-4.5,0.8333333333333334,134.5,0.9090909090909091,134.5,0.7692307692307693,7.0,4.0,1:2,0.0,6.0,4.0,15.0,16.0,8.0,7.0,3.0,3.0,0.0,0.0,47.1,36.8,56.0,52,0,1,7.0,22.0,0.0,20180916161353.0,21078.0,2.65,0.26666666666666666
249,44.0,5.0,Q4,4th Quarter,4.5,0.8,-4.5,0.8695652173913043,135.5,0.8,135.5,0.8695652173913043,7.0,4.0,1:2^2:2,0.0,6.0,4.0,15.0,16.0,8.0,8.0,3.0,3.0,0.0,0.0,47.1,40.0,56.0,53,0,1,7.0,22.0,0.0,20180916161433.0,21079^21078,2.5,0.2857142857142857
250,44.0,5.0,Q4,4th Quarter,3.5,0.9090909090909091,-3.5,0.7692307692307693,135.5,0.8695652173913043,135.5,0.8,7.0,4.0,2:2^,0.0,6.0,4.0,15.0,16.0,8.0,9.0,3.0,3.0,0.0,0.0,47.1,42.9,56.0,54,0,1,7.0,22.0,0.0,20180916161449.0,21079^11077,2.3,0.3125
251,44.0,5.0,Q4,4th Quarter,3.5,0.9090909090909091,-3.5,0.7692307692307693,135.5,0.8695652173913043,135.5,0.8,7.0,4.0,2:2^,0.0,6.0,4.0,15.0,16.0,8.0,9.0,3.0,3.0,0.0,0.0,47.1,42.9,56.0,54,0,1,7.0,22.0,1.0,20180916161506.0,21079^11077,2.3,0.3125
252,44.0,5.0,Q4,4th Quarter,3.5,0.9090909090909091,-3.5,0.7692307692307693,135.5,0.8695652173913043,135.5,0.8,7.0,4.0,2:2^,0.0,6.0,4.0,15.0,16.0,8.0,9.0,3.0,3.0,0.0,0.0,47.1,42.9,56.0,54,0,1,7.0,21.0,1.0,20180916161506.0,21079^11077,2.3,0.3125
253,44.0,5.0,Q4,4th Quarter,3.5,0.9090909090909091,-3.5,0.7692307692307693,135.5,0.8695652173913043,135.5,0.8,7.0,4.0,,0.0,6.0,4.0,15.0,16.0,8.0,9.0,3.0,3.0,0.0,0.0,47.1,42.9,56.0,54,0,1,7.0,21.0,1.0,20180916161507.0,11077.0,2.3,0.3125
254,44.0,5.0,Q4,4th Quarter,3.5,0.9090909090909091,-3.5,0.7692307692307693,135.5,0.8695652173913043,135.5,0.8,7.0,4.0,,0.0,6.0,4.0,15.0,16.0,8.0,9.0,3.0,3.0,0.0,0.0,47.1,42.9,56.0,54,0,1,7.0,16.0,1.0,20180916161510.0,11077.0,2.3,0.3125
255,44.0,5.0,Q4,4th Quarter,3.5,0.9090909090909091,-3.5,0.7692307692307693,135.5,0.7692307692307693,135.5,0.9090909090909091,7.0,4.0,,0.0,6.0,4.0,15.0,16.0,8.0,9.0,3.0,3.0,0.0,0.0,47.1,42.9,56.0,54,0,1,7.0,12.0,1.0,20180916161514.0,11077.0,2.3,0.3125
256,44.0,5.0,Q4,4th Quarter,3.5,0.9090909090909091,-3.5,0.7692307692307693,134.5,0.9090909090909091,134.5,0.7692307692307693,7.0,4.0,,0.0,6.0,4.0,15.0,16.0,8.0,9.0,3.0,3.0,0.0,0.0,47.1,42.9,56.0,54,0,1,7.0,9.0,1.0,20180916161517.0,11077.0,2.3,0.3125
257,44.0,5.0,Q4,4th Quarter,2.5,0.9090909090909091,-2.5,0.7692307692307693,134.5,0.9090909090909091,134.5,0.7692307692307693,7.0,4.0,,0.0,6.0,4.0,15.0,16.0,8.0,9.0,3.0,3.0,0.0,0.0,47.1,42.9,56.0,54,0,1,7.0,5.0,1.0,20180916161521.0,11077.0,2.3,0.3125
258,44.0,5.0,Q4,4th Quarter,2.5,0.9090909090909091,-2.5,0.7692307692307693,134.5,0.8,134.5,0.8695652173913043,7.0,4.0,,0.0,6.0,4.0,15.0,16.0,8.0,9.0,3.0,3.0,0.0,0.0,47.1,42.9,56.0,54,0,1,6.0,57.0,0.0,20180916161529.0,11077.0,2.3,0.3125
259,44.0,5.0,Q4,4th Quarter,2.5,0.9090909090909091,-2.5,0.7692307692307693,134.5,0.8,134.5,0.8695652173913043,7.0,4.0,,0.0,6.0,4.0,15.0,16.0,8.0,9.0,3.0,3.0,0.0,0.0,47.1,42.9,56.0,54,0,1,6.0,57.0,0.0,20180916161530.0,11077.0,2.3,0.3125
260,44.0,5.0,Q4,4th Quarter,2.5,0.9090909090909091,-2.5,0.7692307692307693,134.5,0.8,134.5,0.8695652173913043,7.0,4.0,,0.0,6.0,4.0,15.0,16.0,8.0,9.0,3.0,3.0,0.0,0.0,47.1,42.9,56.0,54,0,1,6.0,56.0,0.0,20180916161530.0,11077.0,2.3,0.3125
261,44.0,5.0,Q4,4th Quarter,3.5,0.9090909090909091,-3.5,0.7692307692307693,134.5,0.8,134.5,0.8695652173913043,7.0,4.0,,0.0,6.0,4.0,15.0,16.0,8.0,9.0,3.0,3.0,0.0,0.0,47.1,42.9,56.0,54,0,1,6.0,57.0,0.0,20180916161544.0,11077.0,2.3,0.3125
262,44.0,5.0,Q4,4th Quarter,3.5,0.9090909090909091,-3.5,0.7692307692307693,133.5,0.9090909090909091,133.5,0.7692307692307693,7.0,4.0,,0.0,6.0,4.0,15.0,16.0,8.0,9.0,3.0,3.0,0.0,0.0,47.1,42.9,56.0,54,0,1,6.0,53.0,0.0,20180916161548.0,11077.0,2.3,0.3125
263,44.0,5.0,Q4,4th Quarter,3.5,0.9090909090909091,-3.5,0.7692307692307693,133.5,0.8333333333333334,133.5,0.8333333333333334,7.0,4.0,,0.0,6.0,4.0,15.0,16.0,8.0,9.0,3.0,3.0,0.0,0.0,47.1,42.9,56.0,54,0,1,6.0,46.0,0.0,20180916161552.0,11077.0,2.3,0.3125
264,44.0,5.0,Q4,4th Quarter,3.5,0.9090909090909091,-3.5,0.7692307692307693,133.5,0.8333333333333334,133.5,0.8333333333333334,7.0,4.0,,0.0,6.0,4.0,15.0,16.0,8.0,9.0,3.0,3.0,0.0,0.0,47.1,42.9,56.0,54,0,1,6.0,44.0,0.0,20180916161553.0,11077.0,2.3,0.3125
265,44.0,5.0,Q4,4th Quarter,3.5,0.9090909090909091,-3.5,0.7692307692307693,133.5,0.8333333333333334,133.5,0.8333333333333334,7.0,4.0,,0.0,6.0,4.0,15.0,16.0,8.0,9.0,3.0,3.0,0.0,0.0,47.1,42.9,56.0,54,0,1,6.0,44.0,1.0,20180916161603.0,11077.0,2.3,0.3125
266,44.0,5.0,Q4,4th Quarter,2.5,0.9090909090909091,-2.5,0.7692307692307693,133.5,0.8333333333333334,133.5,0.8333333333333334,7.0,4.0,,0.0,6.0,4.0,15.0,16.0,8.0,9.0,3.0,3.0,0.0,0.0,47.1,42.9,56.0,54,0,1,6.0,44.0,1.0,20180916161604.0,21077.0,1.7,0.4166666666666667
267,44.0,5.0,Q4,4th Quarter,2.5,0.9090909090909091,-2.5,0.7692307692307693,133.5,0.7692307692307693,133.5,0.9090909090909091,7.0,4.0,,0.0,6.0,4.0,15.0,16.0,8.0,9.0,3.0,3.0,0.0,0.0,47.1,42.9,56.0,54,0,1,6.0,39.0,1.0,20180916161609.0,21077.0,1.7,0.4166666666666667
268,44.0,5.0,Q4,4th Quarter,2.5,0.9090909090909091,-2.5,0.7692307692307693,132.5,0.9090909090909091,132.5,0.7692307692307693,7.0,4.0,,0.0,6.0,4.0,15.0,16.0,8.0,9.0,3.0,3.0,0.0,0.0,47.1,42.9,56.0,54,0,1,6.0,34.0,1.0,20180916161615.0,21077.0,1.7,0.4166666666666667
269,44.0,5.0,Q4,4th Quarter,2.5,0.9090909090909091,-2.5,0.7692307692307693,132.5,0.8333333333333334,132.5,0.8333333333333334,7.0,4.0,,0.0,6.0,4.0,15.0,16.0,8.0,9.0,3.0,3.0,0.0,0.0,47.1,42.9,56.0,54,0,1,6.0,29.0,1.0,20180916161619.0,21077.0,1.7,0.4166666666666667
270,44.0,5.0,Q4,4th Quarter,2.5,0.9090909090909091,-2.5,0.7692307692307693,132.5,0.8333333333333334,132.5,0.8333333333333334,7.0,4.0,,0.0,6.0,4.0,15.0,16.0,8.0,9.0,3.0,3.0,0.0,0.0,47.1,42.9,56.0,54,0,1,6.0,23.0,1.0,20180916161619.0,21077.0,1.7,0.4166666666666667
271,44.0,5.0,Q4,4th Quarter,2.5,0.9090909090909091,-2.5,0.7692307692307693,132.5,0.7692307692307693,132.5,0.9090909090909091,7.0,4.0,,0.0,6.0,4.0,15.0,16.0,8.0,9.0,3.0,3.0,0.0,0.0,47.1,42.9,56.0,54,0,1,6.0,20.0,1.0,20180916161628.0,21077.0,1.7,0.4166666666666667
272,44.0,5.0,Q4,4th Quarter,2.5,0.9090909090909091,-2.5,0.7692307692307693,131.5,0.9090909090909091,131.5,0.7692307692307693,7.0,4.0,,0.0,6.0,4.0,15.0,16.0,8.0,9.0,3.0,3.0,0.0,0.0,47.1,42.9,56.0,54,0,1,6.0,17.0,0.0,20180916161630.0,21077.0,1.7,0.4166666666666667
273,44.0,5.0,Q4,4th Quarter,2.5,0.9090909090909091,-2.5,0.7692307692307693,131.5,0.9090909090909091,131.5,0.7692307692307693,7.0,4.0,,0.0,6.0,4.0,15.0,16.0,8.0,9.0,3.0,3.0,0.0,0.0,47.1,42.9,56.0,54,0,1,6.0,17.0,1.0,20180916161739.0,21077.0,1.7,0.4166666666666667
274,44.0,5.0,Q4,4th Quarter,2.5,0.9090909090909091,-2.5,0.7692307692307693,131.5,0.9090909090909091,131.5,0.7692307692307693,7.0,4.0,,0.0,6.0,4.0,15.0,16.0,8.0,9.0,3.0,3.0,0.0,0.0,47.1,42.9,56.0,54,0,1,6.0,17.0,1.0,20180916161740.0,21077.0,1.7,0.4166666666666667
275,44.0,5.0,Q4,4th Quarter,3.5,0.8695652173913043,-3.5,0.8,131.5,0.8695652173913043,131.5,0.8,7.0,4.0,,0.0,6.0,4.0,15.0,16.0,8.0,9.0,3.0,3.0,0.0,0.0,47.1,42.9,56.0,54,0,1,6.0,15.0,1.0,20180916161743.0,11077.0,2.4,0.30303030303030304
276,44.0,5.0,Q4,4th Quarter,3.5,0.8695652173913043,-3.5,0.8,131.5,0.8333333333333334,131.5,0.8333333333333334,7.0,4.0,,0.0,6.0,4.0,15.0,16.0,8.0,9.0,3.0,3.0,0.0,0.0,47.1,42.9,56.0,54,0,1,6.0,11.0,1.0,20180916161747.0,11077.0,2.4,0.30303030303030304
277,44.0,5.0,Q4,4th Quarter,3.5,0.8695652173913043,-3.5,0.8,131.5,0.7692307692307693,131.5,0.9090909090909091,7.0,4.0,,0.0,6.0,4.0,15.0,16.0,8.0,9.0,3.0,3.0,0.0,0.0,47.1,42.9,56.0,54,0,1,6.0,6.0,1.0,20180916161752.0,11077.0,2.4,0.30303030303030304
278,44.0,5.0,Q4,4th Quarter,2.5,0.9090909090909091,-2.5,0.7692307692307693,130.5,0.8695652173913043,130.5,0.8,7.0,4.0,,0.0,6.0,4.0,15.0,16.0,8.0,9.0,3.0,3.0,0.0,0.0,47.1,42.9,56.0,54,0,1,5.0,59.0,1.0,20180916161758.0,21077.0,1.7,0.4166666666666667
279,44.0,5.0,Q4,4th Quarter,2.5,0.9090909090909091,-2.5,0.7692307692307693,130.5,0.8333333333333334,130.5,0.8333333333333334,7.0,4.0,,0.0,6.0,4.0,15.0,16.0,8.0,9.0,3.0,3.0,0.0,0.0,47.1,42.9,56.0,54,0,1,5.0,54.0,1.0,20180916161803.0,21077.0,1.7,0.4166666666666667
280,44.0,5.0,Q4,4th Quarter,2.5,0.9090909090909091,-2.5,0.7692307692307693,130.5,0.7692307692307693,130.5,0.9090909090909091,7.0,4.0,,0.0,6.0,4.0,15.0,16.0,8.0,9.0,3.0,3.0,0.0,0.0,47.1,42.9,56.0,54,0,1,5.0,49.0,1.0,20180916161808.0,21077.0,1.7,0.4166666666666667
281,44.0,5.0,Q4,4th Quarter,2.5,0.9090909090909091,-2.5,0.7692307692307693,130.5,0.7692307692307693,130.5,0.9090909090909091,7.0,4.0,,0.0,6.0,4.0,15.0,16.0,8.0,9.0,3.0,3.0,0.0,0.0,47.1,42.9,56.0,54,0,1,5.0,49.0,1.0,20180916161810.0,21077.0,1.7,0.4166666666666667
282,44.0,5.0,Q4,4th Quarter,2.5,0.9090909090909091,-2.5,0.7692307692307693,130.5,0.7692307692307693,130.5,0.9090909090909091,7.0,4.0,,0.0,6.0,4.0,15.0,16.0,8.0,9.0,3.0,3.0,0.0,0.0,47.1,42.9,56.0,54,0,1,5.0,49.0,1.0,20180916161830.0,21077.0,1.7,0.4166666666666667
283,44.0,5.0,Q4,4th Quarter,3.5,0.8695652173913043,-3.5,0.8,130.5,0.7142857142857143,130.5,1.0,7.0,4.0,,0.0,6.0,4.0,15.0,16.0,8.0,9.0,3.0,3.0,0.0,0.0,47.1,42.9,56.0,54,0,1,5.0,49.0,1.0,20180916161832.0,11077.0,2.4,0.30303030303030304
284,44.0,5.0,Q4,4th Quarter,3.5,0.8695652173913043,-3.5,0.8,129.5,0.8333333333333334,129.5,0.8333333333333334,7.0,4.0,,0.0,6.0,4.0,15.0,16.0,8.0,9.0,3.0,3.0,0.0,0.0,47.1,42.9,56.0,54,0,1,5.0,39.0,1.0,20180916161838.0,11077.0,2.4,0.30303030303030304
285,44.0,5.0,Q4,4th Quarter,2.5,0.8695652173913043,-2.5,0.8,129.5,0.8333333333333334,129.5,0.8333333333333334,7.0,4.0,,0.0,6.0,4.0,15.0,16.0,8.0,9.0,3.0,3.0,0.0,0.0,47.1,42.9,56.0,54,0,1,5.0,36.0,1.0,20180916161840.0,11077.0,1.7,0.4166666666666667
286,44.0,5.0,Q4,4th Quarter,2.5,0.8695652173913043,-2.5,0.8,129.5,0.7692307692307693,129.5,0.9090909090909091,7.0,4.0,,0.0,6.0,4.0,15.0,16.0,8.0,9.0,3.0,3.0,0.0,0.0,47.1,42.9,56.0,54,0,1,5.0,33.0,1.0,20180916161843.0,21077.0,1.7,0.4166666666666667
287,44.0,5.0,Q4,4th Quarter,2.5,0.8695652173913043,-2.5,0.8,128.5,0.9090909090909091,128.5,0.7692307692307693,7.0,4.0,,0.0,6.0,4.0,15.0,16.0,8.0,9.0,3.0,3.0,0.0,0.0,47.1,42.9,56.0,54,0,1,5.0,28.0,1.0,20180916161849.0,21077.0,1.7,0.4166666666666667
288,44.0,5.0,Q4,4th Quarter,2.5,0.8695652173913043,-2.5,0.8,128.5,0.8695652173913043,128.5,0.8,7.0,4.0,,0.0,6.0,4.0,15.0,16.0,8.0,9.0,3.0,3.0,0.0,0.0,47.1,42.9,56.0,54,0,1,5.0,24.0,1.0,20180916161852.0,21077.0,1.7,0.4166666666666667
289,44.0,5.0,Q4,4th Quarter,2.5,0.8695652173913043,-2.5,0.8,128.5,0.7692307692307693,128.5,0.9090909090909091,7.0,4.0,,0.0,6.0,4.0,15.0,16.0,8.0,9.0,3.0,3.0,0.0,0.0,47.1,42.9,56.0,54,0,1,5.0,15.0,1.0,20180916161901.0,21077.0,1.7,0.4166666666666667
290,44.0,5.0,Q4,4th Quarter,2.5,0.8695652173913043,-2.5,0.8,128.5,0.7692307692307693,128.5,0.9090909090909091,7.0,4.0,,0.0,6.0,4.0,15.0,16.0,8.0,9.0,3.0,3.0,0.0,0.0,47.1,42.9,56.0,54,0,1,5.0,15.0,1.0,20180916161901.0,21077.0,1.7,0.4166666666666667
291,44.0,5.0,Q4,4th Quarter,2.5,0.8695652173913043,-2.5,0.8,127.5,0.9090909090909091,127.5,0.7692307692307693,7.0,4.0,,0.0,6.0,4.0,15.0,16.0,8.0,9.0,3.0,3.0,0.0,0.0,47.1,42.9,56.0,54,0,1,5.0,11.0,0.0,20180916161906.0,21077.0,1.7,0.4166666666666667
292,44.0,5.0,Q4,4th Quarter,2.5,0.8695652173913043,-2.5,0.8,127.5,0.9090909090909091,127.5,0.7692307692307693,7.0,4.0,,0.0,6.0,4.0,15.0,16.0,8.0,9.0,3.0,3.0,0.0,0.0,47.1,42.9,56.0,54,0,1,5.0,11.0,1.0,20180916161910.0,21077.0,1.7,0.4166666666666667
293,44.0,5.0,Q4,4th Quarter,2.5,0.8695652173913043,-2.5,0.8,127.5,0.9090909090909091,127.5,0.7692307692307693,7.0,4.0,,0.0,6.0,4.0,15.0,16.0,8.0,9.0,3.0,3.0,0.0,0.0,47.1,42.9,56.0,54,0,1,5.0,11.0,1.0,20180916161911.0,21077.0,1.7,0.4166666666666667
294,44.0,5.0,Q4,4th Quarter,2.5,0.8695652173913043,-2.5,0.8,127.5,0.8333333333333334,127.5,0.8333333333333334,7.0,4.0,,0.0,6.0,4.0,15.0,16.0,8.0,9.0,3.0,3.0,0.0,0.0,47.1,42.9,56.0,54,0,1,5.0,2.0,1.0,20180916161919.0,21077.0,1.7,0.4166666666666667
295,44.0,5.0,Q4,4th Quarter,2.5,0.8695652173913043,-2.5,0.8,127.5,0.7692307692307693,127.5,0.9090909090909091,7.0,4.0,,0.0,6.0,4.0,15.0,16.0,8.0,9.0,3.0,3.0,0.0,0.0,47.1,42.9,56.0,54,0,1,4.0,57.0,0.0,20180916161924.0,21077.0,1.7,0.4166666666666667
296,44.0,5.0,Q4,4th Quarter,2.5,0.8695652173913043,-2.5,0.8,127.5,0.7692307692307693,127.5,0.9090909090909091,7.0,4.0,,0.0,6.0,4.0,15.0,16.0,8.0,9.0,3.0,3.0,0.0,0.0,47.1,42.9,56.0,54,0,1,4.0,57.0,0.0,20180916161925.0,21077.0,1.7,0.4166666666666667
297,44.0,5.0,Q4,4th Quarter,2.5,0.8695652173913043,-2.5,0.8,127.5,0.7692307692307693,127.5,0.9090909090909091,7.0,4.0,,0.0,6.0,4.0,15.0,16.0,8.0,9.0,3.0,3.0,0.0,0.0,47.1,42.9,56.0,54,0,1,4.0,57.0,0.0,20180916161956.0,21077.0,1.7,0.4166666666666667
298,44.0,5.0,Q4,4th Quarter,2.5,0.8695652173913043,-2.5,0.8,126.5,0.9090909090909091,126.5,0.7692307692307693,7.0,4.0,,0.0,6.0,4.0,15.0,16.0,8.0,9.0,2.0,3.0,0.0,0.0,47.1,42.9,56.0,54,0,1,4.0,54.0,0.0,20180916162010.0,11081.0,1.7,0.4166666666666667
299,,,Q4,4th Quarter,2.5,0.8695652173913043,-2.5,0.8,126.5,0.9090909090909091,126.5,0.7692307692307693,7.0,4.0,^^,0.0,6.0,4.0,15.0,16.0,8.0,9.0,2.0,3.0,0.0,1.0,47.1,42.9,56.0,54,0,1,4.0,54.0,0.0,20180916162100.0,11077^21086^11077,1.7,0.4166666666666667
300,,,Q4,4th Quarter,2.5,0.9090909090909091,-2.5,0.7692307692307693,128.5,0.7692307692307693,128.5,0.9090909090909091,7.0,4.0,1:2,0.0,6.0,4.0,15.0,16.0,8.0,9.0,2.0,3.0,0.0,1.0,47.1,42.9,56.0,54,0,1,4.0,54.0,0.0,20180916162103.0,11078.0,2.65,0.26666666666666666
301,,,Q4,4th Quarter,4.5,0.7692307692307693,-4.5,0.9090909090909091,128.5,0.8333333333333334,128.5,0.8333333333333334,7.0,4.0,1:2^2:2,0.0,6.0,4.0,15.0,16.0,9.0,9.0,2.0,3.0,0.0,1.0,50.0,42.9,57.0,54,0,1,4.0,54.0,0.0,20180916162108.0,11079^11078,2.85,0.23529411764705882
302,,,Q4,4th Quarter,4.5,0.8333333333333334,-4.5,0.8333333333333334,128.5,1.0,128.5,0.7142857142857143,7.0,4.0,2:2^,0.0,6.0,4.0,15.0,16.0,10.0,9.0,2.0,3.0,0.0,1.0,52.6,42.9,58.0,54,0,1,4.0,54.0,0.0,20180916162126.0,11079^21077,3.25,0.21052631578947367
303,,,Q4,4th Quarter,4.5,0.8333333333333334,-4.5,0.8333333333333334,128.5,1.0,128.5,0.7142857142857143,7.0,4.0,2:2^,0.0,6.0,4.0,15.0,16.0,10.0,9.0,2.0,3.0,0.0,1.0,52.6,42.9,58.0,54,0,1,4.0,54.0,1.0,20180916162132.0,11079^21077,3.25,0.21052631578947367
304,,,Q4,4th Quarter,4.5,0.8333333333333334,-4.5,0.8333333333333334,128.5,1.0,128.5,0.7142857142857143,7.0,4.0,2:2^,0.0,6.0,4.0,15.0,16.0,10.0,9.0,2.0,3.0,0.0,1.0,52.6,42.9,58.0,54,0,1,4.0,53.0,1.0,20180916162133.0,11079^21077,3.25,0.21052631578947367
305,,,Q4,4th Quarter,4.5,0.8333333333333334,-4.5,0.8333333333333334,128.5,0.9090909090909091,128.5,0.7692307692307693,7.0,4.0,,0.0,6.0,4.0,15.0,16.0,10.0,9.0,2.0,3.0,0.0,1.0,52.6,42.9,58.0,54,0,1,4.0,53.0,1.0,20180916162134.0,21077.0,3.25,0.21052631578947367
306,,,Q4,4th Quarter,4.5,0.8333333333333334,-4.5,0.8333333333333334,128.5,0.8333333333333334,128.5,0.8333333333333334,7.0,4.0,,0.0,6.0,4.0,15.0,16.0,10.0,9.0,2.0,3.0,0.0,1.0,52.6,42.9,58.0,54,0,1,4.0,44.0,1.0,20180916162142.0,21077.0,3.25,0.21052631578947367
307,,,Q4,4th Quarter,4.5,0.8333333333333334,-4.5,0.8333333333333334,128.5,0.8333333333333334,128.5,0.8333333333333334,7.0,4.0,,0.0,6.0,4.0,15.0,16.0,10.0,9.0,2.0,3.0,0.0,1.0,52.6,42.9,58.0,54,0,1,4.0,44.0,1.0,20180916162146.0,21077.0,3.25,0.21052631578947367
308,,,Q4,4th Quarter,4.5,0.8333333333333334,-4.5,0.8333333333333334,128.5,0.8333333333333334,128.5,0.8333333333333334,7.0,4.0,^,0.0,6.0,4.0,15.0,16.0,10.0,9.0,2.0,3.0,2.0,1.0,52.6,42.9,58.0,54,0,1,4.0,44.0,1.0,20180916162156.0,11086^21077,3.25,0.21052631578947367
309,,,Q4,4th Quarter,4.5,0.7692307692307693,-4.5,0.9090909090909091,129.5,0.8333333333333334,129.5,0.8333333333333334,7.0,4.0,1:2,0.0,6.0,4.0,15.0,16.0,10.0,9.0,2.0,3.0,2.0,1.0,52.6,42.9,58.0,54,0,1,4.0,44.0,1.0,20180916162157.0,21078.0,2.75,0.25
310,,,Q4,4th Quarter,3.5,0.9090909090909091,-3.5,0.7692307692307693,129.5,0.9090909090909091,129.5,0.7692307692307693,7.0,4.0,1:2^2:2,0.0,6.0,4.0,15.0,16.0,10.0,10.0,2.0,3.0,2.0,1.0,52.6,45.5,58.0,55,0,1,4.0,44.0,1.0,20180916162203.0,21079^21078,2.65,0.26666666666666666
311,,,Q4,4th Quarter,3.5,0.8333333333333334,-3.5,0.8333333333333334,130.5,0.8,130.5,0.8695652173913043,7.0,4.0,2:2^,0.0,6.0,4.0,15.0,16.0,10.0,11.0,2.0,3.0,2.0,1.0,52.6,47.8,58.0,56,0,1,4.0,44.0,1.0,20180916162217.0,21079^11077,2.4,0.30303030303030304
312,,,Q4,4th Quarter,3.5,0.8333333333333334,-3.5,0.8333333333333334,130.5,0.8,130.5,0.8695652173913043,7.0,4.0,2:2^,0.0,6.0,4.0,15.0,16.0,10.0,11.0,2.0,3.0,2.0,1.0,52.6,47.8,58.0,56,0,1,4.0,40.0,1.0,20180916162217.0,21079^11077,2.4,0.30303030303030304
313,,,Q4,4th Quarter,3.5,0.8333333333333334,-3.5,0.8333333333333334,130.5,0.8,130.5,0.8695652173913043,7.0,4.0,,0.0,6.0,4.0,15.0,16.0,10.0,11.0,2.0,3.0,2.0,1.0,52.6,47.8,58.0,56,0,1,4.0,41.0,1.0,20180916162217.0,11077.0,2.4,0.30303030303030304
314,,,Q4,4th Quarter,3.5,0.8333333333333334,-3.5,0.8333333333333334,130.5,0.8695652173913043,130.5,0.8,7.0,4.0,,0.0,6.0,4.0,15.0,16.0,10.0,11.0,2.0,3.0,2.0,1.0,52.6,47.8,58.0,56,0,1,4.0,48.0,1.0,20180916162230.0,11077.0,2.4,0.30303030303030304
315,,,Q4,4th Quarter,2.5,0.8695652173913043,-2.5,0.8,130.5,0.8695652173913043,130.5,0.8,7.0,4.0,,0.0,6.0,4.0,15.0,16.0,10.0,11.0,2.0,3.0,2.0,1.0,52.6,47.8,58.0,56,0,1,4.0,47.0,1.0,20180916162231.0,21077.0,1.7,0.4166666666666667
316,,,Q4,4th Quarter,2.5,0.8695652173913043,-2.5,0.8,130.5,0.8695652173913043,130.5,0.8,7.0,4.0,,0.0,6.0,4.0,15.0,16.0,10.0,11.0,2.0,3.0,2.0,1.0,52.6,47.8,58.0,56,0,1,4.0,47.0,1.0,20180916162234.0,21077.0,1.7,0.4166666666666667
317,,,Q4,4th Quarter,2.5,0.8333333333333334,-2.5,0.8333333333333334,130.5,0.8333333333333334,130.5,0.8333333333333334,7.0,4.0,,0.0,6.0,4.0,15.0,16.0,10.0,11.0,2.0,3.0,2.0,1.0,52.6,47.8,58.0,56,0,1,4.0,44.0,1.0,20180916162237.0,21077.0,1.7,0.4166666666666667
318,,,Q4,4th Quarter,2.5,0.8333333333333334,-2.5,0.8333333333333334,130.5,0.7142857142857143,130.5,1.0,7.0,4.0,,0.0,6.0,4.0,15.0,16.0,10.0,11.0,2.0,3.0,2.0,1.0,52.6,47.8,58.0,56,0,1,4.0,35.0,1.0,20180916162245.0,21077.0,1.7,0.4166666666666667
319,,,Q4,4th Quarter,3.5,0.8333333333333334,-3.5,0.8333333333333334,129.5,1.0,129.5,0.7142857142857143,7.0,4.0,,0.0,6.0,4.0,15.0,16.0,10.0,11.0,2.0,3.0,2.0,1.0,52.6,47.8,58.0,56,0,1,4.0,35.0,1.0,20180916162247.0,11077.0,2.5,0.2857142857142857
320,,,Q4,4th Quarter,3.5,0.8333333333333334,-3.5,0.8333333333333334,129.5,1.0,129.5,0.7142857142857143,7.0,4.0,,0.0,6.0,4.0,15.0,16.0,10.0,11.0,2.0,3.0,2.0,1.0,52.6,47.8,58.0,56,0,1,4.0,34.0,1.0,20180916162247.0,11077.0,2.5,0.2857142857142857
321,,,Q4,4th Quarter,3.5,0.8333333333333334,-3.5,0.8333333333333334,129.5,0.9090909090909091,129.5,0.7692307692307693,7.0,4.0,,0.0,6.0,4.0,15.0,16.0,10.0,11.0,2.0,3.0,2.0,1.0,52.6,47.8,58.0,56,0,1,4.0,32.0,1.0,20180916162249.0,11077.0,2.5,0.2857142857142857
322,,,Q4,4th Quarter,3.5,0.8333333333333334,-3.5,0.8333333333333334,129.5,0.8695652173913043,129.5,0.8,7.0,4.0,,0.0,6.0,4.0,15.0,16.0,10.0,11.0,2.0,3.0,2.0,1.0,52.6,47.8,58.0,56,0,1,4.0,29.0,1.0,20180916162251.0,11077.0,2.5,0.2857142857142857
323,,,Q4,4th Quarter,3.5,0.8333333333333334,-3.5,0.8333333333333334,129.5,0.8695652173913043,129.5,0.8,7.0,4.0,,0.0,6.0,4.0,15.0,16.0,10.0,11.0,2.0,3.0,2.0,1.0,52.6,47.8,58.0,56,0,1,4.0,29.0,0.0,20180916162252.0,11077.0,2.5,0.2857142857142857
324,,,Q4,4th Quarter,5.5,0.8,-5.5,0.8695652173913043,131.5,0.8695652173913043,131.5,0.8,7.0,4.0,,0.0,6.0,4.0,15.0,16.0,10.0,11.0,2.0,3.0,2.0,1.0,52.6,47.8,60.0,56,0,1,4.0,30.0,0.0,20180916162358.0,11077.0,4.0,0.14285714285714285
325,,,Q4,4th Quarter,4.5,0.8333333333333334,-4.5,0.8333333333333334,130.5,0.8695652173913043,130.5,0.8,7.0,4.0,,0.0,6.0,4.0,16.0,16.0,10.0,11.0,2.0,3.0,2.0,1.0,52.6,47.8,60.0,56,0,1,4.0,12.0,0.0,20180916162413.0,11077.0,3.3,0.2
326,,,Q4,4th Quarter,4.5,0.8333333333333334,-4.5,0.8333333333333334,130.5,0.8695652173913043,130.5,0.8,7.0,4.0,,0.0,6.0,4.0,16.0,16.0,10.0,11.0,2.0,3.0,2.0,1.0,52.6,47.8,60.0,56,0,1,4.0,11.0,0.0,20180916162413.0,11077.0,3.3,0.2
327,,,Q4,4th Quarter,4.5,0.8333333333333334,-4.5,0.8333333333333334,130.5,0.7692307692307693,130.5,0.9090909090909091,7.0,4.0,,0.0,6.0,4.0,16.0,16.0,10.0,11.0,2.0,3.0,2.0,1.0,52.6,47.8,60.0,56,0,1,4.0,3.0,0.0,20180916162429.0,11077.0,3.3,0.2
328,,,Q4,4th Quarter,4.5,0.8,-4.5,0.8333333333333334,130.5,0.7692307692307693,130.5,0.9090909090909091,7.0,4.0,,0.0,6.0,4.0,16.0,16.0,10.0,11.0,2.0,3.0,2.0,1.0,52.6,47.8,60.0,56,0,1,3.0,55.0,0.0,20180916162438.0,11077.0,3.3,0.2
329,,,Q4,4th Quarter,4.5,0.8,-4.5,0.8333333333333334,130.5,0.7692307692307693,130.5,0.9090909090909091,7.0,4.0,,0.0,6.0,4.0,16.0,16.0,10.0,11.0,2.0,3.0,2.0,1.0,52.6,47.8,60.0,56,0,1,3.0,47.0,0.0,20180916162446.0,11077.0,3.3,0.2
330,,,Q4,4th Quarter,6.5,1.0,-6.5,0.7142857142857143,131.5,1.0,131.5,0.7142857142857143,7.0,4.0,,0.0,6.0,4.0,16.0,16.0,10.0,11.0,2.0,3.0,2.0,1.0,52.6,47.8,63.0,56,0,1,3.0,45.0,0.0,20180916162447.0,11077.0,7.0,0.0625
331,,,Q4,4th Quarter,6.5,1.0,-6.5,0.7142857142857143,131.5,0.9090909090909091,131.5,0.7692307692307693,7.0,4.0,,0.0,6.0,4.0,16.0,16.0,10.0,11.0,2.0,3.0,2.0,1.0,52.6,47.8,63.0,56,0,1,3.0,42.0,0.0,20180916162450.0,11077.0,7.25,0.05555555555555555
332,,,Q4,4th Quarter,6.5,1.0,-6.5,0.7142857142857143,131.5,0.9090909090909091,131.5,0.7692307692307693,7.0,4.0,,0.0,6.0,4.0,16.0,16.0,10.0,11.0,2.0,3.0,2.0,1.0,52.6,47.8,63.0,56,0,1,3.0,35.0,0.0,20180916162457.0,21077.0,7.25,0.05555555555555555
333,,,Q4,4th Quarter,5.5,0.7692307692307693,-5.5,0.9090909090909091,133.5,0.9090909090909091,133.5,0.7692307692307693,7.0,4.0,,0.0,6.0,4.0,16.0,16.0,10.0,11.0,2.0,3.0,2.0,1.0,52.6,47.8,63.0,58,0,1,3.0,35.0,0.0,20180916162532.0,21077.0,4.25,0.13333333333333333
334,,,Q4,4th Quarter,6.5,1.0,-6.5,0.7142857142857143,135.5,0.9090909090909091,135.5,0.7692307692307693,7.0,4.0,,0.0,6.0,4.0,16.0,16.0,10.0,11.0,2.0,3.0,2.0,1.0,52.6,47.8,65.0,58,0,1,3.0,35.0,0.0,20180916162534.0,21077.0,7.25,0.05555555555555555
335,,,Q4,4th Quarter,7.5,0.9090909090909091,-7.5,0.7692307692307693,133.5,1.0,133.5,0.7142857142857143,7.0,4.0,,0.0,7.0,4.0,17.0,17.0,10.0,11.0,2.0,3.0,2.0,1.0,52.6,47.8,65.0,58,0,1,3.0,8.0,0.0,20180916162542.0,21077.0,9.0,0.030303030303030304
336,,,Q4,4th Quarter,7.5,0.9090909090909091,-7.5,0.7692307692307693,133.5,1.0,133.5,0.7142857142857143,7.0,4.0,,0.0,7.0,4.0,17.0,17.0,10.0,11.0,2.0,3.0,2.0,1.0,52.6,47.8,65.0,58,0,1,3.0,7.0,0.0,20180916162542.0,21077.0,9.0,0.030303030303030304
337,,,Q4,4th Quarter,6.5,0.9090909090909091,-6.5,0.7692307692307693,133.5,1.0,133.5,0.7142857142857143,7.0,4.0,,0.0,7.0,4.0,17.0,17.0,10.0,11.0,2.0,3.0,2.0,1.0,52.6,47.8,65.0,58,0,1,3.0,7.0,0.0,20180916162608.0,21077.0,7.5,0.05
338,,,Q4,4th Quarter,6.5,0.9090909090909091,-6.5,0.7692307692307693,133.5,0.8333333333333334,133.5,0.8333333333333334,7.0,4.0,,0.0,7.0,4.0,17.0,17.0,10.0,11.0,2.0,3.0,2.0,1.0,52.6,47.8,65.0,58,0,1,3.0,2.0,0.0,20180916162612.0,21077.0,7.5,0.05
339,,,Q4,4th Quarter,7.5,0.9090909090909091,-7.5,0.7692307692307693,133.5,0.8333333333333334,133.5,0.8333333333333334,7.0,4.0,,0.0,7.0,4.0,17.0,17.0,10.0,11.0,2.0,3.0,2.0,1.0,52.6,47.8,65.0,58,0,1,3.0,2.0,0.0,20180916162613.0,11077.0,9.5,0.025
340,,,Q4,4th Quarter,7.5,0.9090909090909091,-7.5,0.7692307692307693,133.5,0.8333333333333334,133.5,0.8333333333333334,7.0,4.0,,0.0,7.0,4.0,17.0,17.0,10.0,11.0,2.0,3.0,2.0,1.0,52.6,47.8,65.0,58,0,1,3.0,0.0,0.0,20180916162614.0,11077.0,9.5,0.025
341,,,Q4,4th Quarter,7.5,0.9090909090909091,-7.5,0.7692307692307693,133.5,0.8333333333333334,133.5,0.8333333333333334,7.0,4.0,,0.0,7.0,4.0,17.0,17.0,10.0,11.0,2.0,3.0,2.0,1.0,52.6,47.8,65.0,58,0,1,3.0,0.0,1.0,20180916162634.0,11077.0,9.5,0.025
342,,,Q4,4th Quarter,7.5,0.9090909090909091,-7.5,0.7692307692307693,133.5,0.8333333333333334,133.5,0.8333333333333334,5.0,4.0,,0.0,7.0,4.0,17.0,17.0,10.0,11.0,2.0,3.0,2.0,1.0,52.6,47.8,65.0,58,0,1,2.0,54.0,0.0,20180916162640.0,11077.0,9.5,0.025
343,,,Q4,4th Quarter,7.5,0.9090909090909091,-7.5,0.7692307692307693,133.5,0.8333333333333334,133.5,0.8333333333333334,5.0,4.0,,0.0,7.0,4.0,17.0,17.0,10.0,11.0,2.0,3.0,2.0,1.0,52.6,47.8,65.0,58,0,1,2.0,54.0,1.0,20180916162641.0,11077.0,9.5,0.025
344,,,Q4,4th Quarter,7.5,0.9090909090909091,-7.5,0.7692307692307693,133.5,0.8333333333333334,133.5,0.8333333333333334,5.0,4.0,,0.0,7.0,4.0,17.0,17.0,10.0,11.0,2.0,3.0,2.0,1.0,52.6,47.8,65.0,58,0,1,2.0,53.0,1.0,20180916162641.0,11077.0,9.5,0.025
345,,,Q4,4th Quarter,7.5,0.9090909090909091,-7.5,0.7692307692307693,133.5,0.8333333333333334,133.5,0.8333333333333334,5.0,4.0,,0.0,7.0,4.0,17.0,17.0,10.0,11.0,2.0,3.0,2.0,1.0,52.6,47.8,65.0,58,0,1,2.0,46.0,1.0,20180916162643.0,11077.0,9.5,0.025
346,,,Q4,4th Quarter,7.5,0.9090909090909091,-7.5,0.7692307692307693,133.5,0.8333333333333334,133.5,0.8333333333333334,5.0,4.0,,0.0,7.0,4.0,17.0,17.0,10.0,11.0,2.0,3.0,2.0,1.0,52.6,47.8,65.0,58,0,1,2.0,41.0,1.0,20180916162648.0,11077.0,9.5,0.025
347,,,Q4,4th Quarter,7.5,0.9090909090909091,-7.5,0.7692307692307693,133.5,0.8333333333333334,133.5,0.8333333333333334,5.0,4.0,,0.0,7.0,4.0,17.0,17.0,10.0,11.0,2.0,3.0,2.0,1.0,52.6,47.8,65.0,58,0,1,2.0,37.0,1.0,20180916162652.0,11077.0,10.0,0.02
348,,,Q4,4th Quarter,8.5,0.9090909090909091,-8.5,0.7692307692307693,133.5,0.8333333333333334,133.5,0.8333333333333334,5.0,4.0,^,0.0,7.0,4.0,18.0,17.0,10.0,11.0,2.0,3.0,2.0,1.0,52.6,47.8,67.0,58,0,1,2.0,28.0,1.0,20180916162700.0,11074^21077,14.0,0.01
349,,,Q4,4th Quarter,8.5,0.9090909090909091,-8.5,0.7692307692307693,133.5,0.8333333333333334,133.5,0.8333333333333334,5.0,4.0,^,0.0,7.0,4.0,18.0,17.0,10.0,11.0,2.0,3.0,2.0,1.0,52.6,47.8,67.0,58,0,1,2.0,27.0,1.0,20180916162701.0,11074^21077,14.0,0.01
350,,,Q4,4th Quarter,8.5,0.9090909090909091,-8.5,0.7692307692307693,133.5,0.8333333333333334,133.5,0.8333333333333334,5.0,4.0,,0.0,7.0,4.0,18.0,17.0,10.0,11.0,2.0,3.0,2.0,1.0,52.6,47.8,67.0,58,0,1,2.0,24.0,1.0,20180916162706.0,21077.0,14.0,0.01
351,,,Q4,4th Quarter,8.5,0.9090909090909091,-8.5,0.7692307692307693,133.5,0.8333333333333334,133.5,0.8333333333333334,5.0,4.0,,0.0,7.0,4.0,18.0,17.0,10.0,11.0,2.0,3.0,2.0,1.0,52.6,47.8,67.0,58,0,1,2.0,18.0,1.0,20180916162711.0,21077.0,15.0,0.006666666666666667
352,,,Q4,4th Quarter,8.5,0.9090909090909091,-8.5,0.7692307692307693,133.5,0.8333333333333334,133.5,0.8333333333333334,5.0,4.0,,0.0,7.0,4.0,18.0,17.0,10.0,11.0,2.0,3.0,2.0,1.0,52.6,47.8,67.0,58,0,1,2.0,15.0,1.0,20180916162714.0,21077.0,15.0,0.006666666666666667
353,,,Q4,4th Quarter,8.5,0.9090909090909091,-8.5,0.7692307692307693,133.5,0.8333333333333334,133.5,0.8333333333333334,5.0,4.0,,0.0,7.0,4.0,18.0,17.0,10.0,11.0,2.0,3.0,2.0,1.0,52.6,47.8,67.0,58,0,1,2.0,6.0,1.0,20180916162722.0,21077.0,15.0,0.006666666666666667
354,,,Q4,4th Quarter,7.5,0.9090909090909091,-7.5,0.7692307692307693,133.5,0.8333333333333334,133.5,0.8333333333333334,5.0,4.0,^,0.0,7.0,4.0,18.0,18.0,10.0,11.0,2.0,3.0,2.0,1.0,52.6,47.8,67.0,60,0,1,2.0,6.0,1.0,20180916162724.0,21074^11077,11.0,0.015151515151515152
355,,,Q4,4th Quarter,7.5,0.9090909090909091,-7.5,0.7692307692307693,133.5,0.8333333333333334,133.5,0.8333333333333334,5.0,4.0,,0.0,7.0,4.0,18.0,18.0,10.0,11.0,2.0,3.0,2.0,1.0,52.6,47.8,67.0,60,0,1,2.0,4.0,1.0,20180916162725.0,11077.0,11.0,0.015151515151515152
356,,,Q4,4th Quarter,7.5,0.9090909090909091,-7.5,0.7692307692307693,133.5,0.8333333333333334,133.5,0.8333333333333334,5.0,4.0,,0.0,7.0,4.0,18.0,18.0,10.0,11.0,2.0,3.0,2.0,1.0,52.6,47.8,67.0,60,0,1,2.0,2.0,1.0,20180916162727.0,11077.0,11.5,0.013333333333333334
357,,,Q4,4th Quarter,6.5,0.9090909090909091,-6.5,0.7692307692307693,133.5,0.8333333333333334,133.5,0.8333333333333334,5.0,4.0,,0.0,7.0,4.0,18.0,18.0,10.0,11.0,2.0,3.0,2.0,1.0,52.6,47.8,67.0,60,0,1,2.0,0.0,1.0,20180916162729.0,21077.0,9.0,0.030303030303030304
358,,,Q4,4th Quarter,6.5,0.0,-6.5,0.0,133.5,0.8333333333333334,133.5,0.8333333333333334,4.0,4.0,,0.0,7.0,4.0,18.0,18.0,10.0,11.0,2.0,3.0,2.0,1.0,52.6,47.8,67.0,60,0,1,1.0,55.0,1.0,20180916162734.0,21077.0,9.5,0.025
359,,,Q4,4th Quarter,6.5,0.0,-6.5,0.0,133.5,0.8333333333333334,133.5,0.8333333333333334,4.0,4.0,,0.0,7.0,4.0,18.0,18.0,10.0,11.0,2.0,3.0,2.0,1.0,52.6,47.8,67.0,60,0,1,1.0,47.0,0.0,20180916162742.0,21077.0,9.5,0.025
360,44.0,5.0,Q4,4th Quarter,6.5,0.0,-6.5,0.0,133.5,0.8333333333333334,133.5,0.8333333333333334,4.0,4.0,,0.0,7.0,4.0,18.0,18.0,10.0,11.0,2.0,2.0,2.0,1.0,52.6,47.8,67.0,60,0,1,1.0,52.0,0.0,20180916162758.0,21081.0,9.5,0.025
361,44.0,5.0,Q4,4th Quarter,6.5,0.0,-6.5,0.0,133.5,0.8333333333333334,133.5,0.8333333333333334,4.0,4.0,,0.0,7.0,4.0,18.0,18.0,10.0,11.0,2.0,2.0,2.0,1.0,52.6,47.8,67.0,60,0,1,1.0,52.0,0.0,20180916162759.0,21081.0,9.5,0.025
362,,,Q4,4th Quarter,6.5,0.0,-6.5,0.0,133.5,0.8333333333333334,133.5,0.8333333333333334,4.0,4.0,,0.0,7.0,4.0,18.0,18.0,10.0,11.0,2.0,2.0,2.0,1.0,52.6,47.8,67.0,60,0,1,1.0,52.0,1.0,20180916162938.0,21077.0,9.5,0.025
363,,,Q4,4th Quarter,6.5,0.0,-6.5,0.0,133.5,0.8333333333333334,133.5,0.8333333333333334,4.0,4.0,,0.0,7.0,4.0,18.0,18.0,10.0,11.0,2.0,2.0,2.0,1.0,52.6,47.8,67.0,60,0,1,1.0,51.0,1.0,20180916162938.0,21077.0,9.5,0.025
364,,,Q4,4th Quarter,7.5,0.0,-7.5,0.0,133.5,0.8333333333333334,133.5,0.8333333333333334,4.0,4.0,,0.0,7.0,4.0,18.0,18.0,10.0,11.0,2.0,2.0,2.0,1.0,52.6,47.8,67.0,60,0,1,1.0,51.0,1.0,20180916162939.0,11077.0,13.0,0.011111111111111112
365,,,Q4,4th Quarter,7.5,0.0,-7.5,0.0,133.5,0.8333333333333334,133.5,0.8333333333333334,4.0,4.0,,0.0,7.0,4.0,18.0,18.0,10.0,11.0,2.0,2.0,2.0,1.0,52.6,47.8,67.0,60,0,1,1.0,47.0,1.0,20180916162943.0,11077.0,13.0,0.011111111111111112
366,,,Q4,4th Quarter,7.5,0.0,-7.5,0.0,133.5,0.8333333333333334,133.5,0.8333333333333334,4.0,4.0,,0.0,7.0,4.0,18.0,18.0,10.0,11.0,2.0,2.0,2.0,1.0,52.6,47.8,67.0,60,0,1,1.0,41.0,1.0,20180916162949.0,11077.0,14.0,0.01
367,,,Q4,4th Quarter,7.5,0.0,-7.5,0.0,133.5,0.8333333333333334,133.5,0.8333333333333334,4.0,4.0,,0.0,7.0,4.0,18.0,18.0,10.0,11.0,2.0,2.0,2.0,1.0,52.6,47.8,67.0,60,0,1,1.0,35.0,1.0,20180916162954.0,11077.0,15.0,0.006666666666666667
368,,,Q4,4th Quarter,7.5,0.0,-7.5,0.0,133.5,0.8333333333333334,133.5,0.8333333333333334,4.0,4.0,,0.0,7.0,4.0,18.0,18.0,10.0,11.0,2.0,2.0,2.0,1.0,52.6,47.8,67.0,60,0,1,1.0,26.0,1.0,20180916163003.0,11077.0,15.0,0.006666666666666667
369,,,Q4,4th Quarter,7.5,0.0,-7.5,0.0,133.5,0.8333333333333334,133.5,0.8333333333333334,4.0,4.0,,0.0,7.0,4.0,18.0,18.0,10.0,11.0,2.0,2.0,2.0,1.0,52.6,47.8,67.0,60,0,1,1.0,18.0,1.0,20180916163011.0,11077.0,16.0,0.005
370,,,Q4,4th Quarter,7.5,0.0,-7.5,0.0,133.5,0.8333333333333334,133.5,0.8333333333333334,4.0,4.0,,0.0,7.0,4.0,18.0,18.0,10.0,11.0,2.0,2.0,2.0,1.0,52.6,47.8,67.0,60,0,1,1.0,17.0,0.0,20180916163012.0,11077.0,16.0,0.005
371,,,Q4,4th Quarter,7.5,0.0,-7.5,0.0,133.5,0.8333333333333334,133.5,0.8333333333333334,4.0,4.0,,0.0,7.0,4.0,18.0,18.0,10.0,11.0,2.0,2.0,2.0,1.0,52.6,47.8,67.0,60,0,1,1.0,17.0,0.0,20180916163013.0,11077.0,16.0,0.005
372,,,Q4,4th Quarter,7.5,0.0,-7.5,0.0,133.5,0.8333333333333334,133.5,0.8333333333333334,4.0,4.0,,0.0,7.0,4.0,18.0,18.0,10.0,11.0,2.0,2.0,2.0,1.0,52.6,47.8,67.0,60,0,1,1.0,17.0,1.0,20180916163019.0,11077.0,16.0,0.005
373,,,Q4,4th Quarter,7.5,0.0,-7.5,0.0,133.5,0.8333333333333334,133.5,0.8333333333333334,4.0,4.0,,0.0,7.0,4.0,18.0,18.0,10.0,11.0,2.0,2.0,2.0,1.0,52.6,47.8,67.0,60,0,1,1.0,16.0,1.0,20180916163020.0,11077.0,16.0,0.005
374,,,Q4,4th Quarter,7.5,0.0,-7.5,0.0,133.5,0.8333333333333334,133.5,0.8333333333333334,3.0,4.0,,0.0,7.0,4.0,18.0,18.0,10.0,11.0,2.0,2.0,2.0,1.0,52.6,47.8,67.0,60,0,1,1.0,8.0,1.0,20180916163028.0,11077.0,16.0,0.005
375,,,Q4,4th Quarter,7.5,0.0,-7.5,0.0,133.5,0.8333333333333334,133.5,0.8333333333333334,3.0,4.0,,0.0,7.0,4.0,18.0,18.0,10.0,11.0,2.0,2.0,2.0,1.0,52.6,47.8,67.0,60,0,1,1.0,7.0,1.0,20180916163029.0,11077.0,16.0,0.005
376,,,Q4,4th Quarter,7.5,0.0,-7.5,0.0,133.5,0.8333333333333334,133.5,0.8333333333333334,3.0,4.0,,0.0,7.0,4.0,18.0,18.0,10.0,11.0,2.0,2.0,2.0,1.0,52.6,47.8,67.0,60,0,1,1.0,7.0,0.0,20180916163029.0,11077.0,16.0,0.005
377,,,Q4,4th Quarter,8.5,0.0,-8.5,0.0,133.5,0.8333333333333334,133.5,0.8333333333333334,2.0,4.0,,0.0,7.0,4.0,18.0,18.0,10.0,11.0,2.0,2.0,2.0,1.0,52.6,47.8,68.0,60,0,1,1.0,9.0,0.0,20180916163109.0,11077.0,16.0,0.005
378,,,Q4,4th Quarter,5.5,0.0,-5.5,0.0,133.5,0.8333333333333334,133.5,0.8333333333333334,4.0,4.0,,0.0,7.0,4.0,18.0,18.0,10.0,11.0,2.0,2.0,2.0,1.0,52.6,47.8,68.0,63,0,1,1.0,9.0,0.0,20180916163308.0,11077.0,16.0,0.005
379,,,Q4,4th Quarter,7.5,0.0,-7.5,0.0,133.5,0.8333333333333334,133.5,0.8333333333333334,3.0,4.0,,0.0,7.0,4.0,18.0,18.0,10.0,11.0,2.0,2.0,2.0,1.0,52.6,47.8,70.0,63,0,1,1.0,9.0,0.0,20180916163313.0,11077.0,16.0,0.005
380,,,Q4,4th Quarter,6.5,0.0,-6.5,0.0,133.5,0.8333333333333334,133.5,0.8333333333333334,1.0,4.0,,0.0,7.0,5.0,19.0,18.0,10.0,11.0,2.0,2.0,2.0,1.0,52.6,47.8,70.0,63,0,1,0.0,20.0,0.0,20180916163333.0,11077.0,16.0,0.005
381,,,Q4,4th Quarter,6.5,0.0,-6.5,0.0,133.5,0.8333333333333334,133.5,0.8333333333333334,1.0,4.0,,0.0,7.0,5.0,19.0,18.0,10.0,11.0,2.0,2.0,2.0,1.0,52.6,47.8,70.0,63,0,1,0.0,19.0,0.0,20180916163333.0,11077.0,16.0,0.005
382,,,Q4,4th Quarter,7.5,0.0,-7.5,0.0,133.5,0.8333333333333334,133.5,0.8333333333333334,1.0,4.0,,0.0,7.0,5.0,19.0,18.0,10.0,11.0,2.0,2.0,2.0,1.0,52.6,47.8,70.0,63,0,1,0.0,19.0,0.0,20180916163336.0,11077.0,16.0,0.005
383,,,Q4,4th Quarter,7.5,0.0,-7.5,0.0,133.5,0.8333333333333334,133.5,0.8333333333333334,1.0,4.0,,0.0,7.0,5.0,19.0,18.0,10.0,11.0,2.0,2.0,2.0,1.0,52.6,47.8,70.0,63,0,1,0.0,14.0,0.0,20180916163340.0,11077.0,16.0,0.005
384,,,Q4,4th Quarter,7.5,0.0,-7.5,0.0,133.5,0.8333333333333334,133.5,0.8333333333333334,1.0,4.0,,0.0,7.0,5.0,19.0,18.0,10.0,11.0,2.0,2.0,2.0,1.0,52.6,47.8,70.0,63,0,1,0.0,8.0,0.0,20180916163347.0,11077.0,16.0,0.005
385,,,Q4,4th Quarter,7.5,0.0,-7.5,0.0,133.5,0.8333333333333334,133.5,0.8333333333333334,1.0,4.0,,0.0,7.0,5.0,19.0,18.0,10.0,11.0,2.0,2.0,2.0,1.0,52.6,47.8,70.0,63,0,1,0.0,0.0,0.0,20180916163355.0,11077.0,16.0,0.005
386,,,Q4,4th Quarter,7.5,0.0,-7.5,0.0,133.5,0.8333333333333334,133.5,0.8333333333333334,1.0,4.0,,0.0,7.0,5.0,19.0,18.0,10.0,11.0,2.0,2.0,2.0,1.0,52.6,47.8,70.0,63,0,1,0.0,0.0,0.0,20180916163410.0,11077.0,16.0,0.005
387,,,Q4,4th Quarter,7.5,0.0,-7.5,0.0,133.5,0.8333333333333334,133.5,0.8333333333333334,1.0,4.0,,0.0,7.0,5.0,19.0,18.0,10.0,11.0,2.0,2.0,2.0,1.0,52.6,47.8,70.0,63,0,1,0.0,0.0,0.0,20180916163434.0,11077.0,16.0,0.005
388,,,Q4,4th Quarter,7.5,0.0,-7.5,0.0,133.5,0.8333333333333334,133.5,0.8333333333333334,1.0,4.0,,0.0,7.0,5.0,19.0,18.0,10.0,11.0,2.0,2.0,2.0,1.0,52.6,47.8,70.0,63,0,1,0.0,0.0,0.0,20180916163434.0,1084.0,16.0,0.005
