,AM,AS,ED,HASA,HASA_ODD,HASH,HASH_ODD,HATD,HATD_ODD,HATU,HATU_ODD,LM,PG,PI,S1_a,S1_h,S2_a,S2_h,S3_a,S3_h,S4_a,S4_h,S5_a,S5_h,S6_a,S6_h,SC_a,SC_h,SU,TD,TM,TS,TT,TU,VC,WA_ODD,WH_ODD
0,,,,-1.5,1.0,1.5,0.7142857142857143,127.5,0.8333333333333334,127.5,0.8333333333333334,,,,2.0,1.0,13.0,18.0,9.0,5.0,3.0,3.0,3.0,3.0,60.0,100.0,41.0,44,0,1,3.0,13.0,1,20180916153740,11077,0.8333333333333334,0.8333333333333334
1,,,,-1.5,1.0,1.5,0.7142857142857143,126.5,0.9090909090909091,126.5,0.7692307692307693,,,,2.0,1.0,13.0,18.0,9.0,5.0,3.0,3.0,3.0,3.0,60.0,100.0,41.0,44,0,1,3.0,4.0,1,20180916153748.0,11077,0.8333333333333334,0.8333333333333334
2,,,,-1.5,1.0,1.5,0.7142857142857143,126.5,0.9090909090909091,126.5,0.7692307692307693,12.0,^,,3.0,1.0,13.0,18.0,9.0,5.0,3.0,3.0,3.0,3.0,60.0,100.0,44.0,44,0,1,3.0,2.0,1,20180916153752.0,11075^21077,0.8333333333333334,0.8333333333333334
3,,,,-1.5,1.0,1.5,0.7142857142857143,129.5,0.8695652173913043,129.5,0.8,12.0,^,,3.0,1.0,13.0,18.0,9.0,5.0,3.0,3.0,3.0,3.0,60.0,100.0,44.0,44,0,1,2.0,54.0,0.0,20180916153759.0,11075^21077,0.8333333333333334,0.8333333333333334
4,,,,-1.5,1.0,1.5,0.7142857142857143,129.5,0.8695652173913043,129.5,0.8,12.0,^,1.0,3.0,1.0,13.0,18.0,9.0,5.0,3.0,3.0,4.0,3.0,60.0,100.0,44.0,44,0,1,2.0,55.0,0.0,20180916153801.0,11086^21077,0.8333333333333334,0.8333333333333334
5,,,,-1.5,1.0,1.5,0.7142857142857143,129.5,0.8695652173913043,129.5,0.8,12.0,^,1.0,3.0,1.0,13.0,18.0,9.0,5.0,3.0,3.0,4.0,3.0,60.0,100.0,44.0,44,0,1,2.0,55.0,0.0,20180916153802.0,11086^21077,0.8333333333333334,0.8333333333333334
6,,,,-1.5,1.0,1.5,0.7142857142857143,129.5,0.8695652173913043,129.5,0.8,12.0,^,1.0,3.0,1.0,13.0,18.0,9.0,5.0,3.0,3.0,4.0,3.0,60.0,100.0,44.0,44,0,1,2.0,54.0,0.0,20180916153802.0,11086^21077,0.8333333333333334,0.8333333333333334
7,,,,1.5,0.9090909090909091,-1.5,0.7692307692307693,129.5,0.8333333333333334,129.5,0.8333333333333334,12.0,,1.0,3.0,1.0,13.0,18.0,9.0,5.0,3.0,3.0,4.0,3.0,60.0,100.0,44.0,44,0,1,2.0,45.0,0.0,20180916153819.0,21077.0,0.8333333333333334,0.8333333333333334
8,,,,1.5,0.9090909090909091,-1.5,0.7692307692307693,129.5,0.8333333333333334,129.5,0.8333333333333334,12.0,,1.0,3.0,1.0,13.0,18.0,9.0,5.0,3.0,3.0,4.0,3.0,60.0,100.0,44.0,44,0,1,2.0,46.0,0.0,20180916153826.0,21077.0,0.8333333333333334,0.8333333333333334
9,,,,1.5,0.9090909090909091,-1.5,0.7692307692307693,129.5,0.8,129.5,0.8695652173913043,12.0,,1.0,3.0,1.0,13.0,18.0,9.0,5.0,3.0,3.0,4.0,3.0,60.0,100.0,44.0,44,0,1,2.0,42.0,0.0,20180916153829.0,21077.0,0.8333333333333334,0.8333333333333334
10,,,,1.5,0.9090909090909091,-1.5,0.7692307692307693,129.5,0.8,129.5,0.8695652173913043,12.0,,1.0,3.0,1.0,13.0,18.0,9.0,5.0,3.0,3.0,4.0,3.0,60.0,100.0,44.0,44,0,1,2.0,42.0,0.0,20180916153855.0,21077.0,0.8333333333333334,0.8333333333333334
11,,,,4.5,0.7692307692307693,-4.5,0.9090909090909091,130.5,0.8333333333333334,130.5,0.8333333333333334,12.0,1:2,1.0,3.0,1.0,13.0,18.0,9.0,5.0,3.0,3.0,4.0,3.0,60.0,100.0,44.0,44,0,1,2.0,47.0,0.0,20180916153859.0,11078.0,1.85,0.38461538461538464
12,,,,4.5,0.8,-4.5,0.8695652173913043,131.5,0.7692307692307693,131.5,0.9090909090909091,12.0,1:2^2:2,1.0,3.0,1.0,13.0,18.0,10.0,5.0,3.0,3.0,4.0,3.0,62.5,100.0,45.0,44,0,1,2.0,47.0,0.0,20180916153907.0,11079^11078,2.05,0.35714285714285715
13,,,,4.5,0.8333333333333334,-4.5,0.8333333333333334,131.5,0.8333333333333334,131.5,0.8333333333333334,12.0,2:2^,1.0,3.0,1.0,13.0,18.0,11.0,5.0,3.0,3.0,4.0,3.0,64.7,100.0,46.0,44,0,1,2.0,47.0,0.0,20180916153918.0,11079^11077,2.25,0.3333333333333333
14,,,,4.5,0.8333333333333334,-4.5,0.8333333333333334,131.5,0.8333333333333334,131.5,0.8333333333333334,12.0,2:2^,1.0,3.0,1.0,13.0,18.0,11.0,5.0,3.0,3.0,4.0,3.0,64.7,100.0,46.0,44,0,1,2.0,46.0,0.0,20180916153918.0,11079^11077,2.25,0.3333333333333333
15,,,,4.5,0.8333333333333334,-4.5,0.8333333333333334,131.5,0.8333333333333334,131.5,0.8333333333333334,12.0,,1.0,3.0,1.0,13.0,18.0,11.0,5.0,3.0,3.0,4.0,3.0,64.7,100.0,46.0,44,0,1,2.0,43.0,0.0,20180916153933.0,11077.0,2.25,0.3333333333333333
16,,,,4.5,0.8333333333333334,-4.5,0.8333333333333334,130.5,0.9090909090909091,130.5,0.7692307692307693,12.0,,1.0,3.0,1.0,13.0,18.0,11.0,5.0,3.0,3.0,4.0,3.0,64.7,100.0,46.0,44,0,1,2.0,34.0,0.0,20180916153941.0,11077.0,2.25,0.3333333333333333
17,,,,4.5,0.8333333333333334,-4.5,0.8333333333333334,130.5,0.8333333333333334,130.5,0.8333333333333334,12.0,,1.0,3.0,1.0,13.0,18.0,11.0,5.0,3.0,3.0,4.0,3.0,64.7,100.0,46.0,44,0,1,2.0,26.0,0.0,20180916153949.0,11077.0,2.25,0.3333333333333333
18,,,,4.5,0.8333333333333334,-4.5,0.8333333333333334,129.5,0.9090909090909091,129.5,0.7692307692307693,12.0,,1.0,3.0,1.0,13.0,18.0,11.0,5.0,3.0,3.0,4.0,3.0,64.7,100.0,46.0,44,0,1,2.0,18.0,0.0,20180916153957.0,11077.0,2.25,0.3333333333333333
19,,,,4.5,0.8333333333333334,-4.5,0.8333333333333334,129.5,0.9090909090909091,129.5,0.7692307692307693,12.0,,1.0,3.0,1.0,13.0,18.0,11.0,5.0,3.0,3.0,4.0,3.0,64.7,100.0,46.0,44,0,1,2.0,17.0,0.0,20180916153958.0,11077.0,2.25,0.3333333333333333
20,,,,4.5,0.8333333333333334,-4.5,0.8333333333333334,129.5,0.9090909090909091,129.5,0.7692307692307693,12.0,,1.0,3.0,1.0,13.0,18.0,11.0,5.0,3.0,3.0,4.0,3.0,64.7,100.0,46.0,44,0,1,2.0,17.0,1.0,20180916154009.0,11077.0,2.25,0.3333333333333333
21,,,,3.5,0.8333333333333334,-3.5,0.8333333333333334,129.5,0.8695652173913043,129.5,0.8,12.0,,1.0,3.0,1.0,13.0,18.0,11.0,5.0,3.0,3.0,4.0,3.0,64.7,100.0,46.0,44,0,1,2.0,8.0,1.0,20180916154018.0,21077.0,1.7,0.4166666666666667
22,,,,3.5,0.8333333333333334,-3.5,0.8333333333333334,128.5,0.8695652173913043,128.5,0.8,12.0,,1.0,3.0,1.0,13.0,18.0,11.0,5.0,3.0,3.0,4.0,3.0,64.7,100.0,46.0,44,0,1,2.0,0.0,1.0,20180916154026.0,21077.0,1.7,0.4166666666666667
23,,,,3.5,0.8333333333333334,-3.5,0.8333333333333334,128.5,0.8695652173913043,128.5,0.8,12.0,,1.0,3.0,1.0,13.0,18.0,11.0,5.0,3.0,3.0,4.0,3.0,64.7,100.0,46.0,44,0,1,2.0,52.0,1.0,20180916154026.0,21077.0,1.7,0.4166666666666667
24,,,,3.5,0.8333333333333334,-3.5,0.8333333333333334,128.5,0.8695652173913043,128.5,0.8,12.0,,1.0,3.0,1.0,13.0,18.0,11.0,5.0,3.0,3.0,4.0,3.0,64.7,100.0,46.0,44,0,1,2.0,47.0,1.0,20180916154026.0,21077.0,1.7,0.4166666666666667
25,,,,3.5,0.8333333333333334,-3.5,0.8333333333333334,127.5,0.8333333333333334,127.5,0.8333333333333334,12.0,,1.0,3.0,1.0,13.0,18.0,11.0,5.0,3.0,3.0,4.0,3.0,64.7,100.0,46.0,44,0,1,2.0,39.0,1.0,20180916154047.0,21077.0,1.7,0.4166666666666667
26,,,,3.5,0.8333333333333334,-3.5,0.8333333333333334,127.5,0.8333333333333334,127.5,0.8333333333333334,12.0,,1.0,3.0,1.0,13.0,18.0,11.0,5.0,3.0,3.0,4.0,3.0,64.7,100.0,46.0,44,0,1,2.0,34.0,1.0,20180916154047.0,21077.0,1.7,0.4166666666666667
27,,,,3.5,0.8333333333333334,-3.5,0.8333333333333334,126.5,0.8695652173913043,126.5,0.8,12.0,,1.0,3.0,1.0,13.0,18.0,11.0,5.0,3.0,3.0,4.0,3.0,64.7,100.0,46.0,44,0,1,2.0,26.0,1.0,20180916154100.0,21077.0,1.7,0.4166666666666667
28,,,,3.5,0.8333333333333334,-3.5,0.8333333333333334,126.5,0.8333333333333334,126.5,0.8333333333333334,12.0,,1.0,3.0,1.0,13.0,18.0,11.0,5.0,3.0,3.0,4.0,3.0,64.7,100.0,46.0,44,0,1,2.0,24.0,1.0,20180916154103.0,21077.0,1.7,0.4166666666666667
29,,,,4.5,0.8333333333333334,-4.5,0.8333333333333334,126.5,0.8333333333333334,126.5,0.8333333333333334,12.0,,1.0,3.0,1.0,13.0,18.0,11.0,5.0,3.0,3.0,4.0,3.0,64.7,100.0,46.0,44,0,1,2.0,22.0,1.0,20180916154105.0,11077.0,2.25,0.3333333333333333
30,,,,4.5,0.8333333333333334,-4.5,0.8333333333333334,126.5,0.8333333333333334,126.5,0.8333333333333334,12.0,,1.0,3.0,1.0,13.0,18.0,11.0,5.0,3.0,3.0,4.0,3.0,64.7,100.0,46.0,44,0,1,2.0,19.0,0.0,20180916154107.0,11077.0,2.25,0.3333333333333333
31,,,,4.5,0.8333333333333334,-4.5,0.8333333333333334,126.5,0.8333333333333334,126.5,0.8333333333333334,12.0,^,1.0,3.0,1.0,13.0,18.0,11.0,5.0,3.0,3.0,4.0,4.0,64.7,100.0,46.0,44,0,1,2.0,20.0,0.0,20180916154109.0,21086^11077,2.25,0.3333333333333333
32,,,,4.5,0.8333333333333334,-4.5,0.8333333333333334,127.5,0.8333333333333334,127.5,0.8333333333333334,12.0,1:2,1.0,3.0,1.0,13.0,18.0,11.0,5.0,3.0,3.0,4.0,4.0,64.7,100.0,46.0,44,0,1,2.0,20.0,0.0,20180916154111.0,11078.0,2.4,0.30303030303030304
33,,,,4.5,0.9090909090909091,-4.5,0.7692307692307693,127.5,0.8333333333333334,127.5,0.8333333333333334,12.0,1:2^2:2,1.0,3.0,1.0,13.0,18.0,12.0,5.0,3.0,3.0,4.0,4.0,66.7,100.0,47.0,44,0,1,2.0,13.0,0.0,20180916154133.0,11079^11078,2.5,0.2857142857142857
34,,,,4.5,0.8,-4.5,0.8695652173913043,127.5,0.7692307692307693,127.5,0.9090909090909091,12.0,2:2^,1.0,3.0,1.0,13.0,18.0,12.0,5.0,3.0,3.0,4.0,4.0,63.2,100.0,47.0,44,0,1,2.0,13.0,1.0,20180916154142.0,11080^21077,2.25,0.3333333333333333
35,,,,4.5,0.8,-4.5,0.8695652173913043,127.5,0.7692307692307693,127.5,0.9090909090909091,12.0,,1.0,3.0,1.0,13.0,18.0,12.0,5.0,3.0,3.0,4.0,4.0,63.2,100.0,47.0,44,0,1,2.0,13.0,1.0,20180916154143.0,21077.0,2.25,0.3333333333333333
36,,,,4.5,0.8,-4.5,0.8695652173913043,127.5,0.7692307692307693,127.5,0.9090909090909091,12.0,,1.0,3.0,1.0,13.0,18.0,12.0,5.0,3.0,3.0,4.0,4.0,63.2,100.0,47.0,44,0,1,2.0,12.0,1.0,20180916154143.0,21077.0,2.25,0.3333333333333333
37,,,,4.5,0.8,-4.5,0.8695652173913043,126.5,0.8333333333333334,126.5,0.8333333333333334,12.0,,1.0,3.0,1.0,13.0,18.0,12.0,5.0,3.0,3.0,4.0,4.0,63.2,100.0,47.0,44,0,1,2.0,4.0,1.0,20180916154152.0,21077.0,2.25,0.3333333333333333
38,,,,4.5,0.8,-4.5,0.8695652173913043,126.5,0.8,126.5,0.8695652173913043,12.0,,1.0,3.0,1.0,13.0,18.0,12.0,5.0,3.0,3.0,4.0,4.0,63.2,100.0,47.0,44,0,1,0.0,56.0,1.0,20180916154200.0,21077.0,2.25,0.3333333333333333
39,,,,3.5,0.8333333333333334,-3.5,0.8333333333333334,128.5,0.8333333333333334,128.5,0.8333333333333334,12.0,^,1.0,3.0,1.0,13.0,19.0,12.0,5.0,3.0,3.0,4.0,4.0,63.2,100.0,47.0,46,0,1,0.0,54.0,1.0,20180916154202.0,21074^11077,1.75,0.4
40,,,,3.5,0.8333333333333334,-3.5,0.8333333333333334,128.5,0.7692307692307693,128.5,0.9090909090909091,12.0,,1.0,3.0,1.0,13.0,19.0,12.0,5.0,3.0,3.0,4.0,4.0,63.2,100.0,47.0,46,0,1,0.0,49.0,1.0,20180916154207.0,11077.0,1.75,0.4
41,,,,3.5,0.8333333333333334,-3.5,0.8333333333333334,127.5,0.8333333333333334,127.5,0.8333333333333334,12.0,,1.0,3.0,1.0,13.0,19.0,12.0,5.0,3.0,3.0,4.0,4.0,63.2,100.0,47.0,46,0,1,0.0,40.0,1.0,20180916154215.0,11077.0,1.75,0.4
42,,,,3.5,0.8333333333333334,-3.5,0.8333333333333334,127.5,0.7692307692307693,127.5,0.9090909090909091,12.0,,1.0,3.0,1.0,13.0,19.0,12.0,5.0,3.0,3.0,4.0,4.0,63.2,100.0,47.0,46,0,1,0.0,32.0,1.0,20180916154223.0,11077.0,1.75,0.4
43,,,,2.5,0.8333333333333334,-2.5,0.8333333333333334,127.5,0.7692307692307693,127.5,0.9090909090909091,12.0,,1.0,3.0,1.0,13.0,19.0,12.0,5.0,3.0,3.0,4.0,4.0,63.2,100.0,47.0,46,0,1,0.0,32.0,1.0,20180916154224.0,21077.0,1.4,0.5263157894736842
44,,,,2.5,0.8333333333333334,-2.5,0.8333333333333334,126.5,0.8333333333333334,126.5,0.8333333333333334,12.0,,1.0,3.0,1.0,13.0,19.0,12.0,5.0,3.0,3.0,4.0,4.0,63.2,100.0,47.0,46,0,1,0.0,23.0,1.0,20180916154232.0,21077.0,1.4,0.5263157894736842
45,,,,2.5,0.8333333333333334,-2.5,0.8333333333333334,126.5,0.7692307692307693,126.5,0.9090909090909091,12.0,,1.0,3.0,1.0,13.0,19.0,12.0,5.0,3.0,3.0,4.0,4.0,63.2,100.0,47.0,46,0,1,0.0,15.0,1.0,20180916154241.0,21077.0,1.4,0.5263157894736842
46,,,,3.5,0.8333333333333334,-3.5,0.8333333333333334,125.5,0.9090909090909091,125.5,0.7692307692307693,12.0,,1.0,3.0,1.0,13.0,19.0,12.0,5.0,3.0,3.0,4.0,4.0,63.2,100.0,47.0,46,0,1,0.0,10.0,0.0,20180916154246.0,11077.0,1.75,0.4
47,,,,3.5,0.8333333333333334,-3.5,0.8333333333333334,125.5,0.9090909090909091,125.5,0.7692307692307693,12.0,^,1.0,3.0,1.0,13.0,19.0,12.0,5.0,3.0,3.0,4.0,5.0,63.2,100.0,47.0,46,0,1,0.0,10.0,0.0,20180916154248.0,21086^11077,1.75,0.4
48,,,,3.5,0.8333333333333334,-3.5,0.8333333333333334,125.5,0.9090909090909091,125.5,0.7692307692307693,12.0,^,1.0,3.0,1.0,13.0,19.0,12.0,5.0,3.0,3.0,4.0,5.0,63.2,100.0,47.0,46,0,1,0.0,10.0,0.0,20180916154250.0,21086^11077,1.75,0.4
49,,,,3.5,0.8333333333333334,-3.5,0.8333333333333334,125.5,0.9090909090909091,125.5,0.7692307692307693,12.0,^,1.0,3.0,1.0,13.0,19.0,12.0,5.0,3.0,3.0,4.0,5.0,63.2,100.0,47.0,46,0,1,0.0,10.0,0.0,20180916154324.0,21086^11077,1.75,0.4
50,,,,3.5,0.8333333333333334,-3.5,0.8333333333333334,127.5,0.8333333333333334,127.5,0.8333333333333334,12.0,1:2,1.0,3.0,1.0,13.0,19.0,12.0,5.0,3.0,3.0,4.0,5.0,63.2,100.0,47.0,46,0,1,0.0,19.0,0.0,20180916154330.0,11078.0,1.85,0.38461538461538464
51,,,,3.5,0.9090909090909091,-3.5,0.7692307692307693,127.5,0.9090909090909091,127.5,0.7692307692307693,12.0,1:2^2:2,1.0,3.0,1.0,13.0,19.0,13.0,5.0,3.0,3.0,4.0,5.0,65.0,100.0,48.0,46,0,1,0.0,19.0,0.0,20180916154332.0,11079^11078,2.05,0.35714285714285715
52,,,,4.5,0.8,-4.5,0.8695652173913043,128.5,0.8333333333333334,128.5,0.8333333333333334,12.0,2:2^,1.0,3.0,1.0,13.0,19.0,14.0,5.0,3.0,3.0,4.0,5.0,66.7,100.0,49.0,46,0,1,0.0,19.0,0.0,20180916154336.0,11079^21077,2.25,0.3333333333333333
53,,,,4.5,0.8,-4.5,0.8695652173913043,128.5,0.8333333333333334,128.5,0.8333333333333334,12.0,2:2^,1.0,3.0,1.0,13.0,19.0,14.0,5.0,3.0,3.0,4.0,5.0,66.7,100.0,49.0,46,0,1,0.0,19.0,1.0,20180916154337.0,11079^21077,2.25,0.3333333333333333
54,,,,4.5,0.8,-4.5,0.8695652173913043,128.5,0.8333333333333334,128.5,0.8333333333333334,12.0,2:2^,1.0,3.0,1.0,13.0,19.0,14.0,5.0,3.0,3.0,4.0,5.0,66.7,100.0,49.0,46,0,1,0.0,18.0,1.0,20180916154338.0,11079^21077,2.25,0.3333333333333333
55,,,,4.5,0.8,-4.5,0.8695652173913043,127.5,0.9090909090909091,127.5,0.7692307692307693,12.0,,1.0,3.0,1.0,13.0,19.0,14.0,5.0,3.0,3.0,4.0,5.0,66.7,100.0,49.0,46,0,1,0.0,9.0,1.0,20180916154346.0,21077.0,2.25,0.3333333333333333
56,,,,4.5,0.7692307692307693,-4.5,0.9090909090909091,127.5,0.8695652173913043,127.5,0.8,12.0,,1.0,3.0,1.0,13.0,19.0,14.0,5.0,3.0,3.0,4.0,5.0,66.7,100.0,49.0,46,0,1,0.0,5.0,0.0,20180916154350.0,21077.0,2.25,0.3333333333333333
57,,,,4.5,0.7692307692307693,-4.5,0.9090909090909091,127.5,0.8695652173913043,127.5,0.8,12.0,,1.0,3.0,1.0,13.0,19.0,14.0,5.0,3.0,3.0,4.0,5.0,66.7,100.0,49.0,46,0,1,0.0,5.0,0.0,20180916154351.0,21077.0,2.25,0.3333333333333333
58,,,,4.5,0.7692307692307693,-4.5,0.9090909090909091,127.5,0.8695652173913043,127.5,0.8,12.0,,1.0,3.0,1.0,13.0,19.0,14.0,5.0,3.0,3.0,4.0,5.0,66.7,100.0,49.0,46,0,1,0.0,5.0,1.0,20180916154403.0,21077.0,2.25,0.3333333333333333
59,,,,4.5,0.7692307692307693,-4.5,0.9090909090909091,127.5,0.8333333333333334,127.5,0.8333333333333334,12.0,,1.0,3.0,1.0,13.0,19.0,14.0,5.0,3.0,3.0,4.0,5.0,66.7,100.0,49.0,46,0,1,0.0,3.0,0.0,20180916154405.0,21077.0,2.25,0.3333333333333333
60,,,,4.5,0.7692307692307693,-4.5,0.9090909090909091,127.5,0.8333333333333334,127.5,0.8333333333333334,12.0,,0.0,3.0,1.0,13.0,19.0,14.0,5.0,3.0,3.0,4.0,0.0,66.7,100.0,49.0,46,0,1,0.0,3.0,0.0,20180916154405.0,1082.0,2.25,0.3333333333333333
61,,,,4.5,0.7692307692307693,-4.5,0.9090909090909091,127.5,0.8333333333333334,127.5,0.8333333333333334,12.0,,0.0,3.0,1.0,13.0,19.0,14.0,5.0,3.0,3.0,4.0,0.0,66.7,100.0,49.0,46,0,1,0.0,3.0,0.0,20180916154420.0,1082.0,2.25,0.3333333333333333
62,,,,4.5,0.7692307692307693,-4.5,0.9090909090909091,127.5,0.8333333333333334,127.5,0.8333333333333334,12.0,^,0.0,3.0,1.0,13.0,19.0,14.0,5.0,3.0,3.0,4.0,0.0,66.7,100.0,49.0,46,0,1,0.0,3.0,1.0,20180916154640.0,01090^21077,2.25,0.3333333333333333
63,,,,4.5,0.7692307692307693,-4.5,0.9090909090909091,127.5,0.8,127.5,0.8695652173913043,12.0,,0.0,3.0,1.0,13.0,19.0,14.0,5.0,3.0,3.0,4.0,0.0,66.7,100.0,49.0,46,0,1,9.0,59.0,1.0,20180916154640.0,21077.0,2.25,0.3333333333333333
64,,,,4.5,0.7692307692307693,-4.5,0.9090909090909091,126.5,0.8695652173913043,126.5,0.8,12.0,,0.0,3.0,1.0,13.0,19.0,14.0,5.0,3.0,3.0,4.0,0.0,66.7,100.0,49.0,46,0,1,9.0,50.0,1.0,20180916154649.0,21077.0,2.25,0.3333333333333333
65,,,,2.5,0.9090909090909091,-2.5,0.7692307692307693,128.5,0.9090909090909091,128.5,0.7692307692307693,12.0,^,0.0,3.0,1.0,13.0,20.0,14.0,5.0,3.0,3.0,4.0,0.0,66.7,100.0,49.0,48,0,1,9.0,46.0,1.0,20180916154653.0,21074^11077,1.6,0.45454545454545453
66,,,,2.5,0.9090909090909091,-2.5,0.7692307692307693,128.5,0.8333333333333334,128.5,0.8333333333333334,12.0,,0.0,3.0,1.0,13.0,20.0,14.0,5.0,3.0,3.0,4.0,0.0,66.7,100.0,49.0,48,0,1,9.0,39.0,1.0,20180916154700.0,11077.0,1.6,0.45454545454545453
67,,,,2.5,0.9090909090909091,-2.5,0.7692307692307693,127.5,0.9090909090909091,127.5,0.7692307692307693,12.0,,0.0,3.0,1.0,13.0,20.0,14.0,5.0,3.0,3.0,4.0,0.0,66.7,100.0,49.0,48,0,1,9.0,30.0,1.0,20180916154708.0,11077.0,1.6,0.45454545454545453
68,,,,2.5,0.9090909090909091,-2.5,0.7692307692307693,127.5,0.8333333333333334,127.5,0.8333333333333334,12.0,,0.0,3.0,1.0,13.0,20.0,14.0,5.0,3.0,3.0,4.0,0.0,66.7,100.0,49.0,48,0,1,9.0,24.0,0.0,20180916154715.0,11077.0,1.6,0.45454545454545453
69,,,,2.5,0.9090909090909091,-2.5,0.7692307692307693,127.5,0.8333333333333334,127.5,0.8333333333333334,12.0,^,0.0,3.0,1.0,13.0,20.0,14.0,5.0,3.0,3.0,4.0,1.0,66.7,100.0,49.0,48,0,1,9.0,24.0,0.0,20180916154717.0,21086^11077,1.6,0.45454545454545453
70,,,,2.5,0.9090909090909091,-2.5,0.7692307692307693,127.5,0.8333333333333334,127.5,0.8333333333333334,12.0,1:2,0.0,3.0,1.0,13.0,20.0,14.0,5.0,3.0,3.0,4.0,1.0,66.7,100.0,49.0,48,0,1,9.0,24.0,0.0,20180916154719.0,11078.0,1.6,0.45454545454545453
71,,,,2.5,0.8,-2.5,0.8695652173913043,127.5,0.7692307692307693,127.5,0.9090909090909091,12.0,1:2^2:2,0.0,3.0,1.0,13.0,20.0,14.0,5.0,3.0,3.0,4.0,1.0,63.6,100.0,49.0,48,0,1,9.0,24.0,0.0,20180916154737.0,11080^11078,1.75,0.4
72,,,,2.5,0.8333333333333334,-2.5,0.8333333333333334,127.5,0.8333333333333334,127.5,0.8333333333333334,12.0,2:2^,0.0,3.0,1.0,13.0,20.0,15.0,5.0,3.0,3.0,4.0,1.0,65.2,100.0,50.0,48,0,1,9.0,24.0,0.0,20180916154749.0,11079^21077,1.95,0.37037037037037035
73,,,,2.5,0.8333333333333334,-2.5,0.8333333333333334,127.5,0.8333333333333334,127.5,0.8333333333333334,12.0,2:2^,0.0,3.0,1.0,13.0,20.0,15.0,5.0,3.0,3.0,4.0,1.0,65.2,100.0,50.0,48,0,1,9.0,23.0,0.0,20180916154749.0,11079^21077,1.95,0.37037037037037035
74,,,,2.5,0.8333333333333334,-2.5,0.8333333333333334,127.5,0.8333333333333334,127.5,0.8333333333333334,12.0,,0.0,3.0,1.0,13.0,20.0,15.0,5.0,3.0,3.0,4.0,1.0,65.2,100.0,50.0,48,0,1,9.0,24.0,0.0,20180916154753.0,21077.0,1.95,0.37037037037037035
75,,,,2.5,0.8333333333333334,-2.5,0.8333333333333334,127.5,0.8,127.5,0.8695652173913043,12.0,,0.0,3.0,1.0,13.0,20.0,15.0,5.0,3.0,3.0,4.0,1.0,65.2,100.0,50.0,48,0,1,9.0,15.0,0.0,20180916154801.0,21077.0,1.95,0.37037037037037035
76,,,,2.5,0.8695652173913043,-2.5,0.8,127.5,0.8333333333333334,127.5,0.8333333333333334,12.0,,0.0,3.0,1.0,13.0,20.0,15.0,5.0,3.0,3.0,4.0,1.0,65.2,100.0,50.0,48,0,1,9.0,7.0,0.0,20180916154809.0,11077.0,2.15,0.3448275862068966
77,,,,2.5,0.8695652173913043,-2.5,0.8,127.5,0.8333333333333334,127.5,0.8333333333333334,12.0,,0.0,3.0,1.0,13.0,20.0,15.0,5.0,3.0,3.0,4.0,1.0,65.2,100.0,50.0,48,0,1,9.0,6.0,0.0,20180916154809.0,11077.0,2.15,0.3448275862068966
78,,,,2.5,0.8695652173913043,-2.5,0.8,127.5,0.7692307692307693,127.5,0.9090909090909091,12.0,,0.0,3.0,1.0,13.0,20.0,15.0,5.0,3.0,3.0,4.0,1.0,65.2,100.0,50.0,48,0,1,8.0,58.0,0.0,20180916154818.0,11077.0,2.15,0.3448275862068966
79,,,,2.5,0.8695652173913043,-2.5,0.8,126.5,0.8695652173913043,126.5,0.8,12.0,,0.0,3.0,1.0,13.0,20.0,15.0,5.0,3.0,3.0,4.0,1.0,65.2,100.0,50.0,48,0,1,8.0,53.0,0.0,20180916154822.0,11077.0,2.15,0.3448275862068966
80,,,,2.5,0.8695652173913043,-2.5,0.8,126.5,0.8695652173913043,126.5,0.8,12.0,,0.0,3.0,1.0,13.0,20.0,15.0,5.0,3.0,3.0,4.0,1.0,65.2,100.0,50.0,48,0,1,8.0,53.0,0.0,20180916154823.0,11077.0,2.15,0.3448275862068966
81,,,,2.5,0.8695652173913043,-2.5,0.8,126.5,0.8695652173913043,126.5,0.8,12.0,,0.0,3.0,1.0,13.0,20.0,15.0,5.0,3.0,3.0,4.0,1.0,65.2,100.0,50.0,48,0,1,8.0,54.0,0.0,20180916154825.0,11077.0,2.15,0.3448275862068966
82,,,,2.5,0.8695652173913043,-2.5,0.8,126.5,0.8695652173913043,126.5,0.8,12.0,^,0.0,3.0,1.0,13.0,20.0,15.0,5.0,3.0,3.0,4.0,2.0,65.2,100.0,50.0,48,0,1,8.0,54.0,0.0,20180916154842.0,21086^11077,2.15,0.3448275862068966
83,,,,2.5,0.8695652173913043,-2.5,0.8,126.5,0.8695652173913043,126.5,0.8,12.0,^,0.0,3.0,1.0,13.0,20.0,15.0,5.0,3.0,3.0,4.0,2.0,65.2,100.0,50.0,48,0,1,8.0,53.0,0.0,20180916154842.0,21086^11077,2.15,0.3448275862068966
84,,,,2.5,0.8695652173913043,-2.5,0.8,126.5,0.8,126.5,0.8695652173913043,12.0,,0.0,3.0,1.0,13.0,20.0,15.0,5.0,3.0,3.0,4.0,2.0,65.2,100.0,50.0,48,0,1,8.0,44.0,0.0,20180916154902.0,11077.0,2.25,0.3333333333333333
85,,,,2.5,0.8695652173913043,-2.5,0.8,125.5,0.8695652173913043,125.5,0.8,12.0,,0.0,3.0,1.0,13.0,20.0,15.0,5.0,3.0,3.0,4.0,2.0,65.2,100.0,50.0,48,0,1,8.0,36.0,0.0,20180916154910.0,11077.0,2.25,0.3333333333333333
86,,,,2.5,0.8695652173913043,-2.5,0.8,125.5,0.8695652173913043,125.5,0.8,12.0,,0.0,3.0,1.0,13.0,20.0,15.0,5.0,3.0,3.0,4.0,2.0,65.2,100.0,50.0,48,0,1,8.0,36.0,1.0,20180916154924.0,11077.0,2.25,0.3333333333333333
87,,,,2.5,0.8,-2.5,0.8695652173913043,125.5,0.8695652173913043,125.5,0.8,12.0,,0.0,3.0,1.0,13.0,20.0,15.0,5.0,3.0,3.0,4.0,2.0,65.2,100.0,50.0,48,0,1,8.0,35.0,1.0,20180916154925.0,21077.0,1.85,0.38461538461538464
88,,,,2.5,0.8,-2.5,0.8695652173913043,125.5,0.8,125.5,0.8695652173913043,12.0,,0.0,3.0,1.0,13.0,20.0,15.0,5.0,3.0,3.0,4.0,2.0,65.2,100.0,50.0,48,0,1,8.0,26.0,1.0,20180916154933.0,21077.0,1.85,0.38461538461538464
89,,,,2.5,0.8,-2.5,0.8695652173913043,124.5,0.8695652173913043,124.5,0.8,12.0,,0.0,3.0,1.0,13.0,20.0,15.0,5.0,3.0,3.0,4.0,2.0,65.2,100.0,50.0,48,0,1,8.0,19.0,0.0,20180916154941.0,21077.0,1.75,0.4
90,,,,2.5,0.8,-2.5,0.8695652173913043,124.5,0.8695652173913043,124.5,0.8,12.0,,0.0,3.0,1.0,13.0,20.0,15.0,5.0,3.0,3.0,4.0,2.0,65.2,100.0,50.0,48,0,1,8.0,19.0,1.0,20180916155001.0,21077.0,1.75,0.4
91,,,,2.5,0.8,-2.5,0.8695652173913043,124.5,0.8695652173913043,124.5,0.8,12.0,,0.0,3.0,1.0,13.0,20.0,15.0,5.0,3.0,3.0,4.0,2.0,65.2,100.0,50.0,48,0,1,8.0,18.0,1.0,20180916155001.0,21077.0,1.75,0.4
92,,,,2.5,0.8695652173913043,-2.5,0.8,124.5,0.8333333333333334,124.5,0.8333333333333334,12.0,,0.0,3.0,1.0,13.0,20.0,15.0,5.0,3.0,3.0,4.0,2.0,65.2,100.0,50.0,48,0,1,8.0,15.0,1.0,20180916155004.0,11077.0,2.25,0.3333333333333333
93,,,,2.5,0.9090909090909091,-2.5,0.7692307692307693,124.5,0.7692307692307693,124.5,0.9090909090909091,12.0,,0.0,3.0,1.0,13.0,20.0,15.0,5.0,3.0,3.0,4.0,2.0,65.2,100.0,50.0,48,0,1,8.0,6.0,1.0,20180916155012.0,11077.0,2.25,0.3333333333333333
94,,,,2.5,0.9090909090909091,-2.5,0.7692307692307693,123.5,0.9090909090909091,123.5,0.7692307692307693,12.0,,0.0,3.0,1.0,13.0,20.0,15.0,5.0,3.0,3.0,4.0,2.0,65.2,100.0,50.0,48,0,1,8.0,5.0,0.0,20180916155013.0,11077.0,2.25,0.3333333333333333
95,,,,2.5,0.9090909090909091,-2.5,0.7692307692307693,123.5,0.9090909090909091,123.5,0.7692307692307693,12.0,,0.0,3.0,1.0,13.0,20.0,15.0,5.0,3.0,3.0,4.0,2.0,65.2,100.0,50.0,48,0,1,8.0,5.0,1.0,20180916155028.0,11077.0,2.25,0.3333333333333333
96,,,,2.5,0.9090909090909091,-2.5,0.7692307692307693,123.5,0.9090909090909091,123.5,0.7692307692307693,12.0,,0.0,3.0,1.0,13.0,20.0,15.0,5.0,3.0,3.0,4.0,2.0,65.2,100.0,50.0,48,0,1,8.0,5.0,1.0,20180916155029.0,11077.0,2.25,0.3333333333333333
97,,,,2.5,0.9090909090909091,-2.5,0.7692307692307693,123.5,0.8,123.5,0.8695652173913043,12.0,,0.0,3.0,1.0,13.0,20.0,15.0,5.0,3.0,3.0,4.0,2.0,65.2,100.0,50.0,48,0,1,7.0,54.0,1.0,20180916155034.0,11077.0,2.3,0.3125
98,,,,2.5,0.9090909090909091,-2.5,0.7692307692307693,123.5,0.7692307692307693,123.5,0.9090909090909091,12.0,,0.0,3.0,1.0,13.0,20.0,15.0,5.0,3.0,3.0,4.0,2.0,65.2,100.0,50.0,48,0,1,7.0,51.0,0.0,20180916155036.0,11077.0,2.3,0.3125
99,,,,2.5,0.9090909090909091,-2.5,0.7692307692307693,123.5,0.7692307692307693,123.5,0.9090909090909091,12.0,^,0.0,3.0,1.0,13.0,20.0,15.0,5.0,3.0,3.0,4.0,3.0,65.2,100.0,50.0,48,0,1,7.0,52.0,0.0,20180916155038.0,21086^11077,2.3,0.3125
100,,,,4.5,0.8,-4.5,0.8695652173913043,124.5,0.8333333333333334,124.5,0.8333333333333334,12.0,1:2,0.0,3.0,1.0,13.0,20.0,15.0,5.0,3.0,3.0,4.0,3.0,65.2,100.0,50.0,48,0,1,7.0,52.0,0.0,20180916155039.0,11078.0,2.5,0.2857142857142857
101,,,,3.5,0.8333333333333334,-3.5,0.8333333333333334,123.5,0.8333333333333334,123.5,0.8333333333333334,12.0,1:2^2:2,0.0,3.0,1.0,13.0,20.0,15.0,5.0,3.0,3.0,4.0,3.0,62.5,100.0,50.0,48,0,1,7.0,45.0,0.0,20180916155118.0,11080^11078,2.15,0.3448275862068966
102,,,,3.5,0.7692307692307693,-3.5,0.9090909090909091,122.5,0.8695652173913043,122.5,0.8,12.0,2:2^,0.0,3.0,1.0,13.0,20.0,15.0,5.0,3.0,3.0,4.0,3.0,60.0,100.0,50.0,48,0,1,7.0,45.0,1.0,20180916155127.0,11080^21077,1.75,0.4
103,,,,3.5,0.7692307692307693,-3.5,0.9090909090909091,122.5,0.8695652173913043,122.5,0.8,12.0,2:2^,0.0,3.0,1.0,13.0,20.0,15.0,5.0,3.0,3.0,4.0,3.0,60.0,100.0,50.0,48,0,1,7.0,44.0,1.0,20180916155127.0,11080^21077,1.75,0.4
104,,,,2.5,0.9090909090909091,-2.5,0.7692307692307693,122.5,0.8,122.5,0.8695652173913043,12.0,2:2^,0.0,3.0,1.0,13.0,20.0,15.0,5.0,3.0,3.0,4.0,3.0,60.0,100.0,50.0,48,0,1,7.0,36.0,1.0,20180916155137.0,11080^21077,1.7,0.4166666666666667
105,,,,3.5,0.9090909090909091,-3.5,0.7692307692307693,121.5,0.9090909090909091,121.5,0.7692307692307693,12.0,2:2^,0.0,3.0,1.0,13.0,20.0,15.0,5.0,3.0,3.0,4.0,3.0,60.0,100.0,50.0,48,0,1,7.0,32.0,1.0,20180916155141.0,11077.0,2.3,0.3125
106,,,,3.5,0.9090909090909091,-3.5,0.7692307692307693,121.5,0.9090909090909091,121.5,0.7692307692307693,12.0,2:2^,0.0,3.0,1.0,13.0,20.0,15.0,5.0,3.0,3.0,4.0,3.0,60.0,100.0,50.0,48,0,1,7.0,31.0,1.0,20180916155141.0,11077.0,2.3,0.3125
107,,,,2.5,0.9090909090909091,-2.5,0.7692307692307693,121.5,0.8333333333333334,121.5,0.8333333333333334,12.0,2:2^,0.0,3.0,1.0,13.0,20.0,15.0,5.0,3.0,3.0,4.0,3.0,60.0,100.0,50.0,48,0,1,7.0,24.0,1.0,20180916155149.0,21077.0,1.7,0.4166666666666667
108,,,,2.5,0.9090909090909091,-2.5,0.7692307692307693,121.5,0.7692307692307693,121.5,0.9090909090909091,12.0,2:2^,0.0,3.0,1.0,13.0,20.0,15.0,5.0,3.0,3.0,4.0,3.0,60.0,100.0,50.0,48,0,1,7.0,15.0,1.0,20180916155157.0,21077.0,1.7,0.4166666666666667
109,,,,2.5,0.9090909090909091,-2.5,0.7692307692307693,121.5,0.7692307692307693,121.5,0.9090909090909091,12.0,2:2^,0.0,3.0,1.0,13.0,20.0,15.0,5.0,3.0,3.0,4.0,3.0,60.0,100.0,50.0,48,0,1,7.0,12.0,1.0,20180916155157.0,21077.0,1.7,0.4166666666666667
110,,,,2.5,0.9090909090909091,-2.5,0.7692307692307693,121.5,0.7692307692307693,121.5,0.9090909090909091,12.0,2:2^,0.0,3.0,1.0,13.0,20.0,15.0,5.0,3.0,3.0,4.0,3.0,60.0,100.0,50.0,48,0,1,7.0,10.0,0.0,20180916155203.0,21077.0,1.7,0.4166666666666667
111,,,,2.5,0.9090909090909091,-2.5,0.7692307692307693,121.5,0.7692307692307693,121.5,0.9090909090909091,12.0,^,0.0,3.0,1.0,13.0,20.0,15.0,5.0,3.0,3.0,1.0,3.0,60.0,100.0,50.0,48,0,1,7.0,11.0,0.0,20180916155208.0,11086^21077,1.7,0.4166666666666667
112,,,,2.5,0.8333333333333334,-2.5,0.8333333333333334,122.5,0.7692307692307693,122.5,0.9090909090909091,12.0,1:2,0.0,3.0,1.0,13.0,20.0,15.0,6.0,3.0,3.0,1.0,3.0,60.0,100.0,50.0,48,0,1,7.0,11.0,0.0,20180916155208.0,21078.0,1.6,0.45454545454545453
113,,,,2.5,0.7692307692307693,-2.5,0.9090909090909091,123.5,0.7692307692307693,123.5,0.9090909090909091,12.0,2:2^,0.0,3.0,1.0,13.0,20.0,15.0,7.0,3.0,3.0,1.0,3.0,60.0,100.0,50.0,50,0,1,7.0,11.0,0.0,20180916155242.0,21079^11077,1.4,0.5263157894736842
114,,,,2.5,0.7692307692307693,-2.5,0.9090909090909091,123.5,0.7692307692307693,123.5,0.9090909090909091,12.0,2:2^,0.0,3.0,1.0,13.0,20.0,15.0,7.0,3.0,3.0,1.0,3.0,60.0,100.0,50.0,50,0,1,7.0,11.0,0.0,20180916155242.0,21079^11077,1.4,0.5263157894736842
115,,,,2.5,0.7692307692307693,-2.5,0.9090909090909091,122.5,0.8333333333333334,122.5,0.8333333333333334,12.0,,0.0,3.0,1.0,13.0,20.0,15.0,7.0,3.0,3.0,1.0,3.0,60.0,100.0,50.0,50,0,1,7.0,2.0,0.0,20180916155254.0,11077.0,1.3,0.5555555555555556
116,,,,2.5,0.7692307692307693,-2.5,0.9090909090909091,122.5,0.7692307692307693,122.5,0.9090909090909091,12.0,,0.0,3.0,1.0,13.0,20.0,15.0,7.0,3.0,3.0,1.0,3.0,60.0,100.0,50.0,50,0,1,6.0,54.0,0.0,20180916155302.0,11077.0,1.3,0.5555555555555556
117,,,,2.5,0.7692307692307693,-2.5,0.9090909090909091,122.5,0.7692307692307693,122.5,0.9090909090909091,12.0,,0.0,3.0,1.0,13.0,20.0,15.0,7.0,3.0,3.0,1.0,3.0,60.0,100.0,50.0,50,0,1,6.0,53.0,0.0,20180916155303.0,11077.0,1.3,0.5555555555555556
118,,,,2.5,0.7692307692307693,-2.5,0.9090909090909091,122.5,0.7142857142857143,122.5,1.0,12.0,^,1.0,3.0,1.0,13.0,20.0,15.0,7.0,3.0,3.0,1.0,4.0,60.0,100.0,50.0,50,0,1,6.0,53.0,0.0,20180916155305.0,21086^11077,1.3,0.5555555555555556
119,,,,2.5,0.7692307692307693,-2.5,0.9090909090909091,122.5,0.7142857142857143,122.5,1.0,12.0,^,1.0,3.0,1.0,13.0,20.0,15.0,7.0,3.0,3.0,1.0,4.0,60.0,100.0,50.0,50,0,1,6.0,53.0,0.0,20180916155309.0,21086^11077,1.3,0.5555555555555556
120,,,,2.5,0.7692307692307693,-2.5,0.9090909090909091,122.5,0.7142857142857143,122.5,1.0,12.0,^,1.0,3.0,1.0,13.0,20.0,15.0,7.0,3.0,3.0,1.0,4.0,60.0,100.0,50.0,50,0,1,6.0,52.0,0.0,20180916155309.0,21086^11077,1.3,0.5555555555555556
121,,,,2.5,0.7692307692307693,-2.5,0.9090909090909091,122.5,0.7692307692307693,122.5,0.9090909090909091,12.0,,1.0,3.0,1.0,13.0,20.0,15.0,7.0,3.0,3.0,1.0,4.0,60.0,100.0,50.0,50,0,1,6.0,54.0,0.0,20180916155324.0,11077.0,1.3,0.5555555555555556
122,,,,2.5,0.7692307692307693,-2.5,0.9090909090909091,121.5,0.9090909090909091,121.5,0.7692307692307693,12.0,,1.0,3.0,1.0,13.0,20.0,15.0,7.0,3.0,3.0,1.0,4.0,60.0,100.0,50.0,50,0,1,6.0,49.0,0.0,20180916155328.0,11077.0,1.3,0.5555555555555556
123,,,,2.5,0.7692307692307693,-2.5,0.9090909090909091,121.5,0.9090909090909091,121.5,0.7692307692307693,12.0,,1.0,3.0,1.0,13.0,20.0,15.0,7.0,3.0,3.0,1.0,4.0,60.0,100.0,50.0,50,0,1,6.0,49.0,1.0,20180916155338.0,11077.0,1.3,0.5555555555555556
124,,,,1.5,0.7692307692307693,-1.5,0.9090909090909091,121.5,0.8695652173913043,121.5,0.8,12.0,,1.0,3.0,1.0,13.0,20.0,15.0,7.0,3.0,3.0,1.0,4.0,60.0,100.0,50.0,50,0,1,6.0,41.0,0.0,20180916155345.0,21077.0,1.25,0.5714285714285714
125,,,,1.5,0.7692307692307693,-1.5,0.9090909090909091,121.5,0.8695652173913043,121.5,0.8,12.0,,1.0,3.0,1.0,13.0,20.0,15.0,7.0,3.0,3.0,1.0,4.0,60.0,100.0,50.0,50,0,1,6.0,41.0,1.0,20180916155409.0,21077.0,1.25,0.5714285714285714
126,,,,1.5,0.7692307692307693,-1.5,0.9090909090909091,121.5,0.8695652173913043,121.5,0.8,12.0,,1.0,3.0,1.0,13.0,20.0,15.0,7.0,3.0,3.0,1.0,4.0,60.0,100.0,50.0,50,0,1,6.0,41.0,1.0,20180916155410.0,21077.0,1.25,0.5714285714285714
127,,,,1.5,0.7692307692307693,-1.5,0.9090909090909091,121.5,0.8695652173913043,121.5,0.8,12.0,,1.0,3.0,1.0,13.0,20.0,15.0,7.0,3.0,3.0,1.0,4.0,60.0,100.0,50.0,50,0,1,6.0,42.0,1.0,20180916155410.0,21077.0,1.25,0.5714285714285714
128,,,,-1.5,0.8333333333333334,1.5,0.8333333333333334,124.5,0.8695652173913043,124.5,0.8,12.0,^,1.0,3.0,2.0,13.0,20.0,15.0,7.0,3.0,3.0,1.0,4.0,60.0,100.0,50.0,53,0,1,6.0,39.0,1.0,20180916155413.0,21075^11077,0.5714285714285714,1.25
129,,,,-1.5,0.8333333333333334,1.5,0.8333333333333334,124.5,0.7692307692307693,124.5,0.9090909090909091,12.0,,1.0,3.0,2.0,13.0,20.0,15.0,7.0,3.0,3.0,1.0,4.0,60.0,100.0,50.0,53,0,1,6.0,32.0,1.0,20180916155419.0,11077.0,0.5714285714285714,1.25
130,,,,-1.5,0.8,1.5,0.8695652173913043,123.5,0.8333333333333334,123.5,0.8333333333333334,12.0,,1.0,3.0,2.0,13.0,20.0,15.0,7.0,3.0,3.0,1.0,4.0,60.0,100.0,50.0,53,0,1,6.0,23.0,1.0,20180916155428.0,11077.0,0.5714285714285714,1.25
131,,,,-1.5,0.8695652173913043,1.5,0.8,123.5,0.8333333333333334,123.5,0.8333333333333334,12.0,,1.0,3.0,2.0,13.0,20.0,15.0,7.0,3.0,3.0,1.0,4.0,60.0,100.0,52.0,53,0,1,6.0,21.0,1.0,20180916155431.0,11077.0,0.5714285714285714,1.25
132,,,,-1.5,0.8695652173913043,1.5,0.8,123.5,0.8333333333333334,123.5,0.8333333333333334,12.0,,1.0,3.0,2.0,13.0,20.0,15.0,7.0,3.0,3.0,1.0,4.0,60.0,100.0,52.0,53,0,1,6.0,17.0,1.0,20180916155435.0,21077.0,0.5714285714285714,1.25
133,,,,-1.5,0.8695652173913043,1.5,0.8,124.5,1.0,124.5,0.7142857142857143,12.0,,1.0,3.0,2.0,13.0,20.0,15.0,7.0,3.0,3.0,1.0,4.0,60.0,100.0,52.0,53,0,1,6.0,8.0,1.0,20180916155443.0,21077.0,0.5714285714285714,1.25
134,,,,1.5,0.7692307692307693,-1.5,0.9090909090909091,124.5,0.8695652173913043,124.5,0.8,12.0,,1.0,3.0,2.0,13.0,20.0,15.0,7.0,3.0,3.0,1.0,4.0,60.0,100.0,52.0,53,0,1,6.0,4.0,1.0,20180916155447.0,11077.0,1.25,0.5714285714285714
135,,,,1.5,0.7692307692307693,-1.5,0.9090909090909091,124.5,0.8,124.5,0.8695652173913043,12.0,,1.0,3.0,2.0,13.0,20.0,15.0,7.0,3.0,3.0,1.0,4.0,60.0,100.0,52.0,53,0,1,5.0,56.0,0.0,20180916155454.0,11077.0,1.25,0.5714285714285714
136,,,,1.5,0.7692307692307693,-1.5,0.9090909090909091,124.5,0.8,124.5,0.8695652173913043,12.0,,1.0,3.0,2.0,13.0,20.0,15.0,7.0,3.0,3.0,1.0,4.0,60.0,100.0,52.0,53,0,1,5.0,56.0,0.0,20180916155455.0,11077.0,1.25,0.5714285714285714
137,44.0,5.0,,1.5,0.7142857142857143,-1.5,1.0,124.5,0.7692307692307693,124.5,0.9090909090909091,12.0,,1.0,3.0,2.0,13.0,20.0,15.0,7.0,2.0,3.0,1.0,4.0,60.0,100.0,52.0,53,0,1,5.0,55.0,0.0,20180916155511.0,11081.0,1.25,0.5714285714285714
138,,,,1.5,0.7142857142857143,-1.5,1.0,124.5,0.7692307692307693,124.5,0.9090909090909091,12.0,,1.0,3.0,2.0,13.0,20.0,15.0,7.0,2.0,3.0,1.0,4.0,60.0,100.0,52.0,53,0,1,5.0,55.0,1.0,20180916155710.0,11077.0,1.25,0.5714285714285714
139,,,,-1.5,0.8695652173913043,1.5,0.8,124.5,0.7692307692307693,124.5,0.9090909090909091,12.0,,1.0,3.0,2.0,13.0,20.0,15.0,7.0,2.0,3.0,1.0,4.0,60.0,100.0,52.0,53,0,1,5.0,54.0,1.0,20180916155711.0,21077.0,0.6666666666666666,1.1
140,,,,-1.5,0.8695652173913043,1.5,0.8,123.5,0.8695652173913043,123.5,0.8,12.0,,1.0,3.0,2.0,13.0,20.0,15.0,7.0,2.0,3.0,1.0,4.0,60.0,100.0,52.0,53,0,1,5.0,45.0,1.0,20180916155719.0,21077.0,0.6666666666666666,1.1
141,,,,1.5,0.8,-1.5,0.8695652173913043,123.5,0.8,123.5,0.8695652173913043,12.0,,1.0,3.0,2.0,13.0,20.0,15.0,7.0,2.0,3.0,1.0,4.0,60.0,100.0,52.0,53,0,1,5.0,40.0,1.0,20180916155725.0,11077.0,1.1,0.6666666666666666
142,,,,1.5,0.8,-1.5,0.8695652173913043,123.5,0.8,123.5,0.8695652173913043,12.0,,1.0,3.0,2.0,13.0,20.0,15.0,7.0,2.0,3.0,1.0,4.0,60.0,100.0,52.0,53,0,1,5.0,39.0,1.0,20180916155725.0,11077.0,1.1,0.6666666666666666
143,,,,1.5,0.8,-1.5,0.8695652173913043,122.5,0.9090909090909091,122.5,0.7692307692307693,12.0,,1.0,3.0,2.0,13.0,20.0,15.0,7.0,2.0,3.0,1.0,4.0,60.0,100.0,52.0,53,0,1,5.0,31.0,1.0,20180916155733.0,11077.0,1.1,0.6666666666666666
144,,,,1.5,0.8,-1.5,0.8695652173913043,122.5,0.8333333333333334,122.5,0.8333333333333334,12.0,,1.0,3.0,2.0,13.0,20.0,15.0,7.0,2.0,3.0,1.0,4.0,60.0,100.0,52.0,53,0,1,5.0,23.0,0.0,20180916155741.0,11077.0,1.1,0.6666666666666666
145,,,,1.5,0.8,-1.5,0.8695652173913043,122.5,0.8333333333333334,122.5,0.8333333333333334,12.0,,1.0,3.0,2.0,13.0,20.0,15.0,7.0,2.0,3.0,1.0,4.0,60.0,100.0,52.0,53,0,1,5.0,23.0,1.0,20180916155748.0,11077.0,1.1,0.6666666666666666
146,,,,-1.5,0.8695652173913043,1.5,0.8,122.5,0.8333333333333334,122.5,0.8333333333333334,12.0,,1.0,3.0,2.0,13.0,20.0,15.0,7.0,2.0,3.0,1.0,4.0,60.0,100.0,52.0,53,0,1,5.0,24.0,1.0,20180916155749.0,21077.0,0.6666666666666666,1.1
147,,,,-1.5,0.8695652173913043,1.5,0.8,121.5,1.0,121.5,0.7142857142857143,12.0,,1.0,3.0,2.0,13.0,20.0,15.0,7.0,2.0,3.0,1.0,4.0,60.0,100.0,52.0,53,0,1,5.0,15.0,1.0,20180916155757.0,21077.0,0.6666666666666666,1.1
148,,,,1.5,0.8,-1.5,0.8695652173913043,121.5,0.8695652173913043,121.5,0.8,12.0,,1.0,3.0,2.0,13.0,20.0,15.0,7.0,2.0,3.0,1.0,4.0,60.0,100.0,52.0,53,0,1,5.0,12.0,1.0,20180916155802.0,11077.0,1.1,0.6666666666666666
149,,,,1.5,0.8,-1.5,0.8695652173913043,121.5,0.8695652173913043,121.5,0.8,12.0,,1.0,3.0,2.0,13.0,20.0,15.0,7.0,2.0,3.0,1.0,4.0,60.0,100.0,52.0,53,0,1,5.0,11.0,1.0,20180916155802.0,11077.0,1.1,0.6666666666666666
150,,,,1.5,0.7692307692307693,-1.5,0.9090909090909091,121.5,0.8,121.5,0.8695652173913043,12.0,,1.0,3.0,2.0,13.0,20.0,15.0,7.0,2.0,3.0,1.0,4.0,60.0,100.0,52.0,53,0,1,5.0,3.0,1.0,20180916155810.0,11077.0,1.1,0.6666666666666666
151,,,,2.5,0.8333333333333334,-2.5,0.8333333333333334,124.5,0.7692307692307693,124.5,0.9090909090909091,12.0,^,1.0,4.0,2.0,13.0,20.0,15.0,7.0,2.0,3.0,1.0,4.0,60.0,100.0,55.0,53,0,1,4.0,57.0,1.0,20180916155816.0,11075^21077,1.7,0.4166666666666667
152,,,,2.5,0.8333333333333334,-2.5,0.8333333333333334,123.5,0.9090909090909091,123.5,0.7692307692307693,12.0,,1.0,4.0,2.0,13.0,20.0,15.0,7.0,2.0,3.0,1.0,4.0,60.0,100.0,55.0,53,0,1,4.0,53.0,1.0,20180916155820.0,21077.0,1.7,0.4166666666666667
153,,,,2.5,0.8333333333333334,-2.5,0.8333333333333334,123.5,0.8333333333333334,123.5,0.8333333333333334,12.0,,1.0,4.0,2.0,13.0,20.0,15.0,7.0,2.0,3.0,1.0,4.0,60.0,100.0,55.0,53,0,1,4.0,46.0,0.0,20180916155826.0,21077.0,1.7,0.4166666666666667
154,,,,2.5,0.8333333333333334,-2.5,0.8333333333333334,123.5,0.8333333333333334,123.5,0.8333333333333334,12.0,^,1.0,4.0,2.0,13.0,20.0,15.0,7.0,2.0,3.0,2.0,4.0,60.0,100.0,55.0,53,0,1,4.0,47.0,0.0,20180916155831.0,11086^21077,1.7,0.4166666666666667
155,,,,2.5,0.8333333333333334,-2.5,0.8333333333333334,123.5,0.8333333333333334,123.5,0.8333333333333334,12.0,^,1.0,4.0,2.0,13.0,20.0,15.0,7.0,2.0,3.0,2.0,4.0,60.0,100.0,55.0,53,0,1,4.0,47.0,0.0,20180916155832.0,11086^21077,1.7,0.4166666666666667
156,,,,2.5,0.8333333333333334,-2.5,0.8333333333333334,123.5,0.8333333333333334,123.5,0.8333333333333334,12.0,^,1.0,4.0,2.0,13.0,20.0,15.0,7.0,2.0,3.0,2.0,4.0,60.0,100.0,55.0,53,0,1,4.0,47.0,1.0,20180916155849.0,11086^21077,1.7,0.4166666666666667
157,,,,2.5,0.8333333333333334,-2.5,0.8333333333333334,123.5,0.8695652173913043,123.5,0.8,12.0,^,1.0,4.0,2.0,13.0,20.0,15.0,7.0,2.0,3.0,2.0,4.0,60.0,100.0,55.0,53,0,1,4.0,49.0,1.0,20180916155849.0,11086^21077,1.7,0.4166666666666667
158,,,,2.5,0.8333333333333334,-2.5,0.8333333333333334,123.5,0.7692307692307693,123.5,0.9090909090909091,12.0,,1.0,4.0,2.0,13.0,20.0,15.0,7.0,2.0,3.0,2.0,4.0,60.0,100.0,55.0,53,0,1,4.0,40.0,1.0,20180916155858.0,21077.0,1.7,0.4166666666666667
159,,,,2.5,0.8333333333333334,-2.5,0.8333333333333334,123.5,0.7692307692307693,123.5,0.9090909090909091,12.0,,1.0,4.0,2.0,13.0,20.0,15.0,7.0,2.0,3.0,2.0,4.0,60.0,100.0,55.0,53,0,1,4.0,33.0,1.0,20180916155858.0,21077.0,1.7,0.4166666666666667
160,,,,2.5,0.8333333333333334,-2.5,0.8333333333333334,123.5,0.8333333333333334,123.5,0.8333333333333334,12.0,,1.0,4.0,2.0,13.0,20.0,15.0,7.0,2.0,3.0,2.0,4.0,60.0,100.0,55.0,53,0,1,4.0,26.0,0.0,20180916155912.0,21077.0,1.7,0.4166666666666667
161,,,,2.5,0.8333333333333334,-2.5,0.8333333333333334,123.5,0.8333333333333334,123.5,0.8333333333333334,12.0,,1.0,4.0,2.0,13.0,20.0,15.0,7.0,2.0,3.0,2.0,4.0,60.0,100.0,55.0,53,0,1,4.0,26.0,0.0,20180916155914.0,21077.0,1.7,0.4166666666666667
162,,,,2.5,0.8695652173913043,-2.5,0.8,123.5,0.8333333333333334,123.5,0.8333333333333334,12.0,1:2,1.0,4.0,2.0,13.0,20.0,15.0,7.0,2.0,3.0,2.0,4.0,60.0,100.0,55.0,53,0,1,4.0,26.0,0.0,20180916155915.0,11078.0,2.65,0.26666666666666666
163,,,,2.5,0.7692307692307693,-2.5,0.9090909090909091,122.5,1.0,122.5,0.7142857142857143,12.0,1:2^2:2,1.0,4.0,2.0,13.0,20.0,15.0,7.0,2.0,3.0,2.0,4.0,57.7,100.0,55.0,53,0,1,4.0,26.0,0.0,20180916155943.0,11080^11078,2.25,0.3333333333333333
164,,,,2.5,0.8333333333333334,-2.5,0.8333333333333334,122.5,0.8,122.5,0.8695652173913043,12.0,2:2^,1.0,4.0,2.0,13.0,20.0,15.0,7.0,2.0,3.0,2.0,4.0,55.6,100.0,55.0,53,0,1,4.0,26.0,1.0,20180916155951.0,11080^21077,1.7,0.4166666666666667
165,,,,2.5,0.8333333333333334,-2.5,0.8333333333333334,122.5,0.8,122.5,0.8695652173913043,12.0,,1.0,4.0,2.0,13.0,20.0,15.0,7.0,2.0,3.0,2.0,4.0,55.6,100.0,55.0,53,0,1,4.0,26.0,1.0,20180916155952.0,21077.0,1.7,0.4166666666666667
166,,,,2.5,0.8333333333333334,-2.5,0.8333333333333334,122.5,0.8,122.5,0.8695652173913043,12.0,,1.0,4.0,2.0,13.0,20.0,15.0,7.0,2.0,3.0,2.0,4.0,55.6,100.0,55.0,53,0,1,4.0,25.0,1.0,20180916155953.0,21077.0,1.7,0.4166666666666667
167,,,,2.5,0.8333333333333334,-2.5,0.8333333333333334,122.5,0.7692307692307693,122.5,0.9090909090909091,12.0,,1.0,4.0,2.0,13.0,20.0,15.0,7.0,2.0,3.0,2.0,4.0,55.6,100.0,55.0,53,0,1,4.0,21.0,0.0,20180916155957.0,21077.0,1.7,0.4166666666666667
168,,,,2.5,0.8333333333333334,-2.5,0.8333333333333334,122.5,0.7692307692307693,122.5,0.9090909090909091,12.0,^,1.0,4.0,2.0,13.0,20.0,15.0,7.0,2.0,3.0,3.0,4.0,55.6,100.0,55.0,53,0,1,4.0,22.0,0.0,20180916155958.0,11086^21077,1.7,0.4166666666666667
169,,,,2.5,0.8333333333333334,-2.5,0.8333333333333334,122.5,0.7692307692307693,122.5,0.9090909090909091,12.0,^,1.0,4.0,2.0,13.0,20.0,15.0,7.0,2.0,3.0,3.0,4.0,55.6,100.0,55.0,53,0,1,4.0,22.0,0.0,20180916155959.0,11086^21077,1.7,0.4166666666666667
170,,,,2.5,0.8333333333333334,-2.5,0.8333333333333334,122.5,0.7692307692307693,122.5,0.9090909090909091,12.0,^,1.0,4.0,2.0,13.0,20.0,15.0,7.0,2.0,3.0,3.0,4.0,55.6,100.0,55.0,53,0,1,4.0,22.0,1.0,20180916160011.0,11086^21077,1.7,0.4166666666666667
171,,,,2.5,0.8333333333333334,-2.5,0.8333333333333334,122.5,0.7692307692307693,122.5,0.9090909090909091,12.0,^,1.0,4.0,2.0,13.0,20.0,15.0,7.0,2.0,3.0,3.0,4.0,55.6,100.0,55.0,53,0,1,4.0,21.0,1.0,20180916160012.0,11086^21077,1.7,0.4166666666666667
172,,,,2.5,0.8333333333333334,-2.5,0.8333333333333334,122.5,0.7692307692307693,122.5,0.9090909090909091,12.0,,1.0,4.0,2.0,13.0,20.0,15.0,7.0,2.0,3.0,3.0,4.0,55.6,100.0,55.0,53,0,1,4.0,24.0,1.0,20180916160012.0,21077.0,1.7,0.4166666666666667
173,,,,2.5,0.8333333333333334,-2.5,0.8333333333333334,121.5,0.9090909090909091,121.5,0.7692307692307693,12.0,,1.0,4.0,2.0,13.0,20.0,15.0,7.0,2.0,3.0,3.0,4.0,55.6,100.0,55.0,53,0,1,4.0,15.0,1.0,20180916160020.0,21077.0,1.7,0.4166666666666667
174,,,,2.5,0.8333333333333334,-2.5,0.8333333333333334,121.5,0.9090909090909091,121.5,0.7692307692307693,12.0,,1.0,4.0,2.0,13.0,20.0,15.0,7.0,2.0,3.0,3.0,4.0,55.6,100.0,55.0,53,0,1,4.0,9.0,1.0,20180916160020.0,21077.0,1.7,0.4166666666666667
175,,,,2.5,0.8333333333333334,-2.5,0.8333333333333334,121.5,0.9090909090909091,121.5,0.7692307692307693,12.0,,1.0,4.0,2.0,13.0,20.0,15.0,7.0,2.0,3.0,3.0,4.0,55.6,100.0,55.0,53,0,1,4.0,2.0,1.0,20180916160034.0,21077.0,1.7,0.4166666666666667
176,,,,2.5,0.8,-2.5,0.8695652173913043,120.5,0.8333333333333334,120.5,0.8333333333333334,12.0,,1.0,4.0,2.0,13.0,20.0,15.0,7.0,2.0,3.0,3.0,4.0,55.6,100.0,55.0,53,0,1,3.0,54.0,1.0,20180916160042.0,21077.0,1.7,0.4166666666666667
177,,,,2.5,0.8,-2.5,0.8695652173913043,120.5,0.8333333333333334,120.5,0.8333333333333334,12.0,,1.0,4.0,2.0,13.0,20.0,15.0,7.0,2.0,3.0,3.0,4.0,55.6,100.0,55.0,53,0,1,3.0,53.0,0.0,20180916160043.0,21077.0,1.7,0.4166666666666667
178,,,,2.5,0.8,-2.5,0.8695652173913043,120.5,0.8333333333333334,120.5,0.8333333333333334,12.0,,1.0,4.0,2.0,13.0,20.0,15.0,7.0,2.0,3.0,3.0,4.0,55.6,100.0,55.0,53,0,1,3.0,53.0,1.0,20180916160056.0,21077.0,1.7,0.4166666666666667
179,,,,2.5,0.8333333333333334,-2.5,0.8333333333333334,120.5,0.8333333333333334,120.5,0.8333333333333334,12.0,,1.0,4.0,2.0,13.0,20.0,15.0,7.0,2.0,3.0,3.0,4.0,55.6,100.0,55.0,53,0,1,3.0,52.0,1.0,20180916160057.0,21077.0,1.75,0.4
180,,,,3.5,0.8,-3.5,0.8695652173913043,120.5,0.7142857142857143,120.5,1.0,12.0,,1.0,4.0,2.0,13.0,20.0,15.0,7.0,2.0,3.0,3.0,4.0,55.6,100.0,55.0,53,0,1,3.0,46.0,1.0,20180916160103.0,11077.0,2.5,0.2857142857142857
181,,,,4.5,0.8,-4.5,0.8695652173913043,121.5,1.0,121.5,0.7142857142857143,12.0,^,1.0,4.0,2.0,15.0,20.0,15.0,7.0,2.0,3.0,3.0,4.0,55.6,100.0,57.0,53,0,1,3.0,41.0,1.0,20180916160108.0,11074^21077,3.4,0.18181818181818182
182,,,,4.5,0.7692307692307693,-4.5,0.9090909090909091,121.5,0.8695652173913043,121.5,0.8,12.0,,1.0,4.0,2.0,15.0,20.0,15.0,7.0,2.0,3.0,3.0,4.0,55.6,100.0,57.0,53,0,1,3.0,37.0,1.0,20180916160113.0,21077.0,3.4,0.18181818181818182
183,,,,4.5,0.7692307692307693,-4.5,0.9090909090909091,121.5,0.7692307692307693,121.5,0.9090909090909091,12.0,,1.0,4.0,2.0,15.0,20.0,15.0,7.0,2.0,3.0,3.0,4.0,55.6,100.0,57.0,53,0,1,3.0,28.0,1.0,20180916160121.0,21077.0,3.4,0.18181818181818182
184,,,,4.5,0.7692307692307693,-4.5,0.9090909090909091,121.5,0.7142857142857143,121.5,1.0,12.0,,1.0,4.0,2.0,15.0,20.0,15.0,7.0,2.0,3.0,3.0,4.0,55.6,100.0,57.0,53,0,1,3.0,25.0,0.0,20180916160124.0,21077.0,3.4,0.18181818181818182
185,,,,4.5,0.7692307692307693,-4.5,0.9090909090909091,121.5,0.7142857142857143,121.5,1.0,12.0,,1.0,4.0,2.0,15.0,20.0,15.0,7.0,2.0,3.0,3.0,4.0,55.6,100.0,57.0,53,0,1,3.0,25.0,1.0,20180916160137.0,21077.0,3.4,0.18181818181818182
186,,,,5.5,0.7142857142857143,-5.5,1.0,120.5,1.0,120.5,0.7142857142857143,12.0,,1.0,4.0,2.0,15.0,20.0,15.0,7.0,2.0,3.0,3.0,4.0,55.6,100.0,57.0,53,0,1,3.0,25.0,1.0,20180916160138.0,11077.0,4.5,0.125
187,,,,5.5,0.7142857142857143,-5.5,1.0,120.5,0.8333333333333334,120.5,0.8333333333333334,12.0,,1.0,4.0,2.0,15.0,20.0,15.0,7.0,2.0,3.0,3.0,4.0,55.6,100.0,57.0,53,0,1,3.0,16.0,1.0,20180916160146.0,11077.0,4.75,0.11764705882352941
188,,,,5.5,0.7142857142857143,-5.5,1.0,120.5,0.7142857142857143,120.5,1.0,12.0,,1.0,4.0,2.0,15.0,20.0,15.0,7.0,2.0,3.0,3.0,4.0,55.6,100.0,57.0,53,0,1,3.0,8.0,1.0,20180916160154.0,11077.0,4.75,0.11764705882352941
189,,,,5.5,1.0,-5.5,0.7142857142857143,121.5,1.0,121.5,0.7142857142857143,12.0,^,1.0,4.0,2.0,16.0,20.0,15.0,7.0,2.0,3.0,3.0,4.0,55.6,100.0,59.0,53,0,1,3.0,6.0,1.0,20180916160156.0,11074^21077,6.5,0.07142857142857142
190,,,,5.5,1.0,-5.5,0.7142857142857143,121.5,0.9090909090909091,121.5,0.7692307692307693,12.0,^,1.0,4.0,2.0,16.0,20.0,15.0,7.0,2.0,3.0,3.0,4.0,55.6,100.0,59.0,53,0,1,3.0,1.0,0.0,20180916160201.0,11074^21077,6.5,0.07142857142857142
191,44.0,5.0,,5.5,1.0,-5.5,0.7142857142857143,121.5,0.8695652173913043,121.5,0.8,12.0,,1.0,4.0,2.0,16.0,20.0,15.0,7.0,2.0,2.0,3.0,4.0,55.6,100.0,59.0,53,0,1,3.0,1.0,0.0,20180916160202.0,21081.0,6.5,0.07142857142857142
192,44.0,5.0,,5.5,1.0,-5.5,0.7142857142857143,121.5,0.8695652173913043,121.5,0.8,12.0,,1.0,4.0,2.0,16.0,20.0,15.0,7.0,2.0,2.0,3.0,4.0,55.6,100.0,59.0,53,0,1,3.0,1.0,1.0,20180916160327.0,21081.0,6.5,0.07142857142857142
193,44.0,5.0,,5.5,1.0,-5.5,0.7142857142857143,121.5,1.0,121.5,0.7142857142857143,12.0,,1.0,4.0,2.0,16.0,20.0,15.0,7.0,2.0,2.0,3.0,4.0,55.6,100.0,59.0,53,0,1,3.0,4.0,1.0,20180916160327.0,21081.0,6.5,0.07142857142857142
194,44.0,5.0,,5.5,1.0,-5.5,0.7142857142857143,121.5,1.0,121.5,0.7142857142857143,5.0,,1.0,4.0,2.0,16.0,20.0,15.0,7.0,2.0,2.0,3.0,4.0,55.6,100.0,59.0,53,0,1,2.0,55.0,1.0,20180916160336.0,21081.0,6.5,0.07142857142857142
195,44.0,5.0,,4.5,0.7692307692307693,-4.5,0.9090909090909091,121.5,1.0,121.5,0.7142857142857143,5.0,^,1.0,4.0,3.0,16.0,20.0,15.0,7.0,2.0,2.0,3.0,4.0,55.6,100.0,59.0,56,0,1,2.0,47.0,1.0,20180916160344.0,21075^11077,3.5,0.16666666666666666
196,44.0,5.0,,4.5,0.7692307692307693,-4.5,0.9090909090909091,121.5,1.0,121.5,0.7142857142857143,5.0,^,1.0,4.0,3.0,16.0,20.0,15.0,7.0,2.0,2.0,3.0,4.0,55.6,100.0,59.0,56,0,1,2.0,46.0,1.0,20180916160344.0,21075^11077,3.5,0.16666666666666666
197,44.0,5.0,,4.5,0.7692307692307693,-4.5,0.9090909090909091,121.5,1.0,121.5,0.7142857142857143,5.0,,1.0,4.0,3.0,16.0,20.0,15.0,7.0,2.0,2.0,3.0,4.0,55.6,100.0,59.0,56,0,1,2.0,43.0,1.0,20180916160348.0,11077.0,3.5,0.16666666666666666
198,44.0,5.0,,4.5,0.7692307692307693,-4.5,0.9090909090909091,121.5,1.0,121.5,0.7142857142857143,5.0,,1.0,4.0,3.0,16.0,20.0,15.0,7.0,2.0,2.0,3.0,4.0,55.6,100.0,59.0,56,0,1,2.0,34.0,1.0,20180916160357.0,11077.0,3.75,0.15384615384615385
199,44.0,5.0,,5.5,0.7142857142857143,-5.5,1.0,121.5,1.0,121.5,0.7142857142857143,5.0,^,1.0,4.0,3.0,17.0,20.0,15.0,7.0,2.0,2.0,3.0,4.0,55.6,100.0,61.0,56,0,1,2.0,32.0,1.0,20180916160359.0,11074^21077,5.5,0.1
200,44.0,5.0,,5.5,0.7142857142857143,-5.5,1.0,121.5,1.0,121.5,0.7142857142857143,5.0,^,1.0,4.0,3.0,17.0,20.0,15.0,7.0,2.0,2.0,3.0,4.0,55.6,100.0,61.0,56,0,1,2.0,30.0,0.0,20180916160401.0,11074^21077,5.5,0.1
201,44.0,5.0,,5.5,0.9090909090909091,-5.5,0.7692307692307693,121.5,1.0,121.5,0.7142857142857143,5.0,^,1.0,4.0,3.0,17.0,20.0,15.0,7.0,2.0,2.0,3.0,6.0,55.6,100.0,61.0,56,0,1,2.0,31.0,0.0,20180916160403.0,21086^11077,7.0,0.0625
202,44.0,5.0,,5.5,0.8333333333333334,-5.5,0.8333333333333334,121.5,1.0,121.5,0.7142857142857143,5.0,1:1,1.0,4.0,3.0,17.0,20.0,15.0,7.0,2.0,2.0,3.0,6.0,55.6,100.0,61.0,56,0,1,2.0,31.0,0.0,20180916160404.0,11078.0,6.0,0.08333333333333333
203,44.0,5.0,,5.5,0.9090909090909091,-5.5,0.7692307692307693,121.5,1.0,121.5,0.7142857142857143,5.0,1:1^,1.0,4.0,3.0,17.0,20.0,16.0,7.0,2.0,2.0,3.0,6.0,57.1,100.0,62.0,56,0,1,2.0,32.0,0.0,20180916160421.0,11079^21077,7.0,0.0625
204,44.0,5.0,,5.5,0.9090909090909091,-5.5,0.7692307692307693,121.5,1.0,121.5,0.7142857142857143,5.0,1:1^,1.0,4.0,3.0,17.0,20.0,16.0,7.0,2.0,2.0,3.0,6.0,57.1,100.0,62.0,56,0,1,2.0,32.0,1.0,20180916160423.0,11079^21077,7.0,0.0625
205,44.0,5.0,,5.5,0.9090909090909091,-5.5,0.7692307692307693,121.5,1.0,121.5,0.7142857142857143,5.0,1:1^,1.0,4.0,3.0,17.0,20.0,16.0,7.0,2.0,2.0,3.0,6.0,57.1,100.0,62.0,56,0,1,2.0,31.0,1.0,20180916160424.0,11079^21077,7.0,0.0625
206,44.0,5.0,,5.5,0.9090909090909091,-5.5,0.7692307692307693,121.5,1.0,121.5,0.7142857142857143,5.0,,1.0,4.0,3.0,17.0,20.0,16.0,7.0,2.0,2.0,3.0,6.0,57.1,100.0,62.0,56,0,1,2.0,29.0,1.0,20180916160426.0,21077.0,7.0,0.0625
207,44.0,5.0,,5.5,0.9090909090909091,-5.5,0.7692307692307693,121.5,1.0,121.5,0.7142857142857143,5.0,,1.0,4.0,3.0,17.0,20.0,16.0,7.0,2.0,2.0,3.0,6.0,57.1,100.0,62.0,56,0,1,2.0,20.0,1.0,20180916160435.0,21077.0,7.25,0.05555555555555555
208,44.0,5.0,,6.5,0.9090909090909091,-6.5,0.7692307692307693,121.5,1.0,121.5,0.7142857142857143,5.0,,1.0,4.0,3.0,17.0,20.0,16.0,7.0,2.0,2.0,3.0,6.0,57.1,100.0,62.0,56,0,1,2.0,16.0,1.0,20180916160439.0,11077.0,9.0,0.030303030303030304
209,44.0,5.0,,6.5,0.9090909090909091,-6.5,0.7692307692307693,121.5,1.0,121.5,0.7142857142857143,5.0,,1.0,4.0,3.0,17.0,20.0,16.0,7.0,2.0,2.0,3.0,6.0,57.1,100.0,62.0,56,0,1,2.0,7.0,1.0,20180916160448.0,11077.0,9.5,0.025
210,44.0,5.0,,7.5,0.9090909090909091,-7.5,0.7692307692307693,121.5,1.0,121.5,0.7142857142857143,5.0,^,1.0,4.0,3.0,18.0,20.0,16.0,7.0,2.0,2.0,3.0,6.0,57.1,100.0,64.0,56,0,1,2.0,2.0,1.0,20180916160453.0,11074^21077,12.0,0.0125
211,44.0,5.0,,7.5,0.0,-7.5,0.0,121.5,1.0,121.5,0.7142857142857143,4.0,,1.0,4.0,3.0,18.0,20.0,16.0,7.0,2.0,2.0,3.0,6.0,57.1,100.0,64.0,56,0,1,1.0,56.0,1.0,20180916160459.0,21077.0,13.0,0.011111111111111112
212,44.0,5.0,,6.5,0.0,-6.5,0.0,121.5,1.0,121.5,0.7142857142857143,4.0,^,1.0,4.0,3.0,18.0,21.0,16.0,7.0,2.0,2.0,3.0,6.0,57.1,100.0,64.0,58,0,1,1.0,50.0,1.0,20180916160506.0,21074^11077,10.0,0.02
213,44.0,5.0,,6.5,0.0,-6.5,0.0,121.5,1.0,121.5,0.7142857142857143,4.0,^,1.0,4.0,3.0,18.0,21.0,16.0,7.0,2.0,2.0,3.0,6.0,57.1,100.0,64.0,58,0,1,1.0,47.0,0.0,20180916160508.0,21074^11077,10.0,0.02
214,44.0,5.0,,6.5,0.0,-6.5,0.0,121.5,1.0,121.5,0.7142857142857143,4.0,,1.0,4.0,3.0,18.0,21.0,16.0,7.0,1.0,2.0,3.0,6.0,57.1,100.0,64.0,58,0,1,1.0,48.0,0.0,20180916160510.0,11081.0,10.0,0.02
215,,,,6.5,0.0,-6.5,0.0,121.5,1.0,121.5,0.7142857142857143,4.0,,1.0,4.0,3.0,18.0,21.0,16.0,7.0,1.0,2.0,3.0,6.0,57.1,100.0,64.0,58,0,1,1.0,48.0,1.0,20180916160631.0,11077.0,10.0,0.02
216,,,,6.5,0.0,-6.5,0.0,121.5,1.0,121.5,0.7142857142857143,4.0,,1.0,4.0,3.0,18.0,21.0,16.0,7.0,1.0,2.0,3.0,6.0,57.1,100.0,64.0,58,0,1,1.0,47.0,1.0,20180916160632.0,11077.0,10.0,0.02
217,,,,6.5,0.0,-6.5,0.0,121.5,1.0,121.5,0.7142857142857143,4.0,,1.0,4.0,3.0,18.0,21.0,16.0,7.0,1.0,2.0,3.0,6.0,57.1,100.0,64.0,58,0,1,1.0,48.0,1.0,20180916160632.0,11077.0,10.0,0.02
218,,,,6.5,0.0,-6.5,0.0,121.5,1.0,121.5,0.7142857142857143,4.0,,1.0,4.0,3.0,18.0,21.0,16.0,7.0,1.0,2.0,3.0,6.0,57.1,100.0,64.0,58,0,1,1.0,39.0,1.0,20180916160640.0,11077.0,10.0,0.02
219,,,,6.5,0.0,-6.5,0.0,121.5,1.0,121.5,0.7142857142857143,4.0,,1.0,4.0,3.0,18.0,21.0,16.0,7.0,1.0,2.0,3.0,6.0,57.1,100.0,64.0,58,0,1,1.0,31.0,1.0,20180916160649.0,11077.0,10.5,0.016666666666666666
220,,,,6.5,0.0,-6.5,0.0,121.5,1.0,121.5,0.7142857142857143,4.0,,1.0,4.0,3.0,18.0,21.0,16.0,7.0,1.0,2.0,3.0,6.0,57.1,100.0,64.0,58,0,1,1.0,30.0,1.0,20180916160649.0,11077.0,10.5,0.016666666666666666
221,,,,6.5,0.0,-6.5,0.0,121.5,1.0,121.5,0.7142857142857143,4.0,,1.0,4.0,3.0,18.0,21.0,16.0,7.0,1.0,2.0,3.0,6.0,57.1,100.0,64.0,58,0,1,1.0,22.0,1.0,20180916160658.0,11077.0,9.0,0.030303030303030304
222,,,,4.5,0.0,-4.5,0.0,121.5,1.0,121.5,0.7142857142857143,4.0,^,1.0,4.0,3.0,18.0,22.0,16.0,7.0,1.0,2.0,3.0,6.0,57.1,100.0,64.0,60,0,1,1.0,17.0,1.0,20180916160704.0,21074^11077,7.25,0.05555555555555555
223,,,,4.5,0.0,-4.5,0.0,121.5,1.0,121.5,0.7142857142857143,4.0,^,1.0,4.0,3.0,18.0,22.0,16.0,7.0,1.0,2.0,3.0,6.0,57.1,100.0,64.0,60,0,1,1.0,16.0,0.0,20180916160705.0,21074^11077,7.25,0.05555555555555555
224,,,,3.5,0.0,-3.5,0.0,121.5,1.0,121.5,0.7142857142857143,4.0,^,1.0,4.0,3.0,18.0,22.0,16.0,7.0,1.0,2.0,4.0,6.0,57.1,100.0,64.0,60,0,1,1.0,16.0,0.0,20180916160707.0,11086^21077,5.25,0.10526315789473684
225,,,,4.5,0.0,-4.5,0.0,121.5,1.0,121.5,0.7142857142857143,4.0,1:1,1.0,4.0,3.0,18.0,22.0,16.0,7.0,1.0,2.0,4.0,6.0,57.1,100.0,64.0,60,0,1,1.0,16.0,0.0,20180916160708.0,21078.0,5.5,0.1
226,,,,4.5,0.0,-4.5,0.0,121.5,1.0,121.5,0.7142857142857143,4.0,1:1^,1.0,4.0,3.0,18.0,22.0,16.0,7.0,1.0,2.0,4.0,6.0,57.1,87.5,64.0,60,0,1,1.0,18.0,1.0,20180916160736.0,21080^11077,7.25,0.05555555555555555
227,,,,4.5,0.0,-4.5,0.0,121.5,1.0,121.5,0.7142857142857143,4.0,1:1^,1.0,4.0,3.0,18.0,22.0,16.0,7.0,1.0,2.0,4.0,6.0,57.1,87.5,64.0,60,0,1,1.0,17.0,1.0,20180916160736.0,21080^11077,7.25,0.05555555555555555
228,,,,4.5,0.0,-4.5,0.0,121.5,1.0,121.5,0.7142857142857143,4.0,1:1^,1.0,4.0,3.0,18.0,22.0,16.0,7.0,1.0,2.0,4.0,6.0,57.1,87.5,64.0,60,0,1,1.0,14.0,1.0,20180916160741.0,11077.0,7.5,0.05
229,,,,4.5,0.0,-4.5,0.0,121.5,1.0,121.5,0.7142857142857143,4.0,1:1^,1.0,4.0,3.0,18.0,22.0,16.0,7.0,1.0,2.0,4.0,6.0,57.1,87.5,64.0,60,0,1,1.0,13.0,1.0,20180916160741.0,11077.0,7.5,0.05
230,,,,4.5,0.0,-4.5,0.0,121.5,1.0,121.5,0.7142857142857143,4.0,1:1^,1.0,4.0,3.0,18.0,22.0,16.0,7.0,1.0,2.0,4.0,6.0,57.1,87.5,64.0,60,0,1,1.0,5.0,1.0,20180916160750.0,11077.0,7.75,0.044444444444444446
231,,,,4.5,0.0,-4.5,0.0,121.5,1.0,121.5,0.7142857142857143,3.0,1:1^,1.0,4.0,3.0,18.0,22.0,16.0,7.0,1.0,2.0,4.0,6.0,57.1,87.5,64.0,60,0,1,0.0,57.0,1.0,20180916160758.0,11077.0,8.0,0.04
232,,,,5.5,0.0,-5.5,0.0,121.5,1.0,121.5,0.7142857142857143,3.0,^,1.0,4.0,3.0,19.0,22.0,16.0,7.0,1.0,2.0,4.0,6.0,57.1,87.5,66.0,60,0,1,0.0,57.0,1.0,20180916160759.0,11074^21077,10.5,0.016666666666666666
233,,,,5.5,0.0,-5.5,0.0,121.5,1.0,121.5,0.7142857142857143,3.0,,1.0,4.0,3.0,19.0,22.0,16.0,7.0,1.0,2.0,4.0,6.0,57.1,87.5,66.0,60,0,1,0.0,50.0,1.0,20180916160805.0,21077.0,14.0,0.01
234,,,,5.5,0.0,-5.5,0.0,121.5,1.0,121.5,0.7142857142857143,2.0,,1.0,4.0,3.0,19.0,22.0,16.0,7.0,1.0,2.0,4.0,6.0,57.1,87.5,66.0,60,0,1,0.0,41.0,1.0,20180916160813.0,21077.0,14.0,0.01
235,,,,3.5,0.0,-3.5,0.0,121.5,1.0,121.5,0.7142857142857143,3.0,^,1.0,4.0,4.0,19.0,22.0,16.0,7.0,1.0,2.0,4.0,6.0,57.1,87.5,66.0,63,0,1,0.0,39.0,1.0,20180916160817.0,21075^11077,14.0,0.01
236,,,,3.5,0.0,-3.5,0.0,121.5,1.0,121.5,0.7142857142857143,3.0,,1.0,4.0,4.0,19.0,22.0,16.0,7.0,1.0,2.0,4.0,6.0,57.1,87.5,66.0,63,0,1,0.0,35.0,1.0,20180916160820.0,11077.0,10.0,0.02
237,,,,3.5,0.0,-3.5,0.0,121.5,1.0,121.5,0.7142857142857143,2.0,,1.0,4.0,4.0,19.0,22.0,16.0,7.0,1.0,2.0,4.0,6.0,57.1,87.5,66.0,63,0,1,0.0,26.0,1.0,20180916160828.0,11077.0,17.0,0.004
238,,,,3.5,0.0,-3.5,0.0,121.5,1.0,121.5,0.7142857142857143,1.0,,1.0,4.0,4.0,19.0,22.0,16.0,7.0,1.0,2.0,4.0,6.0,57.1,87.5,66.0,63,0,1,0.0,18.0,1.0,20180916160837.0,11077.0,17.0,0.004
239,,,,2.5,0.0,-2.5,0.0,121.5,1.0,121.5,0.7142857142857143,1.0,,1.0,4.0,4.0,19.0,22.0,16.0,7.0,1.0,2.0,4.0,6.0,57.1,87.5,66.0,63,0,1,0.0,17.0,1.0,20180916160838.0,21077.0,17.0,0.004
240,,,,3.5,0.0,-3.5,0.0,121.5,1.0,121.5,0.7142857142857143,1.0,,1.0,4.0,4.0,19.0,22.0,16.0,7.0,1.0,2.0,4.0,6.0,57.1,87.5,66.0,63,0,1,0.0,9.0,1.0,20180916160838.0,11077.0,17.0,0.004
241,,,,3.5,0.0,-3.5,0.0,121.5,1.0,121.5,0.7142857142857143,1.0,,1.0,4.0,4.0,19.0,22.0,16.0,7.0,1.0,2.0,4.0,6.0,57.1,87.5,66.0,63,0,1,0.0,3.0,0.0,20180916160853.0,11077.0,17.0,0.004
242,,,,3.5,0.0,-3.5,0.0,121.5,1.0,121.5,0.7142857142857143,1.0,^,1.0,4.0,4.0,19.0,22.0,16.0,7.0,1.0,2.0,4.0,7.0,57.1,87.5,66.0,63,0,1,0.0,3.0,0.0,20180916160855.0,21086^11077,17.0,0.004
243,,,,3.5,0.0,-3.5,0.0,121.5,1.0,121.5,0.7142857142857143,1.0,^,1.0,4.0,4.0,19.0,22.0,16.0,7.0,1.0,2.0,4.0,7.0,57.1,87.5,66.0,63,0,1,0.0,3.0,0.0,20180916160856.0,21086^11077,17.0,0.004
244,,,,3.5,0.0,-3.5,0.0,121.5,1.0,121.5,0.7142857142857143,1.0,1:2,1.0,4.0,4.0,19.0,22.0,16.0,7.0,1.0,2.0,4.0,7.0,57.1,87.5,66.0,63,0,1,0.0,3.0,0.0,20180916160858.0,11078.0,17.0,0.004
245,,,,4.5,0.0,-4.5,0.0,121.5,1.0,121.5,0.7142857142857143,1.0,1:2^2:2,1.0,4.0,4.0,19.0,22.0,17.0,7.0,1.0,2.0,4.0,7.0,58.6,87.5,67.0,63,0,1,0.0,7.0,0.0,20180916160920.0,11079^11078,17.0,0.004
246,,,,3.5,0.0,-3.5,0.0,121.5,1.0,121.5,0.7142857142857143,1.0,2:2^,1.0,4.0,4.0,19.0,22.0,17.0,7.0,1.0,2.0,4.0,7.0,56.7,87.5,67.0,63,0,1,0.0,7.0,1.0,20180916160934.0,11080^21077,17.0,0.004
247,,,,3.5,0.0,-3.5,0.0,121.5,1.0,121.5,0.7142857142857143,1.0,2:2^,1.0,4.0,4.0,19.0,22.0,17.0,7.0,1.0,2.0,4.0,7.0,56.7,87.5,67.0,63,0,1,0.0,0.0,0.0,20180916160943.0,11080^21077,17.0,0.004
248,44.0,5.0,,3.5,0.0,-3.5,0.0,121.5,1.0,121.5,0.7142857142857143,1.0,,1.0,4.0,4.0,19.0,22.0,17.0,7.0,1.0,1.0,4.0,7.0,56.7,87.5,67.0,63,0,1,0.0,7.0,0.0,20180916160948.0,21081.0,17.0,0.004
249,44.0,5.0,,3.5,0.0,-3.5,0.0,121.5,1.0,121.5,0.7142857142857143,1.0,,1.0,4.0,4.0,19.0,22.0,17.0,7.0,1.0,1.0,4.0,7.0,56.7,87.5,67.0,63,0,1,0.0,6.0,0.0,20180916160948.0,21081.0,17.0,0.004
250,44.0,5.0,,3.5,0.0,-3.5,0.0,121.5,1.0,121.5,0.7142857142857143,1.0,,1.0,4.0,4.0,19.0,22.0,17.0,7.0,1.0,1.0,4.0,7.0,56.7,87.5,67.0,63,0,1,0.0,7.0,0.0,20180916160948.0,21081.0,17.0,0.004
251,44.0,5.0,,3.5,0.0,-3.5,0.0,121.5,1.0,121.5,0.7142857142857143,1.0,,1.0,4.0,4.0,19.0,22.0,17.0,7.0,1.0,1.0,4.0,7.0,56.7,87.5,67.0,63,0,1,0.0,0.0,0.0,20180916161112.0,21081.0,17.0,0.004
252,44.0,5.0,,3.5,0.0,-3.5,0.0,121.5,1.0,121.5,0.7142857142857143,1.0,,1.0,4.0,4.0,19.0,22.0,17.0,7.0,1.0,1.0,4.0,7.0,56.7,87.5,67.0,63,0,1,0.0,0.0,0.0,20180916161113.0,21081.0,17.0,0.004
253,44.0,5.0,,3.5,0.0,-3.5,0.0,121.5,1.0,121.5,0.7142857142857143,1.0,,1.0,4.0,4.0,19.0,22.0,17.0,7.0,1.0,1.0,4.0,7.0,56.7,87.5,67.0,63,0,1,0.0,0.0,0.0,20180916161135.0,21081.0,17.0,0.004
254,44.0,5.0,,3.5,0.0,-3.5,0.0,121.5,1.0,121.5,0.7142857142857143,1.0,,1.0,4.0,4.0,19.0,22.0,17.0,7.0,1.0,1.0,4.0,7.0,56.7,87.5,67.0,63,0,1,0.0,0.0,0.0,20180916161135.0,1084.0,17.0,0.004
