,AM,AS,CP,ED,HASA,HASA_ODD,HASH,HASH_ODD,HATD,HATD_ODD,HATU,HATU_ODD,HD,MD,PG,PI,S1_a,S1_h,S2_a,S2_h,S3_a,S3_h,S4_a,S4_h,S5_a,S5_h,S6_a,S6_h,SC_a,SC_h,SU,TD,TM,TS,TT,TU,VC,WA_ODD,WH_ODD,XY
0,,,,第3节,7.5,0.8,-7.5,0.87,135.5,0.87,135.5,0.8,,,,,8.0,7.0,4.0,4.0,4.0,6.0,3.0,3.0,0.0,0.0,57.1,50.0,35.0,35.0,0.0,1,10.0,0.0,0,,1083,0.0,0.0,
1,,,,第3节,7.5,0.8,-7.5,0.87,136.5,0.83,136.5,0.83,136.5,,,,8.0,7.0,4.0,4.0,4.0,6.0,3.0,3.0,0.0,0.0,57.1,50.0,35.0,35.0,0.0,1,10.0,0.0,0,,1083,0.0,0.0,
2,,,,第3节,7.5,0.8,-7.5,0.87,136.5,0.83,136.5,0.83,136.5,3.0,,,8.0,7.0,4.0,4.0,4.0,6.0,3.0,3.0,0.0,0.0,57.1,50.0,35.0,35.0,0.0,1,9.0,55.0,0,,1089.0,0.0,0.0,
3,,,,第3节,7.5,0.8,-7.5,0.87,136.5,0.83,136.5,0.83,136.5,3.0,,,8.0,7.0,4.0,4.0,4.0,6.0,3.0,3.0,0.0,0.0,57.1,50.0,35.0,35.0,0.0,1,9.0,55.0,0,,1089.0,0.0,0.0,
4,,,,第3节,7.5,0.8,-7.5,0.87,136.5,0.83,136.5,0.83,136.5,3.0,,,8.0,7.0,4.0,4.0,4.0,6.0,3.0,3.0,0.0,0.0,57.1,50.0,35.0,35.0,0.0,1,9.0,54.0,0,,1089.0,0.0,0.0,
5,,,,第3节,7.5,0.77,-7.5,0.91,136.5,0.8,136.5,0.87,136.5,3.0,,,8.0,7.0,4.0,4.0,4.0,6.0,3.0,3.0,0.0,0.0,57.1,50.0,35.0,35.0,0.0,1,9.0,54.0,0,,11077.0,0.0,0.0,
6,,,,第3节,7.5,0.77,-7.5,0.91,136.5,0.8,136.5,0.87,136.5,3.0,,,8.0,7.0,4.0,4.0,4.0,6.0,3.0,3.0,0.0,0.0,57.1,50.0,35.0,35.0,0.0,1,9.0,38.0,0,,11077.0,0.0,0.0,
7,,,,第3节,7.5,0.77,-7.5,0.91,136.5,0.8,136.5,0.87,136.5,3.0,,,8.0,7.0,4.0,4.0,4.0,6.0,3.0,3.0,0.0,0.0,57.1,50.0,35.0,35.0,0.0,1,9.0,38.0,0,,11095.0,0.0,0.0,"0.88,0.62"
8,,,,第3节,7.5,0.87,-6.5,0.8,136.5,0.8,136.5,0.87,-6.5,3.0,,,8.0,7.0,4.0,4.0,4.0,6.0,3.0,3.0,0.0,0.0,57.1,50.0,35.0,35.0,0.0,1,9.0,38.0,0,,21077.0,0.0,0.0,
9,,,,第3节,6.5,0.87,-6.5,0.8,136.5,0.8,135.5,0.87,6.5,3.0,,,8.0,7.0,4.0,4.0,4.0,6.0,3.0,3.0,0.0,0.0,57.1,50.0,35.0,35.0,0.0,1,9.0,38.0,0,,21077.0,0.0,0.0,
10,,,,第3节,6.5,0.87,-6.5,0.8,135.5,0.8,135.5,0.87,135.5,3.0,,,8.0,7.0,4.0,4.0,4.0,6.0,3.0,3.0,0.0,0.0,57.1,50.0,35.0,35.0,0.0,1,9.0,38.0,0,,21077.0,0.0,0.0,
11,,,,第3节,6.5,0.91,-6.5,0.77,135.5,0.8,135.5,0.87,135.5,3.0,,,8.0,7.0,4.0,4.0,4.0,6.0,3.0,3.0,0.0,0.0,57.1,50.0,38.0,35.0,0.0,1,9.0,38.0,0,,11077.0,0.0,0.0,
12,,,,第3节,6.5,0.91,-6.5,0.77,135.5,0.8,135.5,0.87,135.5,3.0,,,9.0,7.0,4.0,4.0,4.0,6.0,3.0,3.0,0.0,0.0,57.1,50.0,38.0,35.0,0.0,1,9.0,38.0,0,,11075.0,0.0,0.0,"0.66,0.28"
13,,,,第3节,6.5,0.91,-6.5,0.77,135.5,0.8,135.5,0.87,135.5,3.0,,,9.0,7.0,4.0,4.0,4.0,6.0,3.0,3.0,0.0,0.0,57.1,50.0,35.0,38.0,0.0,1,9.0,38.0,0,,21077.0,0.0,0.0,
14,,,,第3节,6.5,0.91,-6.5,0.77,135.5,0.8,135.5,0.87,135.5,3.0,,,9.0,7.0,4.0,4.0,4.0,6.0,3.0,3.0,0.0,0.0,57.1,50.0,35.0,38.0,0.0,1,9.0,25.0,0,,21077.0,0.0,0.0,
15,,,,第3节,6.5,0.83,-9.5,0.83,135.5,0.8,135.5,0.87,-9.5,3.0,,,9.0,7.0,4.0,4.0,4.0,6.0,3.0,3.0,0.0,0.0,57.1,50.0,35.0,38.0,0.0,1,9.0,25.0,0,,21077.0,0.0,0.0,
16,,,,第3节,9.5,0.83,-9.5,0.83,135.5,0.8,137.5,0.83,9.5,3.0,,,9.0,7.0,4.0,4.0,4.0,6.0,3.0,3.0,0.0,0.0,57.1,50.0,35.0,38.0,0.0,1,9.0,25.0,0,,21077.0,0.0,0.0,
17,,,,第3节,9.5,0.83,-9.5,0.83,137.5,0.83,137.5,0.83,137.5,3.0,,,9.0,7.0,4.0,4.0,4.0,6.0,3.0,3.0,0.0,0.0,57.1,50.0,35.0,38.0,0.0,1,9.0,25.0,0,,21077.0,0.0,0.0,
18,,,,第3节,9.5,0.83,-9.5,0.83,137.5,0.83,137.5,0.83,137.5,3.0,,,9.0,7.0,4.0,4.0,4.0,6.0,3.0,3.0,0.0,0.0,57.1,50.0,35.0,38.0,0.0,1,9.0,21.0,0,,21077.0,0.0,0.0,
19,,,,第3节,9.5,0.8,-11.5,0.87,137.5,0.83,137.5,0.83,-11.5,3.0,,,9.0,7.0,4.0,4.0,4.0,6.0,3.0,3.0,0.0,0.0,57.1,50.0,35.0,38.0,0.0,1,9.0,21.0,0,,11077.0,0.0,0.0,
20,,,,第3节,11.5,0.8,-11.5,0.87,137.5,0.83,139.5,0.83,11.5,3.0,,,9.0,7.0,4.0,4.0,4.0,6.0,3.0,3.0,0.0,0.0,57.1,50.0,35.0,38.0,0.0,1,9.0,21.0,0,,11077.0,0.0,0.0,
21,,,,第3节,11.5,0.8,-11.5,0.87,139.5,0.83,139.5,0.83,139.5,3.0,,,9.0,7.0,4.0,4.0,4.0,6.0,3.0,3.0,0.0,0.0,57.1,50.0,35.0,38.0,0.0,1,9.0,21.0,0,,11077.0,0.0,0.0,
22,,,,第3节,11.5,0.8,-11.5,0.87,139.5,0.83,139.5,0.83,139.5,3.0,,,9.0,7.0,4.0,4.0,4.0,6.0,3.0,3.0,0.0,0.0,57.1,50.0,35.0,38.0,0.0,1,9.0,17.0,0,,11077.0,0.0,0.0,
23,,,,第3节,11.5,0.8,-11.5,0.87,139.5,0.83,139.5,0.83,139.5,3.0,,,9.0,7.0,5.0,4.0,4.0,6.0,3.0,3.0,0.0,0.0,57.1,50.0,40.0,38.0,0.0,1,9.0,17.0,0,,11074.0,0.0,0.0,"0.77,0.71"
24,,,,第3节,11.5,0.8,-11.5,0.87,139.5,0.83,139.5,0.83,139.5,3.0,,,9.0,7.0,5.0,4.0,4.0,6.0,3.0,3.0,0.0,0.0,57.1,50.0,35.0,40.0,0.0,1,9.0,17.0,0,,21077.0,0.0,0.0,
25,,,,第3节,11.5,0.8,-11.5,0.87,139.5,0.8,139.5,0.87,139.5,3.0,,,9.0,7.0,5.0,4.0,4.0,6.0,3.0,3.0,0.0,0.0,57.1,50.0,35.0,40.0,0.0,1,9.0,17.0,0,,21095.0,0.0,0.0,"0.09,0.56"
26,,,,第3节,11.5,0.83,-11.5,0.83,137.5,0.83,137.5,0.83,137.5,3.0,,,9.0,7.0,5.0,4.0,4.0,6.0,3.0,3.0,0.0,0.0,57.1,50.0,35.0,40.0,0.0,1,9.0,17.0,0,,11077.0,0.0,0.0,
27,,,,第3节,11.5,0.83,-11.5,0.83,137.5,0.83,137.5,0.83,137.5,3.0,,,9.0,7.0,5.0,4.0,4.0,6.0,3.0,3.0,0.0,0.0,57.1,50.0,35.0,40.0,0.0,1,8.0,51.0,0,,11077.0,0.0,0.0,
28,,,,第3节,11.5,0.83,-11.5,0.83,137.5,0.83,137.5,0.83,137.5,3.0,,,9.0,7.0,5.0,4.0,4.0,6.0,3.0,3.0,0.0,0.0,57.1,50.0,35.0,40.0,0.0,1,8.0,51.0,0,,11094.0,0.0,0.0,"0.69,0.27"
29,,,,第3节,11.5,0.87,-10.5,0.8,137.5,0.83,137.5,0.83,-10.5,3.0,,,9.0,7.0,5.0,4.0,4.0,6.0,3.0,3.0,0.0,0.0,57.1,50.0,35.0,40.0,0.0,1,8.0,51.0,0,,21077.0,0.0,0.0,
30,,,,第3节,10.5,0.87,-10.5,0.8,137.5,0.83,136.5,0.83,10.5,3.0,,,9.0,7.0,5.0,4.0,4.0,6.0,3.0,3.0,0.0,0.0,57.1,50.0,35.0,40.0,0.0,1,8.0,51.0,0,,21077.0,0.0,0.0,
31,,,,第3节,10.5,0.87,-10.5,0.8,136.5,0.83,136.5,0.83,136.5,3.0,,,9.0,7.0,5.0,4.0,4.0,6.0,3.0,3.0,0.0,0.0,57.1,50.0,35.0,40.0,0.0,1,8.0,51.0,0,,21077.0,0.0,0.0,
32,,,,第3节,10.5,0.87,-10.5,0.8,136.5,0.83,136.5,0.83,136.5,3.0,,,9.0,7.0,5.0,4.0,4.0,6.0,3.0,3.0,0.0,0.0,57.1,50.0,35.0,40.0,0.0,1,8.0,39.0,0,,21077.0,0.0,0.0,
33,,,,第3节,10.5,0.87,-10.5,0.8,136.5,0.83,136.5,0.83,136.5,3.0,,,9.0,7.0,5.0,4.0,4.0,6.0,3.0,3.0,0.0,0.0,57.1,50.0,35.0,40.0,0.0,1,8.0,39.0,0,,21077.0,0.0,0.0,
34,,,,第3节,10.5,0.87,-10.5,0.8,136.5,0.83,136.5,0.83,136.5,3.0,,,9.0,7.0,5.0,4.0,4.0,6.0,3.0,3.0,0.0,0.0,57.1,50.0,35.0,40.0,0.0,1,8.0,27.0,0,,21077.0,0.0,0.0,
35,,,,第3节,10.5,0.87,-10.5,0.8,136.5,0.83,136.5,0.83,136.5,3.0,,,9.0,7.0,5.0,4.0,4.0,6.0,3.0,3.0,1.0,0.0,57.1,50.0,35.0,40.0,0.0,1,8.0,27.0,0,,11086.0,0.0,0.0,
36,,,,第3节,10.5,0.83,-10.5,0.83,135.5,0.87,135.5,0.8,135.5,3.0,,,9.0,7.0,5.0,4.0,4.0,6.0,3.0,3.0,1.0,0.0,57.1,50.0,35.0,40.0,0.0,1,8.0,27.0,0,,21077.0,0.0,0.0,
37,,,,第3节,10.5,0.83,-10.5,0.83,135.5,0.87,135.5,0.8,135.5,3.0,,,9.0,7.0,5.0,4.0,4.0,6.0,3.0,3.0,1.0,0.0,57.1,50.0,35.0,40.0,0.0,1,8.0,27.0,0,,21077.0,0.0,0.0,
38,,,,第3节,10.5,0.83,-11.5,0.83,135.5,0.87,135.5,0.8,-11.5,3.0,,,9.0,7.0,5.0,4.0,4.0,6.0,3.0,3.0,1.0,0.0,57.1,50.0,35.0,40.0,0.0,1,8.0,27.0,0,,21077.0,0.0,0.0,
39,,,,第3节,11.5,0.83,-11.5,0.83,135.5,0.83,135.5,0.83,11.5,3.0,,,9.0,7.0,5.0,4.0,4.0,6.0,3.0,3.0,1.0,0.0,57.1,50.0,35.0,40.0,0.0,1,8.0,21.0,0,,21077.0,0.0,0.0,
40,,,,第3节,11.5,0.83,-11.5,0.83,135.5,0.83,135.5,0.83,11.5,3.0,,,9.0,7.0,5.0,4.0,4.0,6.0,3.0,3.0,1.0,0.0,57.1,50.0,35.0,40.0,0.0,1,8.0,21.0,0,,11077.0,0.0,0.0,
41,,,,第3节,11.5,0.83,-11.5,0.83,135.5,0.83,135.5,0.83,11.5,3.0,,,9.0,7.0,5.0,4.0,4.0,6.0,3.0,3.0,1.0,0.0,57.1,50.0,35.0,40.0,0.0,1,8.0,21.0,0,,11094.0,0.0,0.0,"0.69,0.34"
42,,,,第3节,11.5,0.83,-10.5,0.83,135.5,0.83,135.5,0.83,-10.5,3.0,,,9.0,7.0,5.0,4.0,4.0,6.0,3.0,3.0,1.0,0.0,57.1,50.0,35.0,40.0,0.0,1,8.0,21.0,0,,21077.0,0.0,0.0,
43,,,,第3节,10.5,0.83,-10.5,0.83,135.5,0.83,134.5,0.8,10.5,3.0,,,9.0,7.0,5.0,4.0,4.0,6.0,3.0,3.0,1.0,0.0,57.1,50.0,35.0,40.0,0.0,1,8.0,21.0,0,,21077.0,0.0,0.0,
44,,,,第3节,10.5,0.83,-10.5,0.83,134.5,0.87,134.5,0.8,134.5,3.0,,,9.0,7.0,5.0,4.0,4.0,6.0,3.0,3.0,1.0,0.0,57.1,50.0,35.0,40.0,0.0,1,8.0,21.0,0,,21077.0,0.0,0.0,
45,,,,第3节,10.5,0.83,-10.5,0.83,134.5,0.87,134.5,0.8,134.5,3.0,,,9.0,7.0,5.0,4.0,4.0,6.0,3.0,3.0,1.0,0.0,57.1,50.0,35.0,40.0,0.0,1,8.0,10.0,0,,21077.0,0.0,0.0,
46,,,,第3节,10.5,0.83,-10.5,0.83,134.5,0.87,134.5,0.8,134.5,3.0,,,9.0,7.0,5.0,4.0,4.0,6.0,3.0,3.0,1.0,0.0,57.1,50.0,35.0,40.0,0.0,1,8.0,10.0,0,,21077.0,0.0,0.0,
47,,,,第3节,10.5,0.83,-10.5,0.83,134.5,0.87,134.5,0.8,134.5,3.0,,,9.0,7.0,5.0,4.0,4.0,6.0,3.0,3.0,1.0,0.0,57.1,50.0,35.0,40.0,0.0,1,8.0,5.0,0,,21077.0,0.0,0.0,
48,,,,第3节,10.5,0.83,-10.5,0.83,134.5,0.87,134.5,0.8,134.5,3.0,,,9.0,7.0,5.0,5.0,4.0,6.0,3.0,3.0,1.0,0.0,57.1,50.0,35.0,37.0,0.0,1,8.0,5.0,0,,21074.0,0.0,0.0,"0.14,0.52"
49,,,,第3节,10.5,0.83,-10.5,0.83,134.5,0.87,134.5,0.8,134.5,3.0,,,9.0,7.0,5.0,5.0,4.0,6.0,3.0,3.0,1.0,0.0,57.1,50.0,37.0,40.0,0.0,1,8.0,5.0,0,,11077.0,0.0,0.0,
50,,,,第3节,10.5,0.83,-9.5,0.83,134.5,0.87,134.5,0.8,-9.5,3.0,,,9.0,7.0,5.0,5.0,4.0,6.0,3.0,3.0,1.0,0.0,57.1,50.0,37.0,40.0,0.0,1,8.0,5.0,0,,11077.0,0.0,0.0,
51,,,,第3节,9.5,0.83,-9.5,0.83,134.5,0.87,136.5,0.8,9.5,3.0,,,9.0,7.0,5.0,5.0,4.0,6.0,3.0,3.0,1.0,0.0,57.1,50.0,37.0,40.0,0.0,1,8.0,5.0,0,,11077.0,0.0,0.0,
52,,,,第3节,9.5,0.83,-9.5,0.83,136.5,0.87,136.5,0.8,136.5,3.0,,,9.0,7.0,5.0,5.0,4.0,6.0,3.0,3.0,1.0,0.0,57.1,50.0,37.0,40.0,0.0,1,8.0,5.0,0,,11077.0,0.0,0.0,
53,,,,第3节,9.5,0.83,-9.5,0.83,136.5,0.87,136.5,0.8,136.5,3.0,,,9.0,7.0,5.0,5.0,4.0,6.0,3.0,3.0,1.0,0.0,57.1,50.0,37.0,40.0,0.0,1,8.0,5.0,0,,11094.0,0.0,0.0,"0.66,0.76"
54,,,,第3节,9.5,0.83,-9.5,0.83,136.5,0.87,136.5,0.8,136.5,3.0,,,9.0,7.0,5.0,5.0,4.0,6.0,3.0,3.0,1.0,0.0,57.1,50.0,37.0,40.0,0.0,1,7.0,41.0,0,,21077.0,0.0,0.0,
55,,,,第3节,9.5,0.83,-8.5,0.83,136.5,0.87,136.5,0.8,-8.5,3.0,,,9.0,7.0,5.0,5.0,4.0,6.0,3.0,3.0,1.0,0.0,57.1,50.0,37.0,40.0,0.0,1,7.0,41.0,0,,21077.0,0.0,0.0,
56,,,,第3节,8.5,0.83,-8.5,0.83,136.5,0.87,135.5,0.83,8.5,3.0,,,9.0,7.0,5.0,5.0,4.0,6.0,3.0,3.0,1.0,0.0,57.1,50.0,37.0,40.0,0.0,1,7.0,41.0,0,,21077.0,0.0,0.0,
57,,,,第3节,8.5,0.83,-8.5,0.83,135.5,0.83,135.5,0.83,135.5,3.0,,,9.0,7.0,5.0,5.0,4.0,6.0,3.0,3.0,1.0,0.0,57.1,50.0,37.0,40.0,0.0,1,7.0,41.0,0,,21077.0,0.0,0.0,
58,,,,第3节,8.5,0.83,-8.5,0.83,135.5,0.83,135.5,0.83,135.5,3.0,,,9.0,7.0,5.0,5.0,4.0,6.0,3.0,3.0,1.0,0.0,57.1,50.0,37.0,40.0,0.0,1,7.0,31.0,0,,21077.0,0.0,0.0,
59,,,,第3节,8.5,0.83,-8.5,0.83,135.5,0.83,135.5,0.83,135.5,3.0,,,9.0,7.0,5.0,6.0,4.0,6.0,3.0,3.0,1.0,0.0,57.1,50.0,37.0,39.0,0.0,1,7.0,31.0,0,,21074.0,0.0,0.0,"0.12,0.55"
60,,,,第3节,8.5,0.83,-8.5,0.83,135.5,0.83,135.5,0.83,135.5,3.0,,,9.0,7.0,5.0,6.0,4.0,6.0,3.0,3.0,1.0,0.0,57.1,50.0,39.0,40.0,0.0,1,7.0,31.0,0,,11077.0,0.0,0.0,
61,,,,第3节,8.5,0.83,-7.5,0.83,135.5,0.83,135.5,0.83,-7.5,3.0,,,9.0,7.0,5.0,6.0,4.0,6.0,3.0,3.0,1.0,0.0,57.1,50.0,39.0,40.0,0.0,1,7.0,31.0,0,,11077.0,0.0,0.0,
62,,,,第3节,7.5,0.83,-7.5,0.83,135.5,0.83,137.5,0.87,7.5,3.0,,,9.0,7.0,5.0,6.0,4.0,6.0,3.0,3.0,1.0,0.0,57.1,50.0,39.0,40.0,0.0,1,7.0,31.0,0,,11077.0,0.0,0.0,
63,,,,第3节,7.5,0.83,-7.5,0.83,137.5,0.8,137.5,0.87,137.5,3.0,,,9.0,7.0,5.0,6.0,4.0,6.0,3.0,3.0,1.0,0.0,57.1,50.0,39.0,40.0,0.0,1,7.0,31.0,0,,11077.0,0.0,0.0,
64,,,,第3节,7.5,0.83,-7.5,0.83,137.5,0.8,137.5,0.87,137.5,3.0,,,10.0,7.0,5.0,6.0,4.0,6.0,3.0,3.0,1.0,0.0,57.1,50.0,43.0,40.0,0.0,1,7.0,31.0,0,,11075.0,0.0,0.0,"0.63,0.56"
65,,,,第3节,7.5,0.83,-7.5,0.83,137.5,0.8,137.5,0.87,137.5,3.0,,,10.0,7.0,5.0,6.0,4.0,6.0,3.0,3.0,1.0,0.0,57.1,50.0,39.0,43.0,0.0,1,7.0,14.0,0,,21077.0,0.0,0.0,
66,,,,第3节,7.5,0.8,-9.5,0.87,137.5,0.8,137.5,0.87,-9.5,3.0,,,10.0,7.0,5.0,6.0,4.0,6.0,3.0,3.0,1.0,0.0,57.1,50.0,39.0,43.0,0.0,1,7.0,14.0,0,,21077.0,0.0,0.0,
67,,,,第3节,9.5,0.8,-9.5,0.87,137.5,0.8,139.5,0.83,9.5,3.0,,,10.0,7.0,5.0,6.0,4.0,6.0,3.0,3.0,1.0,0.0,57.1,50.0,39.0,43.0,0.0,1,7.0,14.0,0,,21077.0,0.0,0.0,
68,,,,第3节,9.5,0.8,-9.5,0.87,139.5,0.83,139.5,0.83,139.5,3.0,,,10.0,7.0,5.0,6.0,4.0,6.0,3.0,3.0,1.0,0.0,57.1,50.0,39.0,43.0,0.0,1,7.0,14.0,0,,21077.0,0.0,0.0,
69,,,,第3节,9.5,0.8,-9.5,0.87,139.5,0.8,139.5,0.87,139.5,3.0,,,10.0,7.0,5.0,7.0,4.0,6.0,3.0,3.0,1.0,0.0,57.1,50.0,39.0,41.0,0.0,1,7.0,14.0,0,,21074.0,0.0,0.0,"0.09,0.61"
70,,,,第3节,9.5,0.8,-9.5,0.87,139.5,0.8,139.5,0.87,139.5,3.0,,,10.0,7.0,5.0,7.0,4.0,6.0,3.0,3.0,1.0,0.0,57.1,50.0,41.0,43.0,0.0,1,7.0,14.0,0,,11077.0,0.0,0.0,
71,,,,第3节,9.5,0.8,-8.5,0.87,139.5,0.8,139.5,0.87,-8.5,3.0,,,10.0,7.0,5.0,7.0,4.0,6.0,3.0,3.0,1.0,0.0,57.1,50.0,41.0,43.0,0.0,1,7.0,14.0,0,,11077.0,0.0,0.0,
72,,,,第3节,8.5,0.8,-8.5,0.87,139.5,0.8,140.5,0.91,8.5,3.0,,,10.0,7.0,5.0,7.0,4.0,6.0,3.0,3.0,1.0,0.0,57.1,50.0,41.0,43.0,0.0,1,7.0,14.0,0,,11077.0,0.0,0.0,
73,,,,第3节,8.5,0.8,-8.5,0.87,140.5,0.77,140.5,0.91,140.5,3.0,,,10.0,7.0,5.0,7.0,4.0,6.0,3.0,3.0,1.0,0.0,57.1,50.0,41.0,43.0,0.0,1,7.0,14.0,0,,11077.0,0.0,0.0,
74,,,,第3节,8.5,0.8,-8.5,0.87,140.5,0.77,140.5,0.91,140.5,3.0,,,10.0,7.0,5.0,7.0,4.0,6.0,3.0,3.0,1.0,0.0,57.1,50.0,41.0,43.0,0.0,1,6.0,51.0,0,,11077.0,0.0,0.0,
75,,,,第3节,8.5,0.8,-8.5,0.87,139.5,0.87,139.5,0.8,139.5,3.0,,,10.0,7.0,5.0,7.0,4.0,6.0,3.0,3.0,1.0,0.0,57.1,50.0,41.0,43.0,0.0,1,6.0,51.0,0,,11077.0,0.0,0.0,
76,,,,第3节,8.5,0.8,-8.5,0.87,139.5,0.87,139.5,0.8,139.5,3.0,,,10.0,7.0,5.0,7.0,4.0,6.0,3.0,3.0,1.0,0.0,57.1,50.0,41.0,43.0,0.0,1,6.0,51.0,0,,11095.0,0.0,0.0,"0.86,0.55"
77,,,,第3节,8.5,0.8,-8.5,0.87,139.5,0.87,139.5,0.8,139.5,3.0,,,10.0,7.0,5.0,7.0,4.0,6.0,3.0,3.0,1.0,0.0,57.1,50.0,41.0,43.0,0.0,1,6.0,31.0,0,,21077.0,0.0,0.0,
78,,,,第3节,8.5,0.8,-7.5,0.87,139.5,0.87,139.5,0.8,-7.5,3.0,,,10.0,7.0,5.0,7.0,4.0,6.0,3.0,3.0,1.0,0.0,57.1,50.0,41.0,43.0,0.0,1,6.0,31.0,0,,21077.0,0.0,0.0,
79,,,,第3节,7.5,0.8,-7.5,0.87,139.5,0.87,138.5,0.83,7.5,3.0,,,10.0,7.0,5.0,7.0,4.0,6.0,3.0,3.0,1.0,0.0,57.1,50.0,41.0,43.0,0.0,1,6.0,31.0,0,,21077.0,0.0,0.0,
80,,,,第3节,7.5,0.8,-7.5,0.87,138.5,0.83,138.5,0.83,138.5,3.0,,,10.0,7.0,5.0,7.0,4.0,6.0,3.0,3.0,1.0,0.0,57.1,50.0,41.0,43.0,0.0,1,6.0,31.0,0,,21077.0,0.0,0.0,
81,,,,第3节,7.5,0.8,-7.5,0.87,138.5,0.83,138.5,0.83,138.5,3.0,,,10.0,7.0,5.0,7.0,4.0,6.0,3.0,3.0,1.0,0.0,57.1,50.0,41.0,43.0,0.0,1,6.0,31.0,0,,21094.0,0.0,0.0,"0.34,0.75"
82,,,,第3节,7.5,0.8,-8.5,0.87,138.5,0.83,138.5,0.83,-8.5,3.0,,,10.0,7.0,5.0,7.0,4.0,6.0,3.0,3.0,1.0,0.0,57.1,50.0,41.0,43.0,0.0,1,6.0,31.0,0,,11077.0,0.0,0.0,
83,,,,第3节,8.5,0.8,-8.5,0.87,138.5,0.83,137.5,0.83,8.5,3.0,,,10.0,7.0,5.0,7.0,4.0,6.0,3.0,3.0,1.0,0.0,57.1,50.0,41.0,43.0,0.0,1,6.0,31.0,0,,11077.0,0.0,0.0,
84,,,,第3节,8.5,0.8,-8.5,0.87,137.5,0.83,137.5,0.83,137.5,3.0,,,10.0,7.0,5.0,7.0,4.0,6.0,3.0,3.0,1.0,0.0,57.1,50.0,41.0,43.0,0.0,1,6.0,31.0,0,,11077.0,0.0,0.0,
85,,,,第3节,8.5,0.8,-8.5,0.87,137.5,0.83,137.5,0.83,137.5,3.0,,,10.0,7.0,5.0,7.0,4.0,6.0,3.0,3.0,1.0,0.0,57.1,50.0,41.0,43.0,0.0,1,6.0,16.0,0,,11077.0,0.0,0.0,
86,,,,第3节,8.5,0.8,-8.5,0.87,137.5,0.83,137.5,0.83,137.5,3.0,,,10.0,7.0,5.0,7.0,4.0,6.0,3.0,3.0,1.0,0.0,57.1,50.0,41.0,43.0,0.0,1,6.0,16.0,0,,11077.0,0.0,0.0,
87,,,,第3节,8.5,0.8,-8.5,0.87,137.5,0.83,137.5,0.83,137.5,3.0,,,10.0,7.0,5.0,7.0,4.0,6.0,3.0,3.0,1.0,0.0,57.1,50.0,41.0,43.0,0.0,1,6.0,19.0,0,,11077.0,0.0,0.0,
88,,,,第3节,8.5,0.8,-8.5,0.87,137.5,0.87,137.5,0.8,137.5,3.0,,,10.0,7.0,5.0,7.0,4.0,6.0,3.0,3.0,1.0,0.0,57.1,50.0,41.0,43.0,0.0,1,6.0,19.0,0,,11077.0,0.0,0.0,
89,,,,第3节,8.5,0.8,-8.5,0.87,137.5,0.87,137.5,0.8,137.5,3.0,,,10.0,7.0,5.0,7.0,4.0,6.0,3.0,3.0,1.0,0.0,57.1,50.0,41.0,43.0,0.0,1,6.0,10.0,0,,11077.0,0.0,0.0,
90,,,,第3节,8.5,0.8,-7.5,0.87,137.5,0.87,137.5,0.8,-7.5,3.0,,,10.0,7.0,5.0,7.0,4.0,6.0,3.0,3.0,1.0,0.0,57.1,50.0,41.0,43.0,0.0,1,6.0,10.0,0,,21094.0,0.0,0.0,"0.28,0.17"
91,,,,第3节,7.5,0.8,-7.5,0.87,137.5,0.83,137.5,0.83,7.5,3.0,,,10.0,7.0,5.0,7.0,4.0,6.0,3.0,3.0,1.0,0.0,57.1,50.0,41.0,43.0,0.0,1,6.0,10.0,0,,21077.0,0.0,0.0,
92,,,,第3节,7.5,0.8,-7.5,0.87,137.5,0.83,137.5,0.83,7.5,3.0,,,10.0,7.0,5.0,7.0,4.0,6.0,3.0,3.0,1.0,0.0,57.1,50.0,41.0,43.0,0.0,1,6.0,10.0,0,,21094.0,0.0,0.0,"0.36,0.53"
93,,,,第3节,7.5,0.8,-7.5,0.87,137.5,0.83,137.5,0.83,7.5,3.0,,,10.0,7.0,5.0,7.0,4.0,6.0,3.0,3.0,1.0,0.0,57.1,50.0,41.0,43.0,0.0,1,6.0,0.0,0,,11077.0,0.0,0.0,
94,,,,第3节,7.5,0.91,-7.5,0.77,136.5,0.83,136.5,0.83,136.5,3.0,,,10.0,7.0,5.0,7.0,4.0,6.0,3.0,3.0,1.0,0.0,57.1,50.0,41.0,43.0,0.0,1,6.0,0.0,0,,11077.0,0.0,0.0,
95,,,,第3节,7.5,0.77,-7.5,0.91,136.5,0.83,136.5,0.83,136.5,3.0,,,10.0,7.0,5.0,7.0,4.0,6.0,3.0,3.0,1.0,0.0,57.1,50.0,41.0,43.0,0.0,1,6.0,0.0,0,,21077.0,0.0,0.0,
96,,,,第3节,7.5,0.77,-7.5,0.91,136.5,0.83,136.5,0.83,136.5,3.0,,,10.0,7.0,5.0,7.0,4.0,6.0,3.0,3.0,1.0,0.0,57.1,50.0,41.0,43.0,0.0,1,5.0,55.0,0,,21077.0,0.0,0.0,
97,,,,第3节,7.5,0.77,-7.5,0.91,136.5,0.83,136.5,0.83,136.5,3.0,,,10.0,7.0,5.0,7.0,4.0,6.0,3.0,3.0,1.0,0.0,57.1,50.0,41.0,43.0,0.0,1,5.0,55.0,0,,21094.0,0.0,0.0,"0.16,0.13"
98,,,,第3节,7.5,0.77,-7.5,0.91,136.5,0.83,136.5,0.83,136.5,3.0,,,10.0,7.0,5.0,7.0,4.0,6.0,3.0,3.0,1.0,0.0,57.1,50.0,41.0,43.0,0.0,1,5.0,47.0,0,,11077.0,0.0,0.0,
99,,,,第3节,7.5,0.87,-7.5,0.8,135.5,0.87,135.5,0.8,135.5,3.0,,,10.0,7.0,5.0,7.0,4.0,6.0,3.0,3.0,1.0,0.0,57.1,50.0,41.0,43.0,0.0,1,5.0,47.0,0,,11077.0,0.0,0.0,
100,,,,第3节,7.5,0.87,-7.5,0.8,135.5,0.87,135.5,0.8,135.5,3.0,,,10.0,7.0,5.0,7.0,4.0,6.0,3.0,3.0,1.0,0.0,57.1,50.0,41.0,43.0,0.0,1,5.0,41.0,0,,11077.0,0.0,0.0,
101,,,,第3节,7.5,0.91,-6.5,0.77,135.5,0.87,135.5,0.8,-6.5,3.0,,,10.0,7.0,5.0,7.0,4.0,6.0,3.0,3.0,1.0,0.0,57.1,50.0,41.0,43.0,0.0,1,5.0,41.0,0,,21077.0,0.0,0.0,
102,,,,第3节,6.5,0.91,-6.5,0.77,135.5,0.83,135.5,0.83,6.5,3.0,,,10.0,7.0,5.0,7.0,4.0,6.0,3.0,3.0,1.0,0.0,57.1,50.0,41.0,43.0,0.0,1,5.0,34.0,0,,21077.0,0.0,0.0,
103,,,,第3节,6.5,0.91,-6.5,0.77,135.5,0.83,135.5,0.83,6.5,3.0,,,10.0,7.0,5.0,7.0,4.0,6.0,3.0,3.0,2.0,0.0,57.1,50.0,41.0,43.0,0.0,1,5.0,34.0,0,,11086.0,0.0,0.0,
104,,,,第3节,6.5,0.91,-6.5,0.77,135.5,0.83,135.5,0.83,6.5,3.0,,,10.0,7.0,5.0,7.0,4.0,6.0,3.0,3.0,2.0,0.0,57.1,50.0,41.0,43.0,0.0,1,5.0,34.0,0,,21077.0,0.0,0.0,
105,,,,第3节,6.5,0.83,-6.5,0.83,136.5,0.83,136.5,0.83,136.5,3.0,1:2,,10.0,7.0,5.0,7.0,4.0,6.0,3.0,3.0,2.0,0.0,57.1,50.0,41.0,43.0,0.0,1,5.0,34.0,0,,21078.0,0.0,0.0,
106,,,,第3节,6.5,0.83,-6.5,0.83,136.5,0.83,136.5,0.83,136.5,3.0,1:2,,10.0,7.0,5.0,7.0,4.0,6.0,3.0,3.0,2.0,0.0,57.1,46.2,41.0,43.0,0.0,1,5.0,34.0,0,,21080.0,0.0,0.0,"0.21,0.50"
107,,,,第3节,6.5,0.77,-7.5,0.91,136.5,0.83,136.5,0.83,-7.5,3.0,2:2,,10.0,7.0,5.0,7.0,4.0,6.0,3.0,3.0,2.0,0.0,57.1,46.2,41.0,43.0,0.0,1,5.0,34.0,0,,21078.0,0.0,0.0,"0.21,0.50"
108,,,,第3节,7.5,0.77,-7.5,0.91,136.5,0.83,135.5,0.8,7.5,3.0,2:2,,10.0,7.0,5.0,7.0,4.0,6.0,3.0,3.0,2.0,0.0,57.1,46.2,41.0,43.0,0.0,1,5.0,34.0,0,,21078.0,0.0,0.0,"0.21,0.50"
109,,,,第3节,7.5,0.77,-7.5,0.91,135.5,0.87,135.5,0.8,135.5,3.0,2:2,,10.0,7.0,5.0,7.0,4.0,6.0,3.0,3.0,2.0,0.0,57.1,46.2,41.0,43.0,0.0,1,5.0,34.0,0,,21078.0,0.0,0.0,"0.21,0.50"
110,,,,第3节,7.5,0.77,-7.5,0.91,135.5,0.87,135.5,0.8,135.5,3.0,2:2,,10.0,7.0,5.0,7.0,4.0,7.0,3.0,3.0,2.0,0.0,57.1,50.0,41.0,42.0,0.0,1,5.0,34.0,0,,21079.0,0.0,0.0,"0.21,0.50"
111,,,,第3节,7.5,0.77,-7.5,0.91,135.5,0.87,135.5,0.8,135.5,3.0,,,10.0,7.0,5.0,7.0,4.0,7.0,3.0,3.0,2.0,0.0,57.1,50.0,42.0,43.0,0.0,1,5.0,34.0,0,,11077.0,0.0,0.0,
112,,,,第3节,7.5,0.87,-6.5,0.8,135.5,0.87,135.5,0.8,-6.5,3.0,,,10.0,7.0,5.0,7.0,4.0,7.0,3.0,3.0,2.0,0.0,57.1,50.0,42.0,43.0,0.0,1,5.0,34.0,0,,11077.0,0.0,0.0,
113,,,,第3节,6.5,0.87,-6.5,0.8,135.5,0.87,136.5,0.83,6.5,3.0,,,10.0,7.0,5.0,7.0,4.0,7.0,3.0,3.0,2.0,0.0,57.1,50.0,42.0,43.0,0.0,1,5.0,34.0,0,,11077.0,0.0,0.0,
114,,,,第3节,6.5,0.87,-6.5,0.8,136.5,0.83,136.5,0.83,136.5,3.0,,,10.0,7.0,5.0,7.0,4.0,7.0,3.0,3.0,2.0,0.0,57.1,50.0,42.0,43.0,0.0,1,5.0,34.0,0,,11077.0,0.0,0.0,
115,,,,第3节,6.5,0.87,-6.5,0.8,136.5,0.83,136.5,0.83,136.5,3.0,,,10.0,7.0,5.0,7.0,4.0,7.0,3.0,3.0,2.0,0.0,57.1,50.0,42.0,43.0,0.0,1,5.0,31.0,0,,11077.0,0.0,0.0,
116,,,,第3节,6.5,0.87,-6.5,0.8,136.5,0.83,136.5,0.83,136.5,3.0,,,10.0,7.0,5.0,7.0,4.0,7.0,3.0,3.0,2.0,0.0,57.1,50.0,42.0,43.0,0.0,1,5.0,31.0,0,,21077.0,0.0,0.0,
117,,,,第3节,6.5,0.87,-6.5,0.8,136.5,0.83,136.5,0.83,136.5,3.0,,,10.0,7.0,5.0,7.0,4.0,7.0,3.0,3.0,2.0,0.0,57.1,50.0,42.0,43.0,0.0,1,5.0,19.0,0,,21077.0,0.0,0.0,
118,,,,第3节,6.5,0.87,-5.5,0.8,136.5,0.83,136.5,0.83,-5.5,3.0,,,10.0,7.0,5.0,7.0,4.0,7.0,3.0,3.0,2.0,0.0,57.1,50.0,42.0,43.0,0.0,1,5.0,19.0,0,,21077.0,0.0,0.0,
119,,,,第3节,5.5,0.87,-5.5,0.8,136.5,0.83,135.5,0.83,5.5,3.0,,,10.0,7.0,5.0,7.0,4.0,7.0,3.0,3.0,2.0,0.0,57.1,50.0,42.0,43.0,0.0,1,5.0,19.0,0,,21077.0,0.0,0.0,
120,,,,第3节,5.5,0.87,-5.5,0.8,135.5,0.83,135.5,0.83,135.5,3.0,,,10.0,7.0,5.0,7.0,4.0,7.0,3.0,3.0,2.0,0.0,57.1,50.0,42.0,43.0,0.0,1,5.0,19.0,0,,21077.0,0.0,0.0,
121,,,,第3节,5.5,0.87,-5.5,0.8,135.5,0.83,135.5,0.83,135.5,3.0,,,10.0,7.0,5.0,7.0,4.0,7.0,3.0,3.0,2.0,0.0,57.1,50.0,42.0,43.0,0.0,1,5.0,19.0,0,,21095.0,0.0,0.0,"0.15,0.62"
122,,,,第3节,5.5,0.87,-5.5,0.8,135.5,0.83,135.5,0.83,135.5,3.0,,,10.0,7.0,5.0,7.0,4.0,7.0,3.0,3.0,2.0,0.0,57.1,50.0,42.0,43.0,0.0,1,5.0,7.0,0,,11077.0,0.0,0.0,
123,,,,第3节,5.5,0.83,-6.5,0.83,135.5,0.83,135.5,0.83,-6.5,3.0,,,10.0,7.0,5.0,7.0,4.0,7.0,3.0,3.0,2.0,0.0,57.1,50.0,42.0,43.0,0.0,1,5.0,7.0,0,,11077.0,0.0,0.0,
124,,,,第3节,6.5,0.83,-6.5,0.83,135.5,0.83,134.5,0.8,6.5,3.0,,,10.0,7.0,5.0,7.0,4.0,7.0,3.0,3.0,2.0,0.0,57.1,50.0,42.0,43.0,0.0,1,5.0,7.0,0,,11077.0,0.0,0.0,
125,,,,第3节,6.5,0.83,-6.5,0.83,134.5,0.87,134.5,0.8,134.5,3.0,,,10.0,7.0,5.0,7.0,4.0,7.0,3.0,3.0,2.0,0.0,57.1,50.0,42.0,43.0,0.0,1,5.0,7.0,0,,11077.0,0.0,0.0,
126,,,,第3节,6.5,0.83,-6.5,0.83,134.5,0.87,134.5,0.8,134.5,3.0,,,10.0,7.0,5.0,7.0,4.0,7.0,3.0,3.0,2.0,0.0,57.1,50.0,42.0,43.0,0.0,1,5.0,6.0,0,,11077.0,0.0,0.0,
127,,,,第3节,6.5,0.83,-6.5,0.83,134.5,0.87,134.5,0.8,134.5,3.0,,,10.0,7.0,5.0,7.0,4.0,7.0,3.0,3.0,2.0,1.0,57.1,50.0,42.0,43.0,0.0,1,5.0,6.0,0,,21086.0,0.0,0.0,
128,,,,第3节,6.5,0.83,-6.5,0.83,134.5,0.83,134.5,0.83,134.5,3.0,,,10.0,7.0,5.0,7.0,4.0,7.0,3.0,3.0,2.0,1.0,57.1,50.0,42.0,43.0,0.0,1,5.0,6.0,0,,11077.0,0.0,0.0,
129,,,,第3节,6.5,0.83,-6.5,0.83,134.5,0.83,134.5,0.83,134.5,3.0,,,10.0,7.0,5.0,7.0,4.0,7.0,3.0,3.0,2.0,1.0,57.1,50.0,42.0,43.0,0.0,1,5.0,6.0,0,,11094.0,0.0,0.0,"0.81,0.72"
130,,,,第3节,6.5,0.83,-5.5,0.83,134.5,0.83,134.5,0.83,-5.5,3.0,,,10.0,7.0,5.0,7.0,4.0,7.0,3.0,3.0,2.0,1.0,57.1,50.0,42.0,43.0,0.0,1,5.0,6.0,0,,21077.0,0.0,0.0,
131,,,,第3节,5.5,0.83,-5.5,0.83,134.5,0.87,134.5,0.8,5.5,3.0,,,10.0,7.0,5.0,7.0,4.0,7.0,3.0,3.0,2.0,1.0,57.1,50.0,42.0,43.0,1.0,1,5.0,6.0,0,,21077.0,0.0,0.0,
132,,,,第3节,5.5,0.83,-5.5,0.83,134.5,0.87,134.5,0.8,5.5,3.0,,,10.0,7.0,5.0,7.0,4.0,7.0,3.0,3.0,2.0,1.0,57.1,50.0,42.0,43.0,1.0,1,5.0,6.0,0,,11077.0,0.0,0.0,
133,,,,第3节,5.5,0.83,-5.5,0.83,134.5,0.87,134.5,0.8,5.5,3.0,,,10.0,7.0,5.0,7.0,4.0,7.0,3.0,3.0,2.0,1.0,57.1,50.0,42.0,43.0,0.0,1,5.0,6.0,0,,11077.0,0.0,0.0,
134,,,,第3节,5.5,0.83,-5.5,0.83,134.5,0.87,134.5,0.8,5.5,3.0,,,10.0,7.0,5.0,7.0,4.0,7.0,3.0,3.0,2.0,1.0,57.1,50.0,42.0,43.0,0.0,1,5.0,5.0,0,,11077.0,0.0,0.0,
135,,,,第3节,5.5,0.83,-6.5,0.83,134.5,0.87,134.5,0.8,-6.5,3.0,,,10.0,7.0,5.0,7.0,4.0,7.0,3.0,3.0,2.0,1.0,57.1,50.0,42.0,43.0,0.0,1,5.0,5.0,0,,11077.0,0.0,0.0,
136,,,,第3节,6.5,0.83,-6.5,0.83,134.5,0.83,134.5,0.83,6.5,3.0,,,10.0,7.0,5.0,7.0,4.0,7.0,3.0,3.0,2.0,1.0,57.1,50.0,42.0,43.0,0.0,1,4.0,56.0,0,,11077.0,0.0,0.0,
137,44.0,5.0,,第3节,6.5,0.83,-6.5,0.83,134.5,0.83,134.5,0.83,6.5,3.0,,,10.0,7.0,5.0,7.0,4.0,7.0,3.0,2.0,2.0,1.0,57.1,50.0,42.0,43.0,0.0,1,4.0,56.0,0,,21081.0,0.0,0.0,
138,44.0,5.0,,第3节,6.5,0.83,-6.5,0.83,134.5,0.83,134.5,0.83,6.5,3.0,,,10.0,7.0,5.0,7.0,4.0,7.0,3.0,2.0,2.0,1.0,57.1,50.0,42.0,43.0,0.0,1,4.0,55.0,0,,21081.0,0.0,0.0,
139,44.0,5.0,,第3节,6.5,0.83,-6.5,0.83,133.5,0.87,133.5,0.8,133.5,3.0,,,10.0,7.0,5.0,7.0,4.0,7.0,3.0,2.0,2.0,1.0,57.1,50.0,42.0,43.0,0.0,1,4.0,55.0,0,,21081.0,0.0,0.0,
140,44.0,5.0,,第3节,6.5,0.83,-6.5,0.83,133.5,0.87,133.5,0.8,133.5,3.0,,,10.0,7.0,5.0,7.0,4.0,7.0,3.0,2.0,2.0,1.0,57.1,50.0,42.0,43.0,0.0,1,4.0,55.0,0,,11095.0,0.0,0.0,"0.89,0.58"
141,44.0,5.0,,第3节,6.5,0.83,-6.5,0.83,133.5,0.87,133.5,0.8,133.5,3.0,,,10.0,7.0,5.0,7.0,4.0,7.0,3.0,2.0,2.0,1.0,57.1,50.0,42.0,43.0,0.0,1,4.0,41.0,0,,21077.0,0.0,0.0,
142,44.0,5.0,,第3节,6.5,0.83,-5.5,0.83,133.5,0.87,133.5,0.8,-5.5,3.0,,,10.0,7.0,5.0,7.0,4.0,7.0,3.0,2.0,2.0,1.0,57.1,50.0,42.0,43.0,0.0,1,4.0,41.0,0,,21077.0,0.0,0.0,
143,44.0,5.0,,第3节,5.5,0.83,-5.5,0.83,133.5,0.87,132.5,0.77,5.5,3.0,,,10.0,7.0,5.0,7.0,4.0,7.0,3.0,2.0,2.0,1.0,57.1,50.0,42.0,43.0,0.0,1,4.0,41.0,0,,21077.0,0.0,0.0,
144,44.0,5.0,,第3节,5.5,0.83,-5.5,0.83,132.5,0.91,132.5,0.77,132.5,3.0,,,10.0,7.0,5.0,7.0,4.0,7.0,3.0,2.0,2.0,1.0,57.1,50.0,42.0,43.0,0.0,1,4.0,41.0,0,,21077.0,0.0,0.0,
145,44.0,5.0,,第3节,5.5,0.83,-5.5,0.83,132.5,0.91,132.5,0.77,132.5,3.0,,,10.0,7.0,5.0,8.0,4.0,7.0,3.0,2.0,2.0,1.0,57.1,50.0,42.0,44.0,0.0,1,4.0,41.0,0,,21074.0,0.0,0.0,"0.10,0.55"
146,44.0,5.0,,第3节,5.5,0.83,-5.5,0.83,132.5,0.91,132.5,0.77,132.5,3.0,,,10.0,7.0,5.0,8.0,4.0,7.0,3.0,2.0,2.0,1.0,57.1,50.0,44.0,43.0,0.0,1,4.0,41.0,0,,11077.0,0.0,0.0,
147,44.0,5.0,,第3节,5.5,0.83,-5.5,0.83,132.5,0.91,132.5,0.77,132.5,3.0,,,10.0,7.0,5.0,8.0,4.0,7.0,3.0,2.0,2.0,1.0,57.1,50.0,44.0,43.0,0.0,1,4.0,26.0,0,,11077.0,0.0,0.0,
148,44.0,5.0,,第3节,5.5,0.83,-4.5,0.83,132.5,0.91,132.5,0.77,-4.5,3.0,,,10.0,7.0,5.0,8.0,4.0,7.0,3.0,2.0,2.0,1.0,57.1,50.0,44.0,43.0,0.0,1,4.0,26.0,0,,11077.0,0.0,0.0,
149,44.0,5.0,,第3节,4.5,0.83,-4.5,0.83,132.5,0.91,134.5,0.83,4.5,3.0,,,10.0,7.0,5.0,8.0,4.0,7.0,3.0,2.0,2.0,1.0,57.1,50.0,44.0,43.0,0.0,1,4.0,26.0,0,,11077.0,0.0,0.0,
150,44.0,5.0,,第3节,4.5,0.83,-4.5,0.83,134.5,0.83,134.5,0.83,134.5,3.0,,,10.0,7.0,5.0,8.0,4.0,7.0,3.0,2.0,2.0,1.0,57.1,50.0,44.0,43.0,0.0,1,4.0,26.0,0,,11077.0,0.0,0.0,
151,44.0,5.0,,第3节,4.5,0.83,-4.5,0.83,134.5,0.83,134.5,0.83,134.5,3.0,,,10.0,7.0,5.0,8.0,4.0,7.0,3.0,2.0,2.0,1.0,57.1,50.0,44.0,43.0,0.0,1,4.0,9.0,0,,11077.0,0.0,0.0,
152,44.0,5.0,,第3节,4.5,0.87,-3.5,0.8,134.5,0.83,134.5,0.83,-3.5,3.0,,,10.0,7.0,5.0,8.0,4.0,7.0,3.0,2.0,2.0,1.0,57.1,50.0,44.0,43.0,0.0,1,4.0,9.0,0,,21077.0,0.0,0.0,
153,44.0,5.0,,第3节,3.5,0.87,-3.5,0.8,134.5,0.83,133.5,0.83,3.5,3.0,,,10.0,7.0,5.0,8.0,4.0,7.0,3.0,2.0,2.0,1.0,57.1,50.0,44.0,43.0,0.0,1,4.0,9.0,0,,21077.0,0.0,0.0,
154,44.0,5.0,,第3节,3.5,0.87,-3.5,0.8,133.5,0.83,133.5,0.83,133.5,3.0,,,10.0,7.0,5.0,8.0,4.0,7.0,3.0,2.0,2.0,1.0,57.1,50.0,44.0,43.0,0.0,1,4.0,9.0,0,,21077.0,0.0,0.0,
155,44.0,5.0,,第3节,3.5,0.87,-3.5,0.83,133.5,0.83,133.5,0.83,133.5,3.0,,,10.0,7.0,5.0,8.0,4.0,7.0,3.0,2.0,2.0,1.0,57.1,50.0,44.0,43.0,0.0,1,4.0,9.0,0,,11077.0,1.7,0.0,
156,44.0,5.0,,第3节,3.5,0.83,-4.5,0.83,133.5,0.83,133.5,0.83,-4.5,3.0,,,10.0,7.0,5.0,8.0,4.0,7.0,3.0,2.0,2.0,1.0,57.1,50.0,44.0,43.0,0.0,1,4.0,9.0,0,,11077.0,1.7,0.0,
157,44.0,5.0,,第3节,4.5,0.83,-4.5,0.83,133.5,0.83,132.5,0.87,4.5,3.0,,,10.0,7.0,5.0,8.0,4.0,7.0,3.0,2.0,2.0,1.0,57.1,50.0,44.0,43.0,0.0,1,4.0,9.0,0,,11077.0,1.7,0.0,
158,44.0,5.0,,第3节,4.5,0.83,-4.5,0.83,132.5,0.8,132.5,0.87,132.5,3.0,,,10.0,7.0,5.0,8.0,4.0,7.0,3.0,2.0,2.0,1.0,57.1,50.0,44.0,43.0,0.0,1,4.0,9.0,0,,11077.0,1.7,0.0,
159,44.0,5.0,,第3节,4.5,0.83,-4.5,0.83,132.5,0.8,132.5,0.87,132.5,3.0,,,10.0,7.0,5.0,8.0,4.0,7.0,3.0,2.0,2.0,1.0,57.1,50.0,44.0,43.0,0.0,1,3.0,50.0,0,,11077.0,0.0,0.0,
160,44.0,5.0,,第3节,4.5,0.83,-4.5,0.83,132.5,0.8,132.5,0.87,132.5,3.0,,,10.0,7.0,5.0,8.0,4.0,7.0,3.0,2.0,2.0,1.0,57.1,50.0,44.0,43.0,0.0,1,3.0,50.0,0,,11077.0,0.0,0.0,
161,44.0,5.0,,第3节,4.5,0.83,-4.5,0.83,132.5,0.8,132.5,0.87,132.5,3.0,,,10.0,7.0,5.0,8.0,4.0,7.0,3.0,2.0,2.0,1.0,57.1,50.0,44.0,43.0,0.0,1,3.0,44.0,0,,11077.0,0.0,0.0,
162,44.0,5.0,,第3节,4.5,0.83,-4.5,0.83,132.5,0.8,132.5,0.87,132.5,3.0,,,10.0,7.0,6.0,8.0,4.0,7.0,3.0,2.0,2.0,1.0,57.1,50.0,45.0,43.0,0.0,1,3.0,44.0,0,,11074.0,0.0,0.0,"0.79,0.60"
163,44.0,5.0,,第3节,4.5,0.83,-4.5,0.83,132.5,0.8,132.5,0.87,132.5,3.0,,,10.0,7.0,6.0,8.0,4.0,7.0,3.0,2.0,2.0,1.0,57.1,50.0,44.0,45.0,0.0,1,3.0,44.0,0,,21077.0,0.0,0.0,
164,44.0,5.0,,第3节,4.5,0.83,-5.5,0.83,132.5,0.8,132.5,0.87,-5.5,3.0,,,10.0,7.0,6.0,8.0,4.0,7.0,3.0,2.0,2.0,1.0,57.1,50.0,44.0,45.0,0.0,1,3.0,44.0,0,,21077.0,0.0,0.0,
165,44.0,5.0,,第3节,5.5,0.83,-5.5,0.83,132.5,0.8,134.5,0.87,5.5,3.0,,,10.0,7.0,6.0,8.0,4.0,7.0,3.0,2.0,2.0,1.0,57.1,50.0,44.0,45.0,0.0,1,3.0,44.0,0,,21077.0,0.0,0.0,
166,44.0,5.0,,第3节,5.5,0.83,-5.5,0.83,134.5,0.8,134.5,0.87,134.5,3.0,,,10.0,7.0,6.0,8.0,4.0,7.0,3.0,2.0,2.0,1.0,57.1,50.0,44.0,45.0,0.0,1,3.0,44.0,0,,21077.0,0.0,0.0,
167,44.0,5.0,,第3节,5.5,0.83,-5.5,0.83,134.5,0.8,134.5,0.87,134.5,3.0,,,10.0,7.0,6.0,8.0,4.0,7.0,3.0,2.0,2.0,1.0,57.1,50.0,44.0,45.0,0.0,1,3.0,30.0,0,,21077.0,0.0,0.0,
168,44.0,5.0,,第3节,5.5,0.8,-5.5,0.87,132.5,0.91,132.5,0.77,132.5,3.0,,,10.0,7.0,6.0,8.0,4.0,7.0,3.0,2.0,2.0,1.0,57.1,50.0,44.0,45.0,0.0,1,3.0,30.0,0,,21077.0,0.0,0.0,
169,44.0,5.0,,第3节,5.5,0.8,-5.5,0.87,132.5,0.91,132.5,0.77,132.5,3.0,,,10.0,7.0,6.0,8.0,4.0,7.0,3.0,2.0,2.0,1.0,57.1,50.0,44.0,45.0,0.0,1,3.0,30.0,0,,21094.0,0.0,0.0,"0.15,0.12"
170,44.0,5.0,,第3节,5.5,0.77,-6.5,0.91,132.5,0.91,132.5,0.77,-6.5,3.0,,,10.0,7.0,6.0,8.0,4.0,7.0,3.0,2.0,2.0,1.0,57.1,50.0,44.0,45.0,0.0,1,3.0,30.0,0,,11077.0,0.0,0.0,
171,44.0,5.0,,第3节,6.5,0.77,-6.5,0.91,132.5,0.8,132.5,0.87,6.5,3.0,,,10.0,7.0,6.0,8.0,4.0,7.0,3.0,2.0,2.0,1.0,57.1,50.0,44.0,45.0,0.0,1,3.0,18.0,0,,11077.0,0.0,0.0,
172,44.0,5.0,,第3节,6.5,0.77,-6.5,0.91,132.5,0.8,132.5,0.87,6.5,3.0,,,10.0,7.0,6.0,8.0,4.0,7.0,3.0,2.0,2.0,1.0,57.1,50.0,44.0,45.0,0.0,1,3.0,18.0,0,,11094.0,0.0,0.0,"0.68,0.70"
173,44.0,5.0,,第3节,6.5,0.77,-6.5,0.91,132.5,0.8,132.5,0.87,6.5,3.0,,,10.0,7.0,6.0,8.0,4.0,7.0,3.0,2.0,2.0,1.0,57.1,50.0,44.0,45.0,0.0,1,3.0,8.0,0,,21077.0,0.0,0.0,
174,44.0,5.0,,第3节,6.5,0.8,-5.5,0.87,132.5,0.8,132.5,0.87,-5.5,3.0,,,10.0,7.0,6.0,8.0,4.0,7.0,3.0,2.0,2.0,1.0,57.1,50.0,44.0,45.0,0.0,1,3.0,8.0,0,,21077.0,0.0,0.0,
175,44.0,5.0,,第3节,5.5,0.8,-5.5,0.87,132.5,0.8,131.5,0.83,5.5,3.0,,,10.0,7.0,6.0,8.0,4.0,7.0,3.0,2.0,2.0,1.0,57.1,50.0,44.0,45.0,0.0,1,3.0,8.0,0,,21077.0,0.0,0.0,
176,44.0,5.0,,第3节,5.5,0.8,-5.5,0.87,131.5,0.83,131.5,0.83,131.5,3.0,,,10.0,7.0,6.0,8.0,4.0,7.0,3.0,2.0,2.0,1.0,57.1,50.0,44.0,45.0,0.0,1,3.0,8.0,0,,21077.0,0.0,0.0,
177,44.0,5.0,,第3节,5.5,0.8,-5.5,0.87,131.5,0.83,131.5,0.83,131.5,3.0,,,10.0,7.0,6.0,8.0,4.0,7.0,3.0,2.0,2.0,1.0,57.1,50.0,44.0,45.0,0.0,1,2.0,59.0,0,,21077.0,0.0,0.0,
178,44.0,5.0,,第3节,5.5,0.77,-6.5,0.91,131.5,0.83,131.5,0.83,-6.5,3.0,,,10.0,7.0,6.0,8.0,4.0,7.0,3.0,2.0,2.0,1.0,57.1,50.0,44.0,45.0,0.0,1,2.0,59.0,0,,11077.0,0.0,0.0,
179,44.0,5.0,,第3节,6.5,0.77,-6.5,0.91,131.5,0.8,131.5,0.87,6.5,3.0,,,10.0,7.0,6.0,8.0,4.0,7.0,3.0,2.0,2.0,1.0,57.1,50.0,44.0,45.0,0.0,1,2.0,59.0,0,,11095.0,0.0,0.0,"0.87,0.58"
180,44.0,5.0,,第3节,6.5,0.77,-6.5,0.91,131.5,0.8,131.5,0.87,6.5,3.0,,,10.0,7.0,6.0,8.0,4.0,7.0,3.0,2.0,2.0,1.0,57.1,50.0,44.0,45.0,0.0,1,2.0,37.0,0,,21077.0,0.0,0.0,
181,44.0,5.0,,第3节,6.5,0.91,-4.5,0.77,131.5,0.8,131.5,0.87,-4.5,3.0,,,10.0,7.0,6.0,8.0,4.0,7.0,3.0,2.0,2.0,1.0,57.1,50.0,44.0,45.0,0.0,1,2.0,37.0,0,,21077.0,0.0,0.0,
182,44.0,5.0,,第3节,4.5,0.91,-4.5,0.77,131.5,0.8,129.5,0.8,4.5,3.0,,,10.0,7.0,6.0,8.0,4.0,7.0,3.0,2.0,2.0,1.0,57.1,50.0,44.0,45.0,0.0,1,2.0,37.0,0,,21077.0,0.0,0.0,
183,44.0,5.0,,第3节,4.5,0.91,-4.5,0.77,129.5,0.87,129.5,0.8,129.5,3.0,,,10.0,7.0,6.0,8.0,4.0,7.0,3.0,2.0,2.0,1.0,57.1,50.0,44.0,45.0,0.0,1,2.0,37.0,0,,21077.0,0.0,0.0,
184,44.0,5.0,,第3节,4.5,0.91,-4.5,0.77,129.5,0.87,129.5,0.8,129.5,3.0,,,10.0,7.0,6.0,8.0,4.0,7.0,3.0,2.0,2.0,1.0,57.1,50.0,44.0,45.0,0.0,1,2.0,36.0,0,,21077.0,0.0,0.0,
185,44.0,5.0,,第3节,4.5,0.91,-4.5,0.77,129.5,0.87,129.5,0.8,129.5,3.0,,,10.0,7.0,7.0,8.0,4.0,7.0,3.0,2.0,2.0,1.0,57.1,50.0,47.0,45.0,0.0,1,2.0,36.0,0,,11074.0,0.0,0.0,"0.87,0.58"
186,44.0,5.0,,第3节,4.5,0.91,-4.5,0.77,129.5,0.87,129.5,0.8,129.5,3.0,,,10.0,7.0,7.0,8.0,4.0,7.0,3.0,2.0,2.0,1.0,57.1,50.0,44.0,47.0,0.0,1,2.0,32.0,0,,21077.0,0.0,0.0,
187,44.0,5.0,,第3节,4.5,0.87,-6.5,0.8,129.5,0.87,129.5,0.8,-6.5,3.0,,,10.0,7.0,7.0,8.0,4.0,7.0,3.0,2.0,2.0,1.0,57.1,50.0,44.0,47.0,0.0,1,2.0,32.0,0,,21077.0,0.0,0.0,
188,44.0,5.0,,第3节,6.5,0.87,-6.5,0.8,129.5,0.87,131.5,0.8,6.5,3.0,,,10.0,7.0,7.0,8.0,4.0,7.0,3.0,2.0,2.0,1.0,57.1,50.0,44.0,47.0,0.0,1,2.0,32.0,0,,21077.0,0.0,0.0,
189,44.0,5.0,,第3节,6.5,0.87,-6.5,0.8,131.5,0.87,131.5,0.8,131.5,3.0,,,10.0,7.0,7.0,8.0,4.0,7.0,3.0,2.0,2.0,1.0,57.1,50.0,44.0,47.0,0.0,1,2.0,32.0,0,,21077.0,0.0,0.0,
190,44.0,5.0,,第3节,6.5,0.87,-6.5,0.8,131.5,0.87,131.5,0.8,131.5,3.0,,,10.0,7.0,7.0,8.0,4.0,7.0,3.0,2.0,2.0,1.0,57.1,50.0,44.0,47.0,0.0,1,2.0,15.0,0,,11077.0,0.0,0.0,
191,44.0,5.0,,第3节,6.5,0.83,-7.5,0.83,131.5,0.87,131.5,0.8,-7.5,3.0,,,10.0,7.0,7.0,8.0,4.0,7.0,3.0,2.0,2.0,1.0,57.1,50.0,44.0,47.0,0.0,1,2.0,15.0,0,,11077.0,0.0,0.0,
192,44.0,5.0,,第3节,7.5,0.83,-7.5,0.83,131.5,0.87,130.5,0.83,7.5,3.0,,,10.0,7.0,7.0,8.0,4.0,7.0,3.0,2.0,2.0,1.0,57.1,50.0,44.0,47.0,0.0,1,2.0,15.0,0,,11077.0,0.0,0.0,
193,44.0,5.0,,第3节,7.5,0.83,-7.5,0.83,130.5,0.83,130.5,0.83,130.5,3.0,,,10.0,7.0,7.0,8.0,4.0,7.0,3.0,2.0,2.0,1.0,57.1,50.0,44.0,47.0,0.0,1,2.0,15.0,0,,11077.0,0.0,0.0,
194,44.0,5.0,,第3节,7.5,0.83,-7.5,0.83,130.5,0.83,130.5,0.83,130.5,3.0,,,10.0,7.0,7.0,8.0,4.0,7.0,3.0,2.0,2.0,1.0,57.1,50.0,44.0,47.0,0.0,1,2.0,15.0,0,,11095.0,0.0,0.0,"0.86,0.54"
195,44.0,5.0,,第3节,7.5,0.83,-7.5,0.83,130.5,0.83,130.5,0.83,130.5,3.0,,,10.0,7.0,7.0,8.0,4.0,7.0,3.0,2.0,2.0,1.0,57.1,50.0,44.0,47.0,0.0,1,2.0,3.0,0,,21077.0,0.0,0.0,
196,44.0,5.0,,第3节,7.5,0.83,-6.5,0.83,130.5,0.83,130.5,0.83,-6.5,3.0,,,10.0,7.0,7.0,8.0,4.0,7.0,3.0,2.0,2.0,1.0,57.1,50.0,44.0,47.0,0.0,1,2.0,3.0,0,,21077.0,0.0,0.0,
197,44.0,5.0,,第3节,6.5,0.83,-6.5,0.83,130.5,0.77,130.5,0.91,6.5,3.0,,,10.0,7.0,7.0,8.0,4.0,7.0,3.0,2.0,2.0,1.0,57.1,50.0,44.0,47.0,0.0,1,1.0,44.0,0,,21077.0,0.0,0.0,
198,44.0,5.0,,第3节,6.5,0.83,-6.5,0.83,130.5,0.77,130.5,0.91,6.5,3.0,,,10.0,7.0,7.0,8.0,4.0,7.0,3.0,2.0,2.0,1.0,57.1,50.0,44.0,47.0,0.0,1,1.0,44.0,0,,21095.0,0.0,0.0,"0.14,0.57"
199,44.0,5.0,,第3节,6.5,0.83,-7.5,0.83,130.5,0.77,130.5,0.91,-7.5,3.0,,,10.0,7.0,7.0,8.0,4.0,7.0,3.0,2.0,2.0,1.0,57.1,50.0,44.0,47.0,0.0,1,1.0,44.0,0,,11077.0,0.0,0.0,
200,44.0,5.0,,第3节,7.5,0.83,-7.5,0.83,130.5,0.77,128.5,0.8,7.5,3.0,,,10.0,7.0,7.0,8.0,4.0,7.0,3.0,2.0,2.0,1.0,57.1,50.0,44.0,47.0,0.0,1,1.0,44.0,0,,11077.0,0.0,0.0,
201,44.0,5.0,,第3节,7.5,0.83,-7.5,0.83,128.5,0.87,128.5,0.8,128.5,3.0,,,10.0,7.0,7.0,8.0,4.0,7.0,3.0,2.0,2.0,1.0,57.1,50.0,44.0,47.0,0.0,1,1.0,44.0,0,,11077.0,0.0,0.0,
202,44.0,5.0,,第3节,7.5,0.83,-7.5,0.83,128.5,0.87,128.5,0.8,128.5,3.0,,,10.0,7.0,7.0,8.0,4.0,7.0,3.0,2.0,2.0,1.0,57.1,50.0,44.0,47.0,0.0,1,1.0,38.0,0,,11077.0,0.0,0.0,
203,44.0,5.0,,第3节,7.5,0.83,-6.5,0.83,128.5,0.87,128.5,0.8,-6.5,3.0,,,10.0,7.0,7.0,8.0,4.0,7.0,3.0,2.0,2.0,1.0,57.1,50.0,44.0,47.0,0.0,1,1.0,38.0,0,,11077.0,0.0,0.0,
204,44.0,5.0,,第3节,6.5,0.83,-6.5,0.83,128.5,0.83,128.5,0.83,6.5,3.0,,,10.0,7.0,7.0,8.0,4.0,7.0,3.0,2.0,2.0,1.0,57.1,50.0,44.0,47.0,0.0,1,1.0,41.0,0,,21077.0,0.0,0.0,
205,44.0,5.0,,第3节,6.5,0.83,-6.5,0.83,128.5,0.87,128.5,0.8,6.5,3.0,,,10.0,7.0,7.0,8.0,4.0,7.0,3.0,2.0,2.0,1.0,57.1,50.0,44.0,47.0,0.0,1,1.0,41.0,0,,21077.0,0.0,0.0,
206,44.0,5.0,,第3节,6.5,0.83,-6.5,0.83,128.5,0.87,128.5,0.8,6.5,3.0,,,10.0,7.0,7.0,8.0,4.0,7.0,3.0,2.0,2.0,1.0,57.1,50.0,44.0,47.0,0.0,1,1.0,24.0,0,,21077.0,0.0,0.0,
207,44.0,5.0,,第3节,6.5,0.83,-6.5,0.83,128.5,0.87,128.5,0.8,6.5,3.0,,,10.0,8.0,7.0,8.0,4.0,7.0,3.0,2.0,2.0,1.0,57.1,50.0,44.0,47.0,0.0,1,1.0,24.0,0,,21075.0,0.0,0.0,"0.23,0.16"
208,44.0,5.0,,第3节,6.5,0.83,-6.5,0.83,128.5,0.87,128.5,0.8,6.5,3.0,,,10.0,8.0,7.0,8.0,4.0,7.0,3.0,2.0,2.0,1.0,57.1,50.0,47.0,47.0,0.0,1,1.0,24.0,0,,11077.0,0.0,0.0,
209,44.0,5.0,,第3节,6.5,0.83,-6.5,0.83,128.5,0.87,128.5,0.8,6.5,3.0,,,10.0,8.0,7.0,8.0,4.0,7.0,3.0,2.0,2.0,1.0,57.1,50.0,47.0,47.0,0.0,1,1.0,18.0,0,,11077.0,0.0,0.0,
210,44.0,5.0,,第3节,6.5,0.83,-4.5,0.83,128.5,0.87,128.5,0.8,-4.5,3.0,,,10.0,8.0,7.0,8.0,4.0,7.0,3.0,2.0,2.0,1.0,57.1,50.0,47.0,47.0,0.0,1,1.0,18.0,0,,11077.0,0.0,0.0,
211,44.0,5.0,,第3节,4.5,0.83,-4.5,0.83,128.5,0.87,130.5,0.8,4.5,3.0,,,10.0,8.0,7.0,8.0,4.0,7.0,3.0,2.0,2.0,1.0,57.1,50.0,47.0,47.0,0.0,1,1.0,18.0,0,,11077.0,0.0,0.0,
212,44.0,5.0,,第3节,4.5,0.83,-4.5,0.83,130.5,0.87,130.5,0.8,130.5,3.0,,,10.0,8.0,7.0,8.0,4.0,7.0,3.0,2.0,2.0,1.0,57.1,50.0,47.0,47.0,0.0,1,1.0,18.0,0,,11077.0,0.0,0.0,
213,44.0,5.0,,第3节,4.5,0.83,-4.5,0.87,130.5,0.87,130.5,0.8,130.5,3.0,,,10.0,8.0,7.0,8.0,4.0,7.0,3.0,2.0,2.0,1.0,57.1,50.0,47.0,47.0,0.0,1,1.0,18.0,0,,11077.0,0.0,0.0,
214,44.0,5.0,,第3节,4.5,0.8,-6.5,0.87,130.5,0.87,130.5,0.8,-6.5,3.0,,,10.0,8.0,7.0,8.0,4.0,7.0,3.0,2.0,2.0,1.0,57.1,50.0,47.0,47.0,0.0,1,1.0,18.0,0,,11077.0,0.0,0.0,
215,44.0,5.0,,第3节,6.5,0.8,-6.5,0.87,130.5,0.87,133.5,0.91,6.5,3.0,,,10.0,8.0,7.0,8.0,4.0,7.0,3.0,2.0,2.0,1.0,57.1,50.0,47.0,47.0,0.0,1,1.0,18.0,0,,11077.0,0.0,0.0,
216,44.0,5.0,,第3节,6.5,0.8,-6.5,0.87,133.5,0.77,133.5,0.91,133.5,3.0,,,10.0,8.0,7.0,8.0,4.0,7.0,3.0,2.0,2.0,1.0,57.1,50.0,47.0,47.0,0.0,1,1.0,18.0,0,,11077.0,0.0,0.0,
217,44.0,5.0,,第3节,6.5,0.8,-6.5,0.87,133.5,0.77,133.5,0.91,133.5,3.0,,,10.0,8.0,7.0,8.0,4.0,7.0,3.0,2.0,2.0,1.0,57.1,50.0,50.0,47.0,0.0,1,1.0,1.0,0,,11077.0,0.0,0.0,
218,44.0,5.0,,第3节,6.5,0.8,-6.5,0.87,133.5,0.77,133.5,0.91,133.5,3.0,,,11.0,8.0,7.0,8.0,4.0,7.0,3.0,2.0,2.0,1.0,57.1,50.0,50.0,47.0,0.0,1,1.0,1.0,0,,11075.0,0.0,0.0,"0.60,0.34"
219,44.0,5.0,,第3节,6.5,0.8,-6.5,0.87,133.5,0.77,133.5,0.91,133.5,3.0,,,11.0,8.0,7.0,8.0,4.0,7.0,3.0,2.0,2.0,1.0,57.1,50.0,47.0,50.0,0.0,1,1.0,1.0,0,,21077.0,0.0,0.0,
220,44.0,5.0,,第3节,6.5,0.8,-6.5,0.87,133.5,0.77,133.5,0.91,133.5,3.0,,,11.0,8.0,7.0,8.0,4.0,7.0,3.0,2.0,2.0,1.0,57.1,50.0,47.0,50.0,0.0,1,0.0,46.0,0,,21077.0,0.0,0.0,
221,44.0,5.0,,第3节,6.5,0.8,-6.5,0.87,133.5,0.77,133.5,0.91,133.5,3.0,,,11.0,8.0,7.0,8.0,4.0,7.0,3.0,2.0,3.0,1.0,57.1,50.0,47.0,50.0,0.0,1,0.0,46.0,0,,11086.0,0.0,0.0,
222,44.0,5.0,,第3节,6.5,0.77,-6.5,0.91,132.5,0.8,132.5,0.87,132.5,3.0,,,11.0,8.0,7.0,8.0,4.0,7.0,3.0,2.0,3.0,1.0,57.1,50.0,47.0,50.0,0.0,1,0.0,46.0,0,,21077.0,0.0,0.0,
223,44.0,5.0,,第3节,6.5,0.77,-6.5,0.8,132.5,0.8,132.5,0.87,132.5,3.0,1:2,,11.0,8.0,7.0,8.0,4.0,7.0,3.0,2.0,3.0,1.0,57.1,50.0,47.0,50.0,0.0,1,0.0,46.0,0,,21078.0,0.0,0.0,
224,44.0,5.0,,第3节,6.5,0.87,-5.5,0.8,132.5,0.8,132.5,0.87,-5.5,3.0,1:2,,11.0,8.0,7.0,8.0,4.0,7.0,3.0,2.0,3.0,1.0,57.1,50.0,47.0,50.0,0.0,1,0.0,46.0,0,,21078.0,0.0,0.0,
225,44.0,5.0,,第3节,5.5,0.87,-5.5,0.8,132.5,0.8,133.5,0.83,5.5,3.0,1:2,,11.0,8.0,7.0,8.0,4.0,7.0,3.0,2.0,3.0,1.0,57.1,50.0,47.0,50.0,0.0,1,0.0,46.0,0,,21078.0,0.0,0.0,
226,44.0,5.0,,第3节,5.5,0.87,-5.5,0.8,133.5,0.83,133.5,0.83,133.5,3.0,1:2,,11.0,8.0,7.0,8.0,4.0,7.0,3.0,2.0,3.0,1.0,57.1,50.0,47.0,50.0,0.0,1,0.0,46.0,0,,21078.0,0.0,0.0,
227,44.0,5.0,,第3节,5.5,0.87,-5.5,0.8,133.5,0.83,133.5,0.83,133.5,3.0,1:2,,11.0,8.0,7.0,8.0,4.0,8.0,3.0,2.0,3.0,1.0,57.1,53.3,47.0,48.0,0.0,1,0.0,46.0,0,,21079.0,0.0,0.0,"0.21,0.50"
228,44.0,5.0,,第3节,5.5,0.87,-5.5,0.8,133.5,0.83,133.5,0.83,133.5,3.0,2:2,,11.0,8.0,7.0,8.0,4.0,8.0,3.0,2.0,3.0,1.0,57.1,53.3,48.0,50.0,0.0,1,0.0,46.0,0,,21078.0,0.0,0.0,"0.21,0.50"
229,44.0,5.0,,第3节,5.5,0.83,-5.5,0.83,134.5,0.77,134.5,0.91,134.5,3.0,2:2,,11.0,8.0,7.0,8.0,4.0,8.0,3.0,2.0,3.0,1.0,57.1,53.3,48.0,50.0,0.0,1,0.0,46.0,0,,21078.0,0.0,0.0,"0.21,0.50"
230,44.0,5.0,,第3节,5.5,0.83,-5.5,0.83,134.5,0.77,134.5,0.91,134.5,3.0,2:2,,11.0,8.0,7.0,8.0,4.0,9.0,3.0,2.0,3.0,1.0,57.1,56.2,48.0,49.0,0.0,1,0.0,46.0,0,,21079.0,0.0,0.0,"0.21,0.50"
231,44.0,5.0,,第3节,5.5,0.83,-5.5,0.83,134.5,0.77,134.5,0.91,134.5,3.0,,,11.0,8.0,7.0,8.0,4.0,9.0,3.0,2.0,3.0,1.0,57.1,56.2,49.0,50.0,0.0,1,0.0,46.0,0,,11077.0,0.0,0.0,
232,44.0,5.0,,第3节,5.5,0.8,-5.5,0.87,134.5,0.83,134.5,0.83,134.5,3.0,,,11.0,8.0,7.0,8.0,4.0,9.0,3.0,2.0,3.0,1.0,57.1,56.2,49.0,50.0,0.0,1,0.0,46.0,0,,11095.0,0.0,0.0,"0.89,0.48"
233,44.0,5.0,,第3节,5.5,0.83,-4.5,0.83,134.5,0.83,134.5,0.83,-4.5,3.0,,,11.0,8.0,7.0,8.0,4.0,9.0,3.0,2.0,3.0,1.0,57.1,56.2,49.0,50.0,0.0,1,0.0,46.0,0,,11095.0,0.0,0.0,"0.89,0.48"
234,44.0,5.0,,第3节,4.5,0.83,-4.5,0.83,134.5,0.83,133.5,0.83,4.5,3.0,,,11.0,8.0,7.0,8.0,4.0,9.0,3.0,2.0,3.0,1.0,57.1,56.2,49.0,50.0,0.0,1,0.0,46.0,0,,11095.0,0.0,0.0,"0.89,0.48"
235,44.0,5.0,,第3节,4.5,0.83,-4.5,0.83,133.5,0.83,133.5,0.83,133.5,3.0,,,11.0,8.0,7.0,8.0,4.0,9.0,3.0,2.0,3.0,1.0,57.1,56.2,49.0,50.0,0.0,1,0.0,46.0,0,,11095.0,0.0,0.0,"0.89,0.48"
236,44.0,5.0,,第3节,4.5,0.83,-4.5,0.83,133.5,0.83,133.5,0.83,133.5,3.0,,,11.0,8.0,7.0,8.0,4.0,9.0,3.0,2.0,3.0,1.0,57.1,56.2,49.0,50.0,0.0,1,0.0,33.0,0,,21077.0,0.0,0.0,
237,44.0,5.0,,第3节,4.5,0.83,-4.5,0.83,133.5,0.83,133.5,0.83,133.5,3.0,,,11.0,8.0,7.0,8.0,4.0,9.0,3.0,2.0,3.0,1.0,57.1,56.2,49.0,50.0,0.0,1,0.0,33.0,0,,21094.0,0.0,0.0,"0.26,0.21"
238,44.0,5.0,,第3节,4.5,0.83,-4.5,0.83,133.5,0.83,133.5,0.83,133.5,3.0,,,11.0,8.0,7.0,8.0,4.0,9.0,3.0,2.0,3.0,1.0,57.1,56.2,49.0,50.0,0.0,1,0.0,23.0,0,,11077.0,0.0,0.0,
239,44.0,5.0,,第3节,4.5,0.8,-5.5,0.87,133.5,0.83,133.5,0.83,-5.5,3.0,,,11.0,8.0,7.0,8.0,4.0,9.0,3.0,2.0,3.0,1.0,57.1,56.2,49.0,50.0,0.0,1,0.0,23.0,0,,11077.0,0.0,0.0,
240,44.0,5.0,,第3节,5.5,0.8,-5.5,0.87,133.5,0.83,132.5,0.8,5.5,3.0,,,11.0,8.0,7.0,8.0,4.0,9.0,3.0,2.0,3.0,1.0,57.1,56.2,49.0,50.0,0.0,1,0.0,23.0,0,,11077.0,0.0,0.0,
241,44.0,5.0,,第3节,5.5,0.8,-5.5,0.87,132.5,0.87,132.5,0.8,132.5,3.0,,,11.0,8.0,7.0,8.0,4.0,9.0,3.0,2.0,3.0,1.0,57.1,56.2,49.0,50.0,0.0,1,0.0,23.0,0,,11077.0,0.0,0.0,
242,44.0,5.0,,第3节,5.5,0.8,-5.5,0.87,132.5,0.87,132.5,0.8,132.5,3.0,,,11.0,8.0,7.0,8.0,4.0,9.0,3.0,2.0,3.0,1.0,57.1,56.2,49.0,50.0,1.0,1,0.0,23.0,0,,11077.0,0.0,0.0,
243,44.0,5.0,,第3节,5.5,0.8,-5.5,0.87,132.5,0.87,132.5,0.8,132.5,3.0,,,11.0,8.0,7.0,8.0,4.0,9.0,3.0,2.0,3.0,1.0,57.1,56.2,49.0,50.0,1.0,1,0.0,23.0,0,,11077.0,0.0,0.0,
244,44.0,5.0,,第3节,5.5,0.8,-5.5,0.87,132.5,0.87,132.5,0.8,132.5,3.0,,,11.0,8.0,7.0,8.0,4.0,9.0,3.0,2.0,3.0,1.0,57.1,56.2,49.0,50.0,0.0,1,0.0,23.0,0,,11077.0,0.0,0.0,
245,44.0,5.0,,第3节,5.5,0.8,-5.5,0.87,132.5,0.87,132.5,0.8,132.5,3.0,,,11.0,8.0,7.0,8.0,4.0,9.0,3.0,2.0,3.0,1.0,57.1,56.2,49.0,50.0,0.0,1,0.0,21.0,0,,11077.0,0.0,0.0,
246,44.0,5.0,,第3节,5.5,0.8,-5.5,0.87,132.5,0.87,132.5,0.8,132.5,3.0,,,11.0,8.0,7.0,8.0,4.0,9.0,3.0,2.0,3.0,2.0,57.1,56.2,49.0,50.0,0.0,1,0.0,21.0,0,,21086.0,0.0,0.0,
247,44.0,5.0,,第3节,5.5,0.8,-5.5,0.87,132.5,0.83,132.5,0.83,132.5,3.0,,,11.0,8.0,7.0,8.0,4.0,9.0,3.0,2.0,3.0,2.0,57.1,56.2,49.0,50.0,0.0,1,0.0,0.0,0,,11077.0,0.0,0.0,
248,44.0,5.0,,第3节,5.5,0.8,-5.5,0.87,132.5,0.83,132.5,0.83,132.5,3.0,,,11.0,8.0,7.0,8.0,4.0,9.0,3.0,2.0,3.0,2.0,57.1,56.2,49.0,50.0,0.0,1,0.0,0.0,0,,11094.0,0.0,0.0,"0.68,0.66"
249,44.0,5.0,,第3节,5.5,0.8,-4.5,0.87,132.5,0.83,132.5,0.83,-4.5,3.0,,,11.0,8.0,7.0,8.0,4.0,9.0,3.0,2.0,3.0,2.0,57.1,56.2,49.0,50.0,0.0,1,0.0,0.0,0,,21077.0,0.0,0.0,
250,44.0,5.0,,第3节,4.5,0.8,-4.5,0.87,132.5,0.83,131.5,0.83,4.5,3.0,,,11.0,8.0,7.0,8.0,4.0,9.0,3.0,2.0,3.0,2.0,57.1,56.2,49.0,50.0,0.0,1,0.0,0.0,0,,21077.0,0.0,0.0,
251,44.0,5.0,,第3节,4.5,0.8,-4.5,0.87,131.5,0.83,131.5,0.83,131.5,3.0,,,11.0,8.0,7.0,8.0,4.0,9.0,3.0,2.0,3.0,2.0,57.1,56.2,49.0,50.0,0.0,1,0.0,0.0,0,,21077.0,0.0,0.0,
252,44.0,5.0,,第4节,4.5,0.8,-4.5,0.87,131.5,0.83,131.5,0.83,131.5,3.0,3.0,,11.0,8.0,7.0,8.0,4.0,9.0,3.0,2.0,0.0,0.0,57.1,56.2,49.0,50.0,0.0,1,0.0,0.0,0,,1082.0,0.0,0.0,
253,44.0,5.0,第4节,第4节,4.5,0.8,-4.5,0.87,131.5,0.83,131.5,0.83,131.5,3.0,3.0,,11.0,8.0,7.0,8.0,4.0,9.0,3.0,2.0,0.0,0.0,57.1,56.2,49.0,50.0,0.0,1,10.0,0.0,0,,1082.0,0.0,0.0,
254,44.0,5.0,第4节,第4节,4.5,0.87,-4.5,0.8,131.5,0.8,131.5,0.87,131.5,3.0,3.0,,11.0,8.0,7.0,8.0,4.0,9.0,3.0,2.0,0.0,0.0,57.1,56.2,49.0,50.0,0.0,1,10.0,0.0,0,,1082.0,0.0,0.0,
255,44.0,5.0,第4节,第4节,4.5,0.8,-4.5,0.87,131.5,0.8,131.5,0.87,131.5,3.0,3.0,,11.0,8.0,7.0,8.0,4.0,9.0,3.0,2.0,0.0,0.0,57.1,56.2,49.0,50.0,0.0,1,10.0,0.0,0,,1082.0,0.0,0.0,
256,44.0,5.0,第4节,第4节,4.5,0.77,-4.5,0.91,131.5,0.8,131.5,0.87,131.5,3.0,3.0,,11.0,8.0,7.0,8.0,4.0,9.0,3.0,2.0,0.0,0.0,57.1,56.2,49.0,50.0,0.0,1,10.0,0.0,0,,1082.0,0.0,0.0,
257,44.0,5.0,第4节,第4节,4.5,0.83,-3.5,0.83,131.5,0.8,131.5,0.87,-3.5,3.0,3.0,,11.0,8.0,7.0,8.0,4.0,9.0,3.0,2.0,0.0,0.0,57.1,56.2,49.0,50.0,0.0,1,10.0,0.0,0,,1082.0,0.0,0.0,
258,44.0,5.0,第4节,第4节,3.5,0.83,-3.5,0.83,131.5,0.8,131.5,0.87,3.5,4.0,,,11.0,8.0,7.0,8.0,4.0,9.0,3.0,2.0,0.0,0.0,57.1,56.2,49.0,50.0,0.0,1,10.0,0.0,0,,1090.0,0.0,0.0,
259,44.0,5.0,第4节,第4节,3.5,0.83,-3.5,0.83,131.5,0.8,131.5,0.87,3.5,4.0,,,11.0,8.0,7.0,8.0,4.0,9.0,3.0,2.0,0.0,0.0,57.1,56.2,49.0,50.0,0.0,1,9.0,45.0,0,,11077.0,0.0,0.0,
260,44.0,5.0,第4节,第4节,3.5,0.83,-3.5,0.83,131.5,0.8,131.5,0.87,3.5,4.0,,,12.0,8.0,7.0,8.0,4.0,9.0,3.0,2.0,0.0,0.0,57.1,56.2,53.0,50.0,0.0,1,9.0,45.0,0,,11075.0,0.0,0.0,"0.66,0.55"
261,44.0,5.0,第4节,第4节,3.5,0.83,-3.5,0.83,131.5,0.8,131.5,0.87,3.5,4.0,,,12.0,8.0,7.0,8.0,4.0,9.0,3.0,2.0,0.0,0.0,57.1,56.2,49.0,53.0,0.0,1,9.0,45.0,0,,21077.0,0.0,0.0,
262,44.0,5.0,第4节,第4节,3.5,0.8,-6.5,0.87,131.5,0.8,131.5,0.87,-6.5,4.0,,,12.0,8.0,7.0,8.0,4.0,9.0,3.0,2.0,0.0,0.0,57.1,56.2,49.0,53.0,0.0,1,9.0,45.0,0,,21077.0,0.0,0.0,
263,44.0,5.0,第4节,第4节,6.5,0.8,-6.5,0.87,131.5,0.8,133.5,0.83,6.5,4.0,,,12.0,8.0,7.0,8.0,4.0,9.0,3.0,2.0,0.0,0.0,57.1,56.2,49.0,53.0,0.0,1,9.0,45.0,0,,21077.0,0.0,0.0,
264,44.0,5.0,第4节,第4节,6.5,0.8,-6.5,0.87,133.5,0.83,133.5,0.83,133.5,4.0,,,12.0,8.0,7.0,8.0,4.0,9.0,3.0,2.0,0.0,0.0,57.1,56.2,49.0,53.0,0.0,1,9.0,45.0,0,,21077.0,0.0,0.0,
265,44.0,5.0,第4节,第4节,6.5,0.8,-6.5,0.87,133.5,0.83,133.5,0.83,133.5,4.0,,,12.0,8.0,7.0,8.0,4.0,9.0,3.0,2.0,1.0,0.0,57.1,56.2,49.0,53.0,0.0,1,9.0,45.0,0,,11086.0,0.0,0.0,
266,44.0,5.0,第4节,第4节,6.5,0.8,-6.5,0.87,133.5,0.83,133.5,0.83,133.5,4.0,,,12.0,8.0,7.0,8.0,4.0,9.0,3.0,2.0,1.0,0.0,57.1,56.2,49.0,53.0,1.0,1,9.0,45.0,0,,21077.0,0.0,0.0,
267,44.0,5.0,第4节,第4节,6.5,0.8,-6.5,0.87,133.5,0.83,133.5,0.83,133.5,4.0,,,12.0,8.0,7.0,8.0,4.0,9.0,3.0,2.0,1.0,0.0,57.1,56.2,49.0,53.0,1.0,1,9.0,45.0,0,,21077.0,0.0,0.0,
268,44.0,5.0,第4节,第4节,6.5,0.8,-6.5,0.87,133.5,0.83,133.5,0.83,133.5,4.0,,,12.0,8.0,7.0,8.0,4.0,9.0,3.0,2.0,1.0,0.0,57.1,56.2,49.0,53.0,1.0,1,9.0,45.0,0,,21077.0,0.0,0.0,
269,44.0,5.0,第4节,第4节,6.5,0.8,-6.5,0.87,133.5,0.83,133.5,0.83,133.5,4.0,,,12.0,8.0,7.0,8.0,4.0,9.0,3.0,2.0,1.0,0.0,57.1,56.2,49.0,53.0,1.0,1,9.0,45.0,0,,21077.0,0.0,0.0,
270,44.0,5.0,第4节,第4节,6.5,0.8,-6.5,0.87,133.5,0.83,133.5,0.83,133.5,4.0,,,12.0,8.0,7.0,8.0,4.0,9.0,3.0,2.0,1.0,0.0,57.1,56.2,49.0,53.0,1.0,1,9.0,45.0,0,,21077.0,0.0,0.0,
271,44.0,5.0,第4节,第4节,6.5,0.77,-6.5,0.91,132.5,0.91,132.5,0.77,132.5,4.0,,,12.0,8.0,7.0,8.0,4.0,9.0,3.0,2.0,1.0,0.0,57.1,56.2,49.0,53.0,1.0,1,9.0,45.0,0,,21077.0,0.0,0.0,
272,44.0,5.0,第4节,第4节,6.5,0.77,-6.5,0.91,132.5,0.91,132.5,0.77,132.5,4.0,,,12.0,8.0,7.0,8.0,4.0,9.0,3.0,2.0,1.0,0.0,57.1,56.2,49.0,53.0,1.0,1,9.0,35.0,0,,21077.0,0.0,0.0,
273,44.0,5.0,第4节,第4节,6.5,0.77,-6.5,0.91,132.5,0.91,132.5,0.77,132.5,4.0,,,12.0,8.0,7.0,8.0,4.0,9.0,3.0,2.0,1.0,0.0,57.1,56.2,49.0,53.0,0.0,1,9.0,35.0,0,,21077.0,0.0,0.0,
274,44.0,5.0,第4节,第4节,6.5,0.77,-6.5,0.91,132.5,0.91,132.5,0.77,132.5,4.0,,,12.0,8.0,7.0,8.0,4.0,9.0,3.0,2.0,1.0,0.0,57.1,56.2,49.0,53.0,0.0,1,9.0,35.0,0,,21077.0,0.0,0.0,
275,44.0,5.0,第4节,第4节,6.5,0.77,-6.5,0.91,132.5,0.91,132.5,0.77,132.5,4.0,,,12.0,8.0,7.0,8.0,4.0,9.0,3.0,2.0,1.0,0.0,57.1,56.2,49.0,53.0,0.0,1,9.0,35.0,0,,21077.0,0.0,0.0,
276,44.0,5.0,第4节,第4节,6.5,0.77,-6.5,0.91,132.5,0.91,132.5,0.77,132.5,4.0,,,12.0,8.0,7.0,8.0,4.0,9.0,3.0,2.0,1.0,0.0,57.1,56.2,49.0,53.0,0.0,1,9.0,35.0,0,,21077.0,0.0,0.0,
277,44.0,5.0,第4节,第4节,6.5,0.77,-6.5,0.91,132.5,0.91,132.5,0.77,132.5,4.0,,,12.0,8.0,7.0,8.0,4.0,9.0,3.0,2.0,1.0,0.0,57.1,56.2,49.0,53.0,0.0,1,9.0,35.0,0,,21077.0,0.0,0.0,
278,44.0,5.0,第4节,第4节,6.5,0.77,-6.5,0.91,132.5,0.91,132.5,0.77,132.5,4.0,,,12.0,9.0,7.0,8.0,4.0,9.0,3.0,2.0,1.0,0.0,57.1,56.2,49.0,52.0,0.0,1,9.0,35.0,0,,21075.0,0.0,0.0,"0.31,0.26"
279,44.0,5.0,第4节,第4节,6.5,0.77,-6.5,0.91,132.5,0.91,132.5,0.77,132.5,4.0,,,12.0,9.0,7.0,8.0,4.0,9.0,3.0,2.0,1.0,0.0,57.1,56.2,52.0,53.0,0.0,1,9.0,35.0,0,,11077.0,0.0,0.0,
280,44.0,5.0,第4节,第4节,6.5,0.77,-6.5,0.91,132.5,0.91,132.5,0.77,132.5,4.0,,,12.0,9.0,7.0,8.0,4.0,9.0,3.0,2.0,1.0,0.0,57.1,56.2,52.0,53.0,0.0,1,9.0,23.0,0,,11077.0,0.0,0.0,
281,44.0,5.0,第4节,第4节,6.5,0.83,-3.5,0.83,132.5,0.91,132.5,0.77,-3.5,4.0,,,12.0,9.0,7.0,8.0,4.0,9.0,3.0,2.0,1.0,0.0,57.1,56.2,52.0,53.0,0.0,1,9.0,23.0,0,,11077.0,0.0,0.0,
282,44.0,5.0,第4节,第4节,3.5,0.83,-3.5,0.83,132.5,0.91,135.5,0.8,3.5,4.0,,,12.0,9.0,7.0,8.0,4.0,9.0,3.0,2.0,1.0,0.0,57.1,56.2,52.0,53.0,0.0,1,9.0,23.0,0,,11077.0,0.0,0.0,
283,44.0,5.0,第4节,第4节,3.5,0.83,-3.5,0.83,135.5,0.87,135.5,0.8,135.5,4.0,,,12.0,9.0,7.0,8.0,4.0,9.0,3.0,2.0,1.0,0.0,57.1,56.2,52.0,53.0,0.0,1,9.0,23.0,0,,11077.0,0.0,0.0,
284,44.0,5.0,第4节,第4节,3.5,0.83,-3.5,0.83,135.5,0.87,135.5,0.8,135.5,4.0,,,12.0,9.0,7.0,8.0,4.0,9.0,3.0,2.0,1.0,0.0,57.1,56.2,52.0,53.0,1.0,1,9.0,23.0,0,,11077.0,0.0,0.0,
285,44.0,5.0,第4节,第4节,3.5,0.83,-3.5,0.83,135.5,0.87,135.5,0.8,135.5,4.0,,,12.0,9.0,7.0,8.0,4.0,9.0,3.0,2.0,1.0,0.0,57.1,56.2,52.0,53.0,1.0,1,9.0,23.0,0,,11077.0,0.0,0.0,
286,44.0,5.0,第4节,第4节,3.5,0.83,-3.5,0.83,135.5,0.87,135.5,0.8,135.5,4.0,,,12.0,9.0,7.0,8.0,4.0,9.0,3.0,2.0,1.0,0.0,57.1,56.2,52.0,53.0,1.0,1,9.0,23.0,0,,11077.0,0.0,0.0,
287,44.0,5.0,第4节,第4节,3.5,0.83,-3.5,0.83,135.5,0.87,135.5,0.8,135.5,4.0,,,12.0,9.0,7.0,8.0,4.0,9.0,3.0,2.0,1.0,0.0,57.1,56.2,52.0,53.0,1.0,1,9.0,23.0,0,,11077.0,0.0,0.0,
288,44.0,5.0,第4节,第4节,3.5,0.83,-3.5,0.83,135.5,0.87,135.5,0.8,135.5,4.0,,,12.0,9.0,7.0,8.0,4.0,9.0,3.0,2.0,1.0,0.0,57.1,56.2,52.0,53.0,1.0,1,9.0,23.0,0,,11077.0,0.0,0.0,
289,44.0,5.0,第4节,第4节,3.5,0.83,-3.5,0.83,135.5,0.87,135.5,0.8,135.5,4.0,,,12.0,9.0,7.0,8.0,4.0,9.0,3.0,2.0,1.0,0.0,57.1,56.2,52.0,53.0,1.0,1,9.0,17.0,0,,11077.0,0.0,0.0,
290,44.0,5.0,第4节,第4节,3.5,0.83,-3.5,0.83,135.5,0.87,135.5,0.8,135.5,4.0,,,12.0,9.0,7.0,8.0,4.0,9.0,3.0,2.0,1.0,0.0,57.1,56.2,52.0,53.0,1.0,1,9.0,17.0,0,,11077.0,0.0,0.0,
291,44.0,5.0,第4节,第4节,3.5,0.83,-3.5,0.83,135.5,0.87,135.5,0.8,135.5,4.0,,,12.0,9.0,7.0,8.0,4.0,9.0,3.0,2.0,1.0,0.0,57.1,56.2,52.0,53.0,1.0,1,9.0,9.0,0,,11077.0,0.0,0.0,
292,44.0,5.0,第4节,第4节,3.5,0.83,-3.5,0.83,135.5,0.87,135.5,0.8,135.5,4.0,,,12.0,9.0,7.0,10.0,4.0,9.0,3.0,2.0,1.0,0.0,57.1,56.2,52.0,56.0,1.0,1,9.0,9.0,0,,21074.0,0.0,0.0,"0.00,0.50"
293,44.0,5.0,第4节,第4节,3.5,0.83,-3.5,0.83,135.5,0.87,135.5,0.8,135.5,4.0,,,12.0,9.0,7.0,10.0,4.0,9.0,3.0,2.0,1.0,0.0,57.1,56.2,56.0,53.0,1.0,1,9.0,9.0,0,,11077.0,0.0,0.0,
294,44.0,5.0,第4节,第4节,3.5,0.87,1.5,0.8,135.5,0.87,135.5,0.8,1.5,4.0,,,12.0,9.0,7.0,10.0,4.0,9.0,3.0,2.0,1.0,0.0,57.1,56.2,56.0,53.0,1.0,1,9.0,9.0,0,,11077.0,0.0,0.0,
295,44.0,5.0,第4节,第4节,-1.5,0.87,1.5,0.8,135.5,0.87,138.5,0.87,-1.5,4.0,,,12.0,9.0,7.0,10.0,4.0,9.0,3.0,2.0,1.0,0.0,57.1,56.2,56.0,53.0,1.0,1,9.0,9.0,0,,11077.0,0.0,0.0,
296,44.0,5.0,第4节,第4节,-1.5,0.87,1.5,0.8,138.5,0.8,138.5,0.87,138.5,4.0,,,12.0,9.0,7.0,10.0,4.0,9.0,3.0,2.0,1.0,0.0,57.1,56.2,56.0,53.0,1.0,1,9.0,9.0,0,,11077.0,0.0,0.0,
297,44.0,5.0,第4节,第4节,-1.5,0.87,1.5,0.8,138.5,0.8,138.5,0.87,138.5,4.0,,,12.0,9.0,7.0,10.0,4.0,9.0,3.0,2.0,1.0,0.0,57.1,56.2,56.0,53.0,1.0,1,9.0,52.0,0,,11077.0,0.0,0.0,
298,44.0,5.0,第4节,第4节,-1.5,0.87,1.5,0.8,138.5,0.8,138.5,0.87,138.5,4.0,,,12.0,9.0,7.0,10.0,4.0,9.0,3.0,2.0,1.0,0.0,57.1,56.2,56.0,53.0,1.0,1,9.0,52.0,0,,11077.0,0.66,1.1,
299,44.0,5.0,第4节,第4节,-1.5,0.87,1.5,0.8,138.5,0.8,138.5,0.87,138.5,4.0,,,12.0,9.0,7.0,10.0,4.0,9.0,3.0,2.0,1.0,0.0,57.1,56.2,56.0,53.0,1.0,1,9.0,49.0,0,,11077.0,0.66,1.1,
300,44.0,5.0,第4节,第4节,-1.5,0.91,-1.5,0.77,138.5,0.8,138.5,0.87,-1.5,4.0,,,12.0,9.0,7.0,10.0,4.0,9.0,3.0,2.0,1.0,0.0,57.1,56.2,56.0,53.0,1.0,1,9.0,49.0,0,,11077.0,0.66,1.1,
301,44.0,5.0,第4节,第4节,1.5,0.91,-1.5,0.77,138.5,0.8,135.5,0.77,1.5,4.0,,,12.0,9.0,7.0,10.0,4.0,9.0,3.0,2.0,1.0,0.0,57.1,56.2,56.0,53.0,1.0,1,9.0,49.0,0,,11077.0,0.66,1.1,
302,44.0,5.0,第4节,第4节,1.5,0.91,-1.5,0.77,135.5,0.91,135.5,0.77,135.5,4.0,,,12.0,9.0,7.0,10.0,4.0,9.0,3.0,2.0,1.0,0.0,57.1,56.2,56.0,53.0,1.0,1,9.0,49.0,0,,11077.0,0.66,1.1,
303,44.0,5.0,第4节,第4节,1.5,0.91,-1.5,0.77,135.5,0.91,135.5,0.77,135.5,4.0,,,12.0,9.0,7.0,10.0,4.0,9.0,3.0,2.0,1.0,0.0,57.1,56.2,54.0,53.0,1.0,1,9.0,49.0,0,,11077.0,0.66,1.1,
304,44.0,5.0,第4节,第4节,1.5,0.91,-1.5,0.77,135.5,0.91,135.5,0.77,135.5,4.0,,,12.0,9.0,7.0,10.0,4.0,9.0,3.0,2.0,1.0,0.0,57.1,56.2,54.0,53.0,1.0,1,9.0,47.0,0,,21077.0,1.25,0.0,
305,44.0,5.0,第4节,第4节,1.5,0.83,-1.5,0.83,135.5,0.87,135.5,0.8,135.5,4.0,,,12.0,9.0,7.0,10.0,4.0,9.0,3.0,2.0,1.0,0.0,57.1,56.2,54.0,53.0,1.0,1,9.0,47.0,0,,21095.0,1.25,0.0,"0.14,0.48"
306,44.0,5.0,第4节,第4节,1.5,0.83,-1.5,0.83,135.5,0.87,135.5,0.8,135.5,4.0,,,12.0,9.0,7.0,10.0,4.0,9.0,3.0,2.0,1.0,0.0,57.1,56.2,54.0,53.0,1.0,1,9.0,41.0,0,,11077.0,1.25,0.0,
307,44.0,5.0,第4节,第4节,1.5,0.91,-1.5,0.77,135.5,0.83,135.5,0.83,135.5,4.0,,,12.0,9.0,7.0,10.0,4.0,9.0,3.0,2.0,1.0,0.0,57.1,56.2,52.0,53.0,1.0,1,9.0,41.0,0,,11077.0,1.25,0.0,
308,44.0,5.0,第4节,第4节,1.5,0.83,-3.5,0.83,135.5,0.83,135.5,0.83,-3.5,4.0,,,12.0,9.0,7.0,10.0,4.0,9.0,3.0,2.0,1.0,0.0,57.1,56.2,52.0,53.0,1.0,1,9.0,41.0,0,,11077.0,1.25,0.0,
309,44.0,5.0,第4节,第4节,3.5,0.83,-3.5,0.83,135.5,0.83,133.5,0.87,3.5,4.0,,,12.0,9.0,7.0,10.0,4.0,9.0,3.0,2.0,1.0,0.0,57.1,56.2,52.0,53.0,1.0,1,9.0,41.0,0,,11077.0,1.25,0.0,
310,44.0,5.0,第4节,第4节,3.5,0.83,-3.5,0.83,133.5,0.8,133.5,0.87,133.5,4.0,,,12.0,9.0,7.0,10.0,4.0,9.0,3.0,2.0,1.0,0.0,57.1,56.2,52.0,53.0,1.0,1,9.0,41.0,0,,11077.0,1.25,0.0,
311,44.0,5.0,第4节,第4节,3.5,0.83,-3.5,0.83,133.5,0.8,133.5,0.87,133.5,4.0,,,13.0,9.0,7.0,10.0,4.0,9.0,3.0,2.0,1.0,0.0,57.1,56.2,56.0,53.0,1.0,1,9.0,41.0,0,,11075.0,0.0,0.0,"0.67,0.27"
312,44.0,5.0,第4节,第4节,3.5,0.83,-3.5,0.83,133.5,0.8,133.5,0.87,133.5,4.0,,,13.0,9.0,7.0,10.0,4.0,9.0,3.0,2.0,1.0,0.0,57.1,56.2,52.0,56.0,1.0,1,9.0,41.0,0,,21077.0,0.0,0.0,
313,44.0,5.0,第4节,第4节,3.5,0.83,-3.5,0.83,133.5,0.8,133.5,0.87,133.5,4.0,,,13.0,9.0,7.0,10.0,4.0,9.0,3.0,2.0,1.0,0.0,57.1,56.2,52.0,56.0,1.0,1,9.0,18.0,0,,21077.0,0.0,0.0,
314,44.0,5.0,第4节,第4节,3.5,0.83,-5.5,0.83,133.5,0.8,133.5,0.87,-5.5,4.0,,,13.0,9.0,7.0,10.0,4.0,9.0,3.0,2.0,1.0,0.0,57.1,56.2,52.0,56.0,1.0,1,9.0,18.0,0,,21077.0,0.0,0.0,
315,44.0,5.0,第4节,第4节,5.5,0.83,-5.5,0.83,133.5,0.8,135.5,0.91,5.5,4.0,,,13.0,9.0,7.0,10.0,4.0,9.0,3.0,2.0,1.0,0.0,57.1,56.2,52.0,56.0,1.0,1,9.0,18.0,0,,21077.0,0.0,0.0,
316,44.0,5.0,第4节,第4节,5.5,0.83,-5.5,0.83,135.5,0.77,135.5,0.91,135.5,4.0,,,13.0,9.0,7.0,10.0,4.0,9.0,3.0,2.0,1.0,0.0,57.1,56.2,52.0,56.0,1.0,1,9.0,18.0,0,,21077.0,0.0,0.0,
317,44.0,5.0,第4节,第4节,5.5,0.83,-5.5,0.8,135.5,0.77,135.5,0.91,135.5,4.0,,,13.0,9.0,7.0,10.0,4.0,9.0,3.0,2.0,1.0,0.0,57.1,56.2,52.0,56.0,1.0,1,9.0,18.0,0,,21077.0,0.0,0.0,
318,44.0,5.0,第4节,第4节,5.5,0.87,-4.5,0.8,135.5,0.77,135.5,0.91,-4.5,4.0,,,13.0,9.0,7.0,10.0,4.0,9.0,3.0,2.0,1.0,0.0,57.1,56.2,52.0,56.0,1.0,1,9.0,18.0,0,,21077.0,0.0,0.0,
319,44.0,5.0,第4节,第4节,4.5,0.87,-4.5,0.8,135.5,0.77,136.5,0.87,4.5,4.0,,,13.0,9.0,7.0,10.0,4.0,9.0,3.0,2.0,1.0,0.0,57.1,56.2,52.0,56.0,1.0,1,9.0,18.0,0,,21077.0,0.0,0.0,
320,44.0,5.0,第4节,第4节,4.5,0.87,-4.5,0.8,136.5,0.8,136.5,0.87,136.5,4.0,,,13.0,9.0,7.0,10.0,4.0,9.0,3.0,2.0,1.0,0.0,57.1,56.2,52.0,56.0,1.0,1,9.0,18.0,0,,21077.0,0.0,0.0,
321,44.0,5.0,第4节,第4节,4.5,0.87,-4.5,0.8,136.5,0.8,136.5,0.87,136.5,4.0,,,13.0,9.0,7.0,10.0,4.0,9.0,3.0,2.0,1.0,0.0,57.1,56.2,53.0,56.0,1.0,1,9.0,18.0,0,,21077.0,0.0,0.0,
322,44.0,5.0,第4节,第4节,4.5,0.87,-4.5,0.8,136.5,0.8,136.5,0.87,136.5,4.0,,,13.0,9.0,7.0,10.0,4.0,9.0,3.0,2.0,1.0,0.0,57.1,56.2,53.0,56.0,1.0,1,9.0,18.0,0,,21094.0,0.0,0.0,"0.35,0.42"
323,44.0,5.0,第4节,第4节,4.5,0.8,-5.5,0.87,136.5,0.8,136.5,0.87,-5.5,4.0,,,13.0,9.0,7.0,10.0,4.0,9.0,3.0,2.0,1.0,0.0,57.1,56.2,53.0,56.0,1.0,1,9.0,18.0,0,,11077.0,0.0,0.0,
324,44.0,5.0,第4节,第4节,5.5,0.8,-5.5,0.87,136.5,0.8,134.5,0.77,5.5,4.0,,,13.0,9.0,7.0,10.0,4.0,9.0,3.0,2.0,1.0,0.0,57.1,56.2,53.0,56.0,1.0,1,9.0,18.0,0,,11077.0,0.0,0.0,
325,44.0,5.0,第4节,第4节,5.5,0.8,-5.5,0.87,134.5,0.91,134.5,0.77,134.5,4.0,,,13.0,9.0,7.0,10.0,4.0,9.0,3.0,2.0,1.0,0.0,57.1,56.2,53.0,56.0,1.0,1,9.0,18.0,0,,11077.0,0.0,0.0,
326,44.0,5.0,第4节,第4节,5.5,0.8,-5.5,0.87,134.5,0.91,134.5,0.77,134.5,4.0,,,13.0,9.0,7.0,10.0,4.0,9.0,3.0,2.0,1.0,0.0,57.1,56.2,53.0,56.0,1.0,1,7.0,56.0,0,,11077.0,0.0,0.0,
327,44.0,5.0,第4节,第4节,5.5,0.8,-5.5,0.87,134.5,0.91,134.5,0.77,134.5,4.0,,,13.0,9.0,7.0,10.0,4.0,9.0,3.0,2.0,1.0,0.0,57.1,56.2,53.0,56.0,1.0,1,7.0,56.0,0,,11095.0,0.0,0.0,"0.88,0.55"
328,44.0,5.0,第4节,第4节,5.5,0.8,-5.5,0.87,134.5,0.91,134.5,0.77,134.5,4.0,,,13.0,9.0,7.0,10.0,4.0,9.0,3.0,2.0,1.0,0.0,57.1,56.2,53.0,56.0,1.0,1,7.0,47.0,0,,21077.0,0.0,0.0,
329,44.0,5.0,第4节,第4节,5.5,0.83,-4.5,0.83,134.5,0.91,134.5,0.77,-4.5,4.0,,,13.0,9.0,7.0,10.0,4.0,9.0,3.0,2.0,1.0,0.0,57.1,56.2,53.0,56.0,1.0,1,7.0,47.0,0,,21077.0,0.0,0.0,
330,44.0,5.0,第4节,第4节,4.5,0.83,-4.5,0.87,134.5,0.83,134.5,0.83,4.5,4.0,,,13.0,9.0,7.0,10.0,4.0,9.0,3.0,2.0,1.0,0.0,57.1,56.2,53.0,56.0,1.0,1,7.0,47.0,0,,21077.0,0.0,0.0,
331,44.0,5.0,第4节,第4节,4.5,0.8,-5.5,0.87,134.5,0.83,134.5,0.83,-5.5,4.0,,,13.0,9.0,7.0,10.0,4.0,9.0,3.0,2.0,1.0,0.0,57.1,56.2,53.0,56.0,1.0,1,7.0,47.0,0,,21077.0,0.0,0.0,
332,44.0,5.0,第4节,第4节,5.5,0.8,-5.5,0.87,134.5,0.77,134.5,0.91,5.5,4.0,,,13.0,9.0,7.0,10.0,4.0,9.0,3.0,2.0,1.0,0.0,57.1,56.2,53.0,56.0,1.0,1,7.0,41.0,0,,21077.0,0.0,0.0,
333,44.0,5.0,第4节,第4节,5.5,0.8,-5.5,0.87,134.5,0.77,134.5,0.91,5.5,4.0,,,13.0,9.0,7.0,10.0,4.0,9.0,3.0,2.0,1.0,0.0,57.1,56.2,53.0,56.0,1.0,1,7.0,41.0,0,,11077.0,0.0,0.0,
334,44.0,5.0,第4节,第4节,5.5,0.8,-5.5,0.87,134.5,0.77,134.5,0.91,5.5,4.0,,,13.0,9.0,7.0,10.0,4.0,9.0,3.0,2.0,1.0,0.0,57.1,56.2,53.0,56.0,1.0,1,7.0,31.0,0,,11077.0,0.0,0.0,
335,44.0,5.0,第4节,第4节,5.5,0.8,-5.5,0.87,134.5,0.77,134.5,0.91,5.5,4.0,,,13.0,9.0,7.0,10.0,4.0,9.0,2.0,2.0,1.0,0.0,57.1,56.2,53.0,56.0,0.0,1,7.0,31.0,0,,11081.0,0.0,0.0,
336,44.0,5.0,第4节,第4节,5.5,0.8,-5.5,0.87,134.5,0.77,134.5,0.91,5.5,4.0,,,13.0,9.0,7.0,10.0,4.0,9.0,2.0,2.0,1.0,0.0,57.1,56.2,53.0,56.0,0.0,1,7.0,31.0,0,,11081.0,0.0,0.0,
337,44.0,5.0,第4节,第4节,5.5,0.8,-5.5,0.87,134.5,0.77,134.5,0.91,5.5,4.0,,,13.0,9.0,7.0,10.0,4.0,9.0,2.0,2.0,1.0,0.0,57.1,56.2,53.0,56.0,0.0,1,7.0,31.0,0,,11081.0,0.0,0.0,
338,44.0,5.0,第4节,第4节,5.5,0.8,-5.5,0.87,134.5,0.77,134.5,0.91,5.5,4.0,,,13.0,9.0,7.0,10.0,4.0,9.0,2.0,2.0,1.0,0.0,57.1,56.2,53.0,56.0,0.0,1,7.0,31.0,0,,11081.0,0.0,0.0,
339,44.0,5.0,第4节,第4节,5.5,0.8,-5.5,0.87,134.5,0.77,134.5,0.91,5.5,4.0,,,13.0,9.0,7.0,10.0,4.0,9.0,2.0,2.0,1.0,0.0,57.1,56.2,53.0,56.0,0.0,1,7.0,31.0,0,,11081.0,0.0,0.0,
340,44.0,5.0,第4节,第4节,5.5,0.8,-5.5,0.87,134.5,0.77,134.5,0.91,5.5,4.0,,,13.0,9.0,7.0,10.0,4.0,9.0,2.0,2.0,1.0,0.0,57.1,56.2,53.0,56.0,0.0,1,7.0,31.0,0,,11095.0,0.0,0.0,"0.85,0.60"
341,44.0,5.0,第4节,第4节,5.5,0.83,-4.5,0.83,134.5,0.77,134.5,0.91,-4.5,4.0,,,13.0,9.0,7.0,10.0,4.0,9.0,2.0,2.0,1.0,0.0,57.1,56.2,53.0,56.0,0.0,1,7.0,31.0,0,,21077.0,0.0,0.0,
342,44.0,5.0,第4节,第4节,4.5,0.83,-4.5,0.83,134.5,0.77,132.5,0.8,4.5,4.0,,,13.0,9.0,7.0,10.0,4.0,9.0,2.0,2.0,1.0,0.0,57.1,56.2,53.0,56.0,0.0,1,7.0,31.0,0,,21077.0,0.0,0.0,
343,44.0,5.0,第4节,第4节,4.5,0.83,-4.5,0.83,132.5,0.87,132.5,0.8,132.5,4.0,,,13.0,9.0,7.0,10.0,4.0,9.0,2.0,2.0,1.0,0.0,57.1,56.2,53.0,56.0,0.0,1,7.0,31.0,0,,21077.0,0.0,0.0,
344,44.0,5.0,第4节,第4节,4.5,0.83,-4.5,0.83,132.5,0.87,132.5,0.8,132.5,4.0,,,13.0,9.0,7.0,10.0,4.0,9.0,2.0,2.0,1.0,0.0,57.1,56.2,53.0,56.0,0.0,1,7.0,18.0,0,,21077.0,0.0,0.0,
345,44.0,5.0,第4节,第4节,4.5,0.83,-4.5,0.83,132.5,0.87,132.5,0.8,132.5,4.0,,,13.0,9.0,7.0,10.0,4.0,9.0,2.0,2.0,1.0,0.0,57.1,56.2,53.0,56.0,0.0,1,7.0,18.0,0,,21077.0,0.0,0.0,
346,44.0,5.0,第4节,第4节,4.5,0.83,-4.5,0.83,132.5,0.87,132.5,0.8,132.5,4.0,,,13.0,9.0,7.0,10.0,4.0,9.0,2.0,2.0,1.0,0.0,57.1,56.2,53.0,56.0,0.0,1,7.0,11.0,0,,21077.0,0.0,0.0,
347,44.0,5.0,第4节,第4节,4.5,0.83,-4.5,0.83,132.5,0.87,132.5,0.8,132.5,4.0,,,13.0,9.0,7.0,10.0,4.0,9.0,2.0,2.0,2.0,0.0,57.1,56.2,53.0,56.0,0.0,1,7.0,11.0,0,,11086.0,0.0,0.0,
348,44.0,5.0,第4节,第4节,4.5,0.83,-4.5,0.83,132.5,0.87,132.5,0.8,132.5,4.0,,,13.0,9.0,7.0,10.0,4.0,9.0,2.0,2.0,2.0,0.0,57.1,56.2,53.0,56.0,1.0,1,7.0,11.0,0,,21077.0,0.0,0.0,
349,44.0,5.0,第4节,第4节,4.5,0.83,-4.5,0.83,132.5,0.87,132.5,0.8,132.5,4.0,,,13.0,9.0,7.0,10.0,4.0,9.0,2.0,2.0,2.0,0.0,57.1,56.2,53.0,56.0,1.0,1,7.0,11.0,0,,21077.0,0.0,0.0,
350,44.0,5.0,第4节,第4节,4.5,0.83,-4.5,0.83,132.5,0.87,132.5,0.8,132.5,4.0,,,13.0,9.0,7.0,10.0,4.0,9.0,2.0,2.0,2.0,0.0,57.1,56.2,53.0,56.0,1.0,1,7.0,11.0,0,,21077.0,0.0,0.0,
351,44.0,5.0,第4节,第4节,4.5,0.83,-4.5,0.83,132.5,0.87,132.5,0.8,132.5,4.0,,,13.0,9.0,7.0,10.0,4.0,9.0,2.0,2.0,2.0,0.0,57.1,56.2,53.0,56.0,1.0,1,7.0,11.0,0,,21077.0,0.0,0.0,
352,44.0,5.0,第4节,第4节,4.5,0.83,-4.5,0.83,132.5,0.87,132.5,0.8,132.5,4.0,,,13.0,9.0,7.0,10.0,4.0,9.0,2.0,2.0,2.0,0.0,57.1,56.2,53.0,56.0,1.0,1,7.0,11.0,0,,21077.0,0.0,0.0,
353,44.0,5.0,第4节,第4节,4.5,0.77,-4.5,0.91,132.5,0.83,132.5,0.83,132.5,4.0,,,13.0,9.0,7.0,10.0,4.0,9.0,2.0,2.0,2.0,0.0,57.1,56.2,53.0,56.0,1.0,1,7.0,11.0,0,,21077.0,0.0,0.0,
354,44.0,5.0,第4节,第4节,4.5,0.77,-4.5,0.91,132.5,0.83,132.5,0.83,132.5,4.0,,,13.0,9.0,7.0,10.0,4.0,9.0,2.0,2.0,2.0,0.0,57.1,56.2,53.0,56.0,0.0,1,7.0,11.0,0,,21077.0,0.0,0.0,
355,44.0,5.0,第4节,第4节,4.5,0.77,-4.5,0.91,132.5,0.83,132.5,0.83,132.5,4.0,,,13.0,9.0,7.0,10.0,4.0,9.0,2.0,2.0,2.0,0.0,57.1,56.2,53.0,56.0,0.0,1,7.0,11.0,0,,21077.0,0.0,0.0,
356,44.0,5.0,第4节,第4节,4.5,0.77,-4.5,0.91,132.5,0.83,132.5,0.83,132.5,4.0,,,13.0,9.0,7.0,10.0,4.0,9.0,2.0,2.0,2.0,0.0,57.1,56.2,53.0,56.0,0.0,1,7.0,11.0,0,,21077.0,0.0,0.0,
357,44.0,5.0,第4节,第4节,4.5,0.77,-4.5,0.91,132.5,0.83,132.5,0.83,132.5,4.0,,,13.0,9.0,7.0,10.0,4.0,9.0,2.0,2.0,2.0,0.0,57.1,56.2,53.0,56.0,0.0,1,7.0,11.0,0,,21077.0,0.0,0.0,
358,44.0,5.0,第4节,第4节,4.5,0.77,-4.5,0.91,132.5,0.83,132.5,0.83,132.5,4.0,,,13.0,9.0,7.0,10.0,4.0,9.0,2.0,2.0,2.0,0.0,57.1,56.2,53.0,56.0,0.0,1,7.0,11.0,0,,21077.0,0.0,0.0,
359,44.0,5.0,第4节,第4节,4.5,0.77,-4.5,0.91,132.5,0.83,132.5,0.83,132.5,4.0,,,13.0,9.0,7.0,10.0,4.0,9.0,2.0,2.0,2.0,0.0,57.1,56.2,53.0,56.0,0.0,1,7.0,1.0,0,,21077.0,0.0,0.0,
360,44.0,5.0,第4节,第4节,4.5,0.77,-4.5,0.91,131.5,0.91,131.5,0.77,131.5,4.0,,,13.0,9.0,7.0,10.0,4.0,9.0,2.0,2.0,2.0,0.0,57.1,56.2,53.0,56.0,0.0,1,7.0,1.0,0,,21077.0,0.0,0.0,
361,44.0,5.0,第4节,第4节,4.5,0.77,-4.5,0.91,131.5,0.91,131.5,0.77,131.5,4.0,,,13.0,9.0,7.0,10.0,4.0,9.0,2.0,2.0,3.0,0.0,57.1,56.2,53.0,56.0,0.0,1,7.0,1.0,0,,11086.0,0.0,0.0,
362,44.0,5.0,第4节,第4节,4.5,0.77,-4.5,0.91,131.5,0.91,131.5,0.77,131.5,4.0,,,13.0,9.0,7.0,10.0,4.0,9.0,2.0,2.0,3.0,0.0,57.1,56.2,53.0,56.0,1.0,1,7.0,1.0,0,,21077.0,0.0,0.0,
363,44.0,5.0,第4节,第4节,4.5,0.77,-4.5,0.91,131.5,0.91,131.5,0.77,131.5,4.0,,,13.0,9.0,7.0,10.0,4.0,9.0,2.0,2.0,3.0,0.0,57.1,56.2,53.0,56.0,1.0,1,7.0,1.0,0,,21077.0,0.0,0.0,
364,44.0,5.0,第4节,第4节,4.5,0.77,-4.5,0.91,131.5,0.91,131.5,0.77,131.5,4.0,,,13.0,9.0,7.0,10.0,4.0,9.0,2.0,2.0,3.0,0.0,57.1,56.2,53.0,56.0,1.0,1,7.0,1.0,0,,21077.0,0.0,0.0,
365,44.0,5.0,第4节,第4节,4.5,0.77,-4.5,0.91,131.5,0.91,131.5,0.77,131.5,4.0,,,13.0,9.0,7.0,10.0,4.0,9.0,2.0,2.0,3.0,0.0,57.1,56.2,53.0,56.0,1.0,1,7.0,1.0,0,,21077.0,0.0,0.0,
366,44.0,5.0,第4节,第4节,4.5,0.77,-4.5,0.91,131.5,0.91,131.5,0.77,131.5,4.0,,,13.0,9.0,7.0,10.0,4.0,9.0,2.0,2.0,3.0,0.0,57.1,56.2,53.0,56.0,1.0,1,7.0,1.0,0,,21077.0,0.0,0.0,
367,44.0,5.0,第4节,第4节,4.5,0.83,-3.5,0.83,131.5,0.91,131.5,0.77,-3.5,4.0,,,13.0,9.0,7.0,10.0,4.0,9.0,2.0,2.0,3.0,0.0,57.1,56.2,53.0,56.0,1.0,1,7.0,1.0,0,,21077.0,0.0,0.0,
368,44.0,5.0,第4节,第4节,3.5,0.83,-3.5,0.83,131.5,0.91,132.5,0.87,3.5,4.0,,,13.0,9.0,7.0,10.0,4.0,9.0,2.0,2.0,3.0,0.0,57.1,56.2,53.0,56.0,1.0,1,7.0,1.0,0,,21077.0,0.0,0.0,
369,44.0,5.0,第4节,第4节,3.5,0.83,-3.5,0.83,132.5,0.8,132.5,0.87,132.5,4.0,,,13.0,9.0,7.0,10.0,4.0,9.0,2.0,2.0,3.0,0.0,57.1,56.2,53.0,56.0,1.0,1,7.0,1.0,0,,21077.0,0.0,0.0,
370,44.0,5.0,第4节,第4节,3.5,0.8,-3.5,0.87,132.5,0.8,133.5,0.83,132.5,4.0,1:2,,13.0,9.0,7.0,10.0,4.0,9.0,2.0,2.0,3.0,0.0,57.1,56.2,53.0,56.0,1.0,1,7.0,1.0,0,,21078.0,0.0,0.0,
371,44.0,5.0,第4节,第4节,3.5,0.8,-3.5,0.87,133.5,0.83,133.5,0.83,133.5,4.0,1:2,,13.0,9.0,7.0,10.0,4.0,9.0,2.0,2.0,3.0,0.0,57.1,56.2,53.0,56.0,1.0,1,7.0,1.0,0,,21078.0,0.0,0.0,
372,44.0,5.0,第4节,第4节,3.5,0.8,-3.5,0.87,133.5,0.83,133.5,0.83,133.5,4.0,1:2,,13.0,9.0,7.0,10.0,4.0,9.0,2.0,2.0,3.0,0.0,57.1,56.2,53.0,56.0,0.0,1,7.0,1.0,0,,21078.0,0.0,0.0,
373,44.0,5.0,第4节,第4节,3.5,0.8,-3.5,0.87,133.5,0.83,133.5,0.83,133.5,4.0,1:2,,13.0,9.0,7.0,10.0,4.0,9.0,2.0,2.0,3.0,0.0,57.1,56.2,53.0,56.0,0.0,1,7.0,1.0,0,,21078.0,0.0,0.0,
374,44.0,5.0,第4节,第4节,3.5,0.8,-3.5,0.87,133.5,0.83,133.5,0.83,133.5,4.0,1:2,,13.0,9.0,7.0,10.0,4.0,9.0,2.0,2.0,3.0,0.0,57.1,56.2,53.0,56.0,0.0,1,7.0,1.0,0,,21078.0,0.0,0.0,
375,44.0,5.0,第4节,第4节,3.5,0.8,-3.5,0.87,133.5,0.83,133.5,0.83,133.5,4.0,1:2,,13.0,9.0,7.0,10.0,4.0,9.0,2.0,2.0,3.0,0.0,57.1,56.2,53.0,56.0,0.0,1,7.0,1.0,0,,21078.0,0.0,0.0,
376,44.0,5.0,第4节,第4节,3.5,0.8,-3.5,0.87,133.5,0.83,133.5,0.83,133.5,4.0,1:2,,13.0,9.0,7.0,10.0,4.0,9.0,2.0,2.0,3.0,0.0,57.1,56.2,53.0,56.0,0.0,1,7.0,1.0,0,,21078.0,0.0,0.0,
377,44.0,5.0,第4节,第4节,3.5,0.8,-3.5,0.87,133.5,0.83,133.5,0.83,133.5,4.0,1:2,,13.0,9.0,7.0,10.0,4.0,10.0,2.0,2.0,3.0,0.0,57.1,58.8,53.0,54.0,0.0,1,7.0,1.0,0,,21079.0,0.0,0.0,"0.21,0.50"
378,44.0,5.0,第4节,第4节,3.5,0.8,-3.5,0.87,133.5,0.83,133.5,0.83,133.5,4.0,2:2,,13.0,9.0,7.0,10.0,4.0,10.0,2.0,2.0,3.0,0.0,57.1,58.8,54.0,56.0,0.0,1,7.0,1.0,0,,21078.0,0.0,0.0,"0.21,0.50"
379,44.0,5.0,第4节,第4节,3.5,0.91,-2.5,0.77,133.5,0.83,133.5,0.83,-2.5,4.0,2:2,,13.0,9.0,7.0,10.0,4.0,10.0,2.0,2.0,3.0,0.0,57.1,58.8,54.0,56.0,0.0,1,7.0,1.0,0,,21078.0,0.0,0.0,"0.21,0.50"
380,44.0,5.0,第4节,第4节,2.5,0.91,-2.5,0.77,133.5,0.83,134.5,0.91,2.5,4.0,2:2,,13.0,9.0,7.0,10.0,4.0,10.0,2.0,2.0,3.0,0.0,57.1,58.8,54.0,56.0,0.0,1,7.0,1.0,0,,21078.0,0.0,0.0,"0.21,0.50"
381,44.0,5.0,第4节,第4节,2.5,0.91,-2.5,0.77,134.5,0.77,134.5,0.91,134.5,4.0,2:2,,13.0,9.0,7.0,10.0,4.0,10.0,2.0,2.0,3.0,0.0,57.1,58.8,54.0,56.0,0.0,1,7.0,1.0,0,,21078.0,0.0,0.0,"0.21,0.50"
382,44.0,5.0,第4节,第4节,2.5,0.91,-2.5,0.91,134.5,0.77,134.5,0.91,134.5,4.0,2:2,,13.0,9.0,7.0,10.0,4.0,10.0,2.0,2.0,3.0,0.0,57.1,55.6,54.0,56.0,0.0,1,7.0,1.0,0,,21080.0,1.7,0.0,"0.21,0.50"
383,44.0,5.0,第4节,第4节,2.5,0.77,-3.5,0.91,134.5,0.77,134.5,0.91,-3.5,4.0,2:2,,13.0,9.0,7.0,10.0,4.0,10.0,2.0,2.0,3.0,0.0,57.1,55.6,54.0,56.0,0.0,1,7.0,1.0,0,,21080.0,1.7,0.0,"0.21,0.50"
384,44.0,5.0,第4节,第4节,3.5,0.77,-3.5,0.8,134.5,0.77,134.5,0.91,3.5,4.0,2:2,,13.0,9.0,7.0,10.0,4.0,10.0,2.0,2.0,3.0,0.0,57.1,55.6,54.0,56.0,0.0,1,7.0,1.0,0,,21080.0,1.75,0.0,"0.21,0.50"
385,44.0,5.0,第4节,第4节,3.5,0.87,-2.5,0.8,134.5,0.77,134.5,0.91,-2.5,4.0,2:2,,13.0,9.0,7.0,10.0,4.0,10.0,2.0,2.0,3.0,0.0,57.1,55.6,54.0,56.0,0.0,1,7.0,1.0,0,,21080.0,1.75,0.0,"0.21,0.50"
386,44.0,5.0,第4节,第4节,2.5,0.87,-2.5,0.8,134.5,0.77,133.5,0.83,2.5,4.0,2:2,,13.0,9.0,7.0,10.0,4.0,10.0,2.0,2.0,3.0,0.0,57.1,55.6,54.0,56.0,0.0,1,7.0,1.0,0,,21080.0,1.75,0.0,"0.21,0.50"
387,44.0,5.0,第4节,第4节,2.5,0.87,-2.5,0.8,133.5,0.83,133.5,0.83,133.5,4.0,2:2,,13.0,9.0,7.0,10.0,4.0,10.0,2.0,2.0,3.0,0.0,57.1,55.6,54.0,56.0,0.0,1,7.0,1.0,0,,21080.0,1.75,0.0,"0.21,0.50"
388,44.0,5.0,第4节,第4节,2.5,0.87,-2.5,0.8,133.5,0.83,133.5,0.83,133.5,4.0,,,13.0,9.0,7.0,10.0,4.0,10.0,2.0,2.0,3.0,0.0,57.1,55.6,54.0,56.0,0.0,1,7.0,0.0,0,,21077.0,0.0,0.0,
389,44.0,5.0,第4节,第4节,2.5,0.87,-2.5,0.8,133.5,0.77,133.5,0.91,133.5,4.0,,,13.0,10.0,7.0,10.0,4.0,10.0,2.0,2.0,3.0,0.0,57.1,55.6,54.0,57.0,0.0,1,7.0,0.0,0,,21075.0,0.0,0.0,"0.19,0.18"
390,44.0,5.0,第4节,第4节,2.5,0.87,-2.5,0.8,133.5,0.77,133.5,0.91,133.5,4.0,,,13.0,10.0,7.0,10.0,4.0,10.0,2.0,2.0,3.0,0.0,57.1,55.6,57.0,56.0,0.0,1,7.0,0.0,0,,11077.0,0.0,0.0,
391,44.0,5.0,第4节,第4节,2.5,0.87,-2.5,0.8,133.5,0.77,133.5,0.91,133.5,4.0,,,13.0,10.0,7.0,10.0,4.0,10.0,2.0,2.0,3.0,0.0,57.1,55.6,57.0,56.0,0.0,1,6.0,41.0,0,,11077.0,0.0,0.0,
392,44.0,5.0,第4节,第4节,2.5,0.77,-1.5,0.91,133.5,0.77,133.5,0.91,-1.5,4.0,,,13.0,10.0,7.0,10.0,4.0,10.0,2.0,2.0,3.0,0.0,57.1,55.6,57.0,56.0,0.0,1,6.0,41.0,0,,11077.0,0.0,0.0,
393,44.0,5.0,第4节,第4节,1.5,0.77,-1.5,0.91,133.5,0.77,135.5,0.87,1.5,4.0,,,13.0,10.0,7.0,10.0,4.0,10.0,2.0,2.0,3.0,0.0,57.1,55.6,57.0,56.0,0.0,1,6.0,41.0,0,,11077.0,0.0,0.0,
394,44.0,5.0,第4节,第4节,1.5,0.77,-1.5,0.91,135.5,0.8,135.5,0.87,135.5,4.0,,,13.0,10.0,7.0,10.0,4.0,10.0,2.0,2.0,3.0,0.0,57.1,55.6,57.0,56.0,0.0,1,6.0,41.0,0,,11077.0,0.0,0.0,
395,44.0,5.0,第4节,第4节,1.5,0.8,-1.5,0.87,135.5,0.8,135.5,0.87,135.5,4.0,,,13.0,10.0,7.0,10.0,4.0,10.0,2.0,2.0,3.0,0.0,57.1,55.6,57.0,56.0,0.0,1,6.0,20.0,0,,11077.0,1.25,0.0,
396,44.0,5.0,第4节,第4节,1.5,0.8,-1.5,0.87,135.5,0.8,135.5,0.87,135.5,4.0,,,13.0,10.0,7.0,10.0,4.0,10.0,2.0,2.0,3.0,0.0,57.1,55.6,57.0,56.0,0.0,1,6.0,20.0,0,,11094.0,1.25,0.0,"0.66,0.37"
397,44.0,5.0,第4节,第4节,1.5,0.91,1.5,0.77,135.5,0.8,135.5,0.87,1.5,4.0,,,13.0,10.0,7.0,10.0,4.0,10.0,2.0,2.0,3.0,0.0,57.1,55.6,57.0,56.0,0.0,1,6.0,20.0,0,,21077.0,1.25,0.0,
398,44.0,5.0,第4节,第4节,-1.5,0.91,1.5,0.77,135.5,0.8,134.5,0.91,-1.5,4.0,,,13.0,10.0,7.0,10.0,4.0,10.0,2.0,2.0,3.0,0.0,57.1,55.6,57.0,56.0,0.0,1,6.0,20.0,0,,21077.0,1.25,0.0,
399,44.0,5.0,第4节,第4节,-1.5,0.91,1.5,0.77,134.5,0.77,134.5,0.91,134.5,4.0,,,13.0,10.0,7.0,10.0,4.0,10.0,2.0,2.0,3.0,0.0,57.1,55.6,57.0,56.0,0.0,1,6.0,20.0,0,,21077.0,1.25,0.0,
400,44.0,5.0,第4节,第4节,-1.5,0.91,1.5,0.77,134.5,0.77,134.5,0.91,134.5,4.0,,,13.0,10.0,7.0,11.0,4.0,10.0,2.0,2.0,3.0,0.0,57.1,55.6,57.0,59.0,0.0,1,6.0,20.0,0,,21074.0,0.71,1.0,"0.16,0.60"
401,44.0,5.0,第4节,第4节,-1.5,0.91,1.5,0.77,134.5,0.77,134.5,0.91,134.5,4.0,,,13.0,10.0,7.0,11.0,4.0,10.0,2.0,2.0,3.0,0.0,57.1,55.6,59.0,56.0,0.0,1,6.0,20.0,0,,11077.0,0.71,1.0,
402,44.0,5.0,第4节,第4节,-1.5,0.91,1.5,0.77,134.5,0.77,134.5,0.91,134.5,4.0,,,13.0,10.0,7.0,11.0,4.0,10.0,2.0,2.0,3.0,0.0,57.1,55.6,59.0,56.0,0.0,1,6.0,14.0,0,,11077.0,0.71,1.0,
403,44.0,5.0,第4节,第4节,-1.5,0.83,1.5,0.83,135.5,0.91,135.5,0.77,135.5,4.0,,,13.0,10.0,7.0,11.0,4.0,10.0,2.0,2.0,3.0,0.0,57.1,55.6,59.0,56.0,0.0,1,6.0,14.0,0,,11077.0,0.71,1.0,
404,44.0,5.0,第4节,第4节,-1.5,0.83,1.5,0.83,135.5,0.91,135.5,0.77,135.5,4.0,,,13.0,10.0,7.0,11.0,4.0,10.0,2.0,2.0,3.0,0.0,57.1,55.6,59.0,56.0,0.0,1,6.0,14.0,0,,11094.0,0.0,1.25,"0.75,0.85"
405,44.0,5.0,第4节,第4节,-1.5,0.83,2.5,0.83,135.5,0.91,135.5,0.77,2.5,4.0,,,13.0,10.0,7.0,11.0,4.0,10.0,2.0,2.0,3.0,0.0,57.1,55.6,59.0,56.0,0.0,1,6.0,14.0,0,,21077.0,0.0,1.25,
406,44.0,5.0,第4节,第4节,-2.5,0.83,2.5,0.83,135.5,0.77,135.5,0.91,-2.5,4.0,,,13.0,10.0,7.0,11.0,4.0,10.0,2.0,2.0,3.0,0.0,57.1,55.6,59.0,56.0,0.0,1,6.0,0.0,0,,21077.0,0.0,1.25,
407,44.0,5.0,第4节,第4节,-2.5,0.83,2.5,0.83,135.5,0.77,135.5,0.91,-2.5,4.0,,,13.0,10.0,7.0,11.0,4.0,10.0,2.0,2.0,3.0,0.0,57.1,55.6,59.0,56.0,0.0,1,6.0,0.0,0,,21094.0,0.45,0.0,"0.18,0.92"
408,44.0,5.0,第4节,第4节,-2.5,0.83,2.5,0.83,135.5,0.77,135.5,0.91,-2.5,4.0,,,13.0,10.0,7.0,11.0,4.0,10.0,2.0,2.0,3.0,0.0,57.1,55.6,59.0,56.0,0.0,1,5.0,34.0,0,,11077.0,0.45,0.0,
409,44.0,5.0,第4节,第4节,-2.5,0.8,1.5,0.87,135.5,0.77,135.5,0.91,1.5,4.0,,,13.0,10.0,7.0,11.0,4.0,10.0,2.0,2.0,3.0,0.0,57.1,55.6,59.0,56.0,0.0,1,5.0,34.0,0,,11077.0,0.45,0.0,
410,44.0,5.0,第4节,第4节,-1.5,0.8,1.5,0.87,135.5,0.77,133.5,0.83,-1.5,4.0,,,13.0,10.0,7.0,11.0,4.0,10.0,2.0,2.0,3.0,0.0,57.1,55.6,59.0,56.0,0.0,1,5.0,34.0,0,,11077.0,0.45,0.0,
411,44.0,5.0,第4节,第4节,-1.5,0.8,1.5,0.87,133.5,0.83,133.5,0.83,133.5,4.0,,,13.0,10.0,7.0,11.0,4.0,10.0,2.0,2.0,3.0,0.0,57.1,55.6,59.0,56.0,0.0,1,5.0,34.0,0,,11077.0,0.45,0.0,
412,44.0,5.0,第4节,第4节,-1.5,0.8,1.5,0.83,133.5,0.83,133.5,0.83,133.5,4.0,,,13.0,10.0,7.0,11.0,4.0,10.0,2.0,2.0,3.0,0.0,57.1,55.6,59.0,56.0,0.0,1,5.0,34.0,0,,21077.0,0.0,1.25,
413,44.0,5.0,第4节,第4节,-1.5,0.83,2.5,0.83,133.5,0.83,133.5,0.83,2.5,4.0,,,13.0,10.0,7.0,11.0,4.0,10.0,2.0,2.0,3.0,0.0,57.1,55.6,59.0,56.0,0.0,1,5.0,34.0,0,,21077.0,0.0,1.25,
414,44.0,5.0,第4节,第4节,-2.5,0.83,2.5,0.83,133.5,0.83,133.5,0.83,-2.5,4.0,,,13.0,10.0,7.0,11.0,4.0,10.0,2.0,2.0,3.0,0.0,57.1,55.6,59.0,56.0,0.0,1,5.0,34.0,0,,21094.0,0.0,0.0,"0.18,0.92"
415,44.0,5.0,第4节,第4节,-2.5,0.83,2.5,0.83,133.5,0.83,133.5,0.83,-2.5,4.0,,,13.0,10.0,7.0,11.0,4.0,10.0,2.0,2.0,3.0,0.0,57.1,55.6,59.0,56.0,0.0,1,5.0,26.0,0,,11077.0,0.0,0.0,
416,44.0,5.0,第4节,第4节,-2.5,0.8,1.5,0.87,133.5,0.83,133.5,0.83,1.5,4.0,,,13.0,10.0,7.0,11.0,4.0,10.0,2.0,2.0,3.0,0.0,57.1,55.6,59.0,56.0,0.0,1,5.0,26.0,0,,11077.0,0.0,0.0,
417,44.0,5.0,第4节,第4节,-1.5,0.8,1.5,0.87,133.5,0.83,133.5,0.83,-1.5,4.0,,,13.0,10.0,7.0,11.0,4.0,10.0,2.0,2.0,3.0,0.0,57.1,55.6,59.0,56.0,0.0,1,5.0,26.0,0,,11094.0,0.0,1.25,"0.68,0.29"
418,44.0,5.0,第4节,第4节,-1.5,0.8,1.5,0.87,133.5,0.83,133.5,0.83,-1.5,4.0,,,13.0,10.0,7.0,11.0,4.0,10.0,2.0,2.0,3.0,0.0,57.1,55.6,59.0,56.0,0.0,1,5.0,5.0,0,,21077.0,0.0,1.25,
419,44.0,5.0,第4节,第4节,-1.5,0.8,2.5,0.87,133.5,0.83,133.5,0.83,2.5,4.0,,,13.0,10.0,7.0,11.0,4.0,10.0,2.0,2.0,3.0,0.0,57.1,55.6,59.0,56.0,0.0,1,5.0,5.0,0,,21077.0,0.0,1.25,
420,44.0,5.0,第4节,第4节,-2.5,0.8,2.5,0.87,133.5,0.83,133.5,0.83,-2.5,4.0,,,13.0,10.0,7.0,11.0,4.0,10.0,2.0,2.0,3.0,0.0,57.1,55.6,59.0,56.0,0.0,1,4.0,53.0,0,,21077.0,0.0,1.7,
421,44.0,5.0,第4节,第4节,-2.5,0.87,3.5,0.8,133.5,0.83,133.5,0.83,3.5,4.0,,,13.0,10.0,7.0,11.0,4.0,10.0,2.0,2.0,3.0,0.0,57.1,55.6,59.0,56.0,1.0,1,4.0,53.0,0,,21077.0,0.0,1.7,
422,44.0,5.0,第4节,第4节,-3.5,0.87,3.5,0.8,133.5,0.83,133.5,0.83,-3.5,4.0,,,13.0,10.0,7.0,11.0,4.0,10.0,2.0,2.0,3.0,0.0,57.1,55.6,59.0,56.0,1.0,1,4.0,53.0,0,,21077.0,0.0,1.7,
423,44.0,5.0,第4节,第4节,-3.5,0.87,3.5,0.8,133.5,0.83,133.5,0.83,-3.5,4.0,,,13.0,10.0,7.0,11.0,4.0,10.0,2.0,2.0,3.0,0.0,57.1,55.6,59.0,56.0,1.0,1,4.0,53.0,0,,21077.0,0.0,1.7,
424,44.0,5.0,第4节,第4节,-3.5,0.87,3.5,0.8,133.5,0.83,133.5,0.83,-3.5,4.0,,1.0,13.0,10.0,7.0,11.0,4.0,10.0,2.0,2.0,4.0,0.0,57.1,55.6,59.0,56.0,1.0,1,4.0,53.0,0,,11086.0,0.0,1.7,
425,44.0,5.0,第4节,第4节,-3.5,0.87,3.5,0.8,133.5,0.83,133.5,0.83,-3.5,4.0,,1.0,13.0,10.0,7.0,11.0,4.0,10.0,2.0,2.0,4.0,0.0,57.1,55.6,59.0,56.0,1.0,1,4.0,53.0,0,,21077.0,0.0,0.0,
426,44.0,5.0,第4节,第4节,-3.5,0.8,3.5,0.87,133.5,0.83,133.5,0.83,-3.5,4.0,1:2,1.0,13.0,10.0,7.0,11.0,4.0,10.0,2.0,2.0,4.0,0.0,57.1,55.6,59.0,56.0,0.0,1,4.0,53.0,0,,21078.0,0.0,0.0,
427,44.0,5.0,第4节,第4节,-3.5,0.8,3.5,0.87,133.5,0.83,133.5,0.83,-3.5,4.0,1:2,1.0,13.0,10.0,7.0,11.0,4.0,10.0,2.0,2.0,4.0,0.0,57.1,55.6,59.0,56.0,0.0,1,4.0,53.0,0,,21078.0,0.0,0.0,
428,44.0,5.0,第4节,第4节,-3.5,0.8,3.5,0.87,133.5,0.83,133.5,0.83,-3.5,4.0,1:2,1.0,13.0,10.0,7.0,11.0,4.0,10.0,2.0,2.0,4.0,0.0,57.1,55.6,59.0,56.0,0.0,1,4.0,53.0,0,,21078.0,0.0,0.0,
429,44.0,5.0,第4节,第4节,-3.5,0.8,3.5,0.87,133.5,0.83,133.5,0.83,-3.5,4.0,1:2,1.0,13.0,10.0,7.0,11.0,4.0,11.0,2.0,2.0,4.0,0.0,57.1,57.9,59.0,60.0,0.0,1,4.0,53.0,0,,21079.0,0.0,0.0,"0.21,0.50"
430,44.0,5.0,第4节,第4节,-3.5,0.8,3.5,0.87,133.5,0.83,133.5,0.83,-3.5,4.0,2:2,1.0,13.0,10.0,7.0,11.0,4.0,11.0,2.0,2.0,4.0,0.0,57.1,57.9,60.0,56.0,0.0,1,4.0,53.0,0,,21078.0,0.0,0.0,"0.21,0.50"
431,44.0,5.0,第4节,第4节,-3.5,0.77,3.5,0.91,133.5,0.83,133.5,0.83,-3.5,4.0,2:2,1.0,13.0,10.0,7.0,11.0,4.0,12.0,2.0,2.0,4.0,0.0,57.1,60.0,60.0,61.0,0.0,1,4.0,53.0,0,,21079.0,0.0,0.0,"0.21,0.50"
432,44.0,5.0,第4节,第4节,-3.5,0.77,3.5,0.91,133.5,0.83,133.5,0.83,-3.5,4.0,,1.0,13.0,10.0,7.0,11.0,4.0,12.0,2.0,2.0,4.0,0.0,57.1,60.0,61.0,56.0,0.0,1,4.0,53.0,0,,11077.0,0.0,0.0,
433,44.0,5.0,第4节,第4节,-3.5,0.87,4.5,0.8,133.5,0.83,133.5,0.83,4.5,4.0,,1.0,13.0,10.0,7.0,11.0,4.0,12.0,2.0,2.0,4.0,0.0,57.1,60.0,61.0,56.0,0.0,1,4.0,53.0,0,,11077.0,0.0,0.0,
434,44.0,5.0,第4节,第4节,-4.5,0.87,4.5,0.8,133.5,0.83,133.5,0.83,-4.5,4.0,,1.0,13.0,10.0,8.0,11.0,4.0,12.0,2.0,2.0,4.0,0.0,57.1,60.0,58.0,56.0,0.0,1,4.0,53.0,0,,11074.0,0.0,0.0,"0.81,0.55"
435,44.0,5.0,第4节,第4节,-4.5,0.87,4.5,0.8,133.5,0.83,133.5,0.83,-4.5,4.0,,1.0,13.0,10.0,8.0,11.0,4.0,12.0,2.0,2.0,4.0,0.0,57.1,60.0,61.0,58.0,0.0,1,4.0,53.0,0,,21077.0,0.0,0.0,
436,44.0,5.0,第4节,第4节,-4.5,0.87,4.5,0.8,133.5,0.83,133.5,0.83,-4.5,4.0,,1.0,13.0,10.0,8.0,11.0,4.0,12.0,2.0,2.0,4.0,0.0,57.1,60.0,61.0,58.0,0.0,1,4.0,36.0,0,,21077.0,0.0,0.0,
437,44.0,5.0,第4节,第4节,-4.5,0.83,3.5,0.83,133.5,0.83,133.5,0.83,3.5,4.0,,1.0,13.0,10.0,8.0,11.0,4.0,12.0,2.0,2.0,4.0,0.0,57.1,60.0,61.0,58.0,0.0,1,4.0,36.0,0,,21077.0,0.0,0.0,
438,44.0,5.0,第4节,第4节,-3.5,0.83,3.5,0.83,133.5,0.83,133.5,0.83,-3.5,4.0,,1.0,13.0,10.0,8.0,11.0,4.0,12.0,2.0,2.0,4.0,0.0,57.1,60.0,61.0,58.0,0.0,1,4.0,15.0,0,,21077.0,0.0,0.0,
439,44.0,5.0,第4节,第4节,-3.5,0.83,3.5,0.83,133.5,0.83,133.5,0.83,-3.5,4.0,,1.0,13.0,10.0,8.0,11.0,4.0,12.0,2.0,2.0,4.0,0.0,57.1,60.0,61.0,58.0,0.0,1,4.0,15.0,0,,21094.0,0.0,0.0,"0.35,0.38"
440,44.0,5.0,第4节,第4节,-3.5,0.83,3.5,0.83,133.5,0.83,133.5,0.83,-3.5,4.0,,1.0,13.0,10.0,8.0,11.0,4.0,12.0,2.0,2.0,4.0,0.0,57.1,60.0,61.0,58.0,0.0,1,4.0,9.0,0,,11077.0,0.0,0.0,
441,44.0,5.0,第4节,第4节,-3.5,0.83,2.5,0.83,133.5,0.83,133.5,0.83,2.5,4.0,,1.0,13.0,10.0,8.0,11.0,4.0,12.0,2.0,2.0,4.0,0.0,57.1,60.0,61.0,58.0,0.0,1,4.0,9.0,0,,11077.0,0.0,0.0,
442,44.0,5.0,第4节,第4节,-2.5,0.83,2.5,0.83,133.5,0.83,133.5,0.83,-2.5,4.0,,1.0,13.0,10.0,8.0,11.0,4.0,12.0,2.0,2.0,4.0,0.0,57.1,60.0,61.0,58.0,0.0,1,4.0,8.0,0,,11077.0,0.0,1.7,
443,44.0,5.0,第4节,第4节,-2.5,0.83,2.5,0.83,133.5,0.83,133.5,0.83,-2.5,4.0,,1.0,13.0,10.0,8.0,11.0,4.0,12.0,2.0,2.0,4.0,0.0,57.1,60.0,61.0,58.0,0.0,1,4.0,8.0,0,,11077.0,0.0,1.7,
444,44.0,5.0,第4节,第4节,-2.5,0.83,2.5,0.83,133.5,0.83,133.5,0.83,-2.5,4.0,,1.0,13.0,10.0,8.0,11.0,4.0,12.0,2.0,2.0,4.0,0.0,57.1,60.0,61.0,58.0,0.0,1,4.0,13.0,0,,11077.0,0.0,1.7,
445,44.0,5.0,第4节,第4节,-2.5,0.83,2.5,0.83,133.5,0.83,133.5,0.83,-2.5,4.0,,1.0,13.0,10.0,8.0,11.0,4.0,12.0,2.0,2.0,4.0,0.0,57.1,60.0,61.0,58.0,0.0,1,4.0,13.0,0,,11094.0,0.0,1.7,"0.65,0.31"
446,44.0,5.0,第4节,第4节,-2.5,0.83,3.5,0.83,133.5,0.83,133.5,0.83,3.5,4.0,,1.0,13.0,10.0,8.0,11.0,4.0,12.0,2.0,2.0,4.0,0.0,57.1,60.0,61.0,58.0,0.0,1,4.0,13.0,0,,21077.0,0.0,1.7,
447,44.0,5.0,第4节,第4节,-3.5,0.83,3.5,0.83,133.5,0.83,133.5,0.83,-3.5,4.0,,1.0,13.0,10.0,8.0,11.0,4.0,12.0,2.0,2.0,4.0,0.0,57.1,60.0,61.0,58.0,0.0,1,3.0,56.0,0,,21077.0,0.0,1.7,
448,44.0,5.0,第4节,第4节,-3.5,0.83,3.5,0.83,133.5,0.83,133.5,0.83,-3.5,4.0,,1.0,13.0,10.0,8.0,11.0,4.0,12.0,2.0,2.0,4.0,0.0,57.1,60.0,61.0,58.0,0.0,1,3.0,56.0,0,,21095.0,0.0,0.0,"0.13,0.52"
449,44.0,5.0,第4节,第4节,-3.5,0.83,3.5,0.83,133.5,0.83,133.5,0.83,-3.5,4.0,,1.0,13.0,10.0,8.0,11.0,4.0,12.0,2.0,2.0,4.0,0.0,57.1,60.0,61.0,58.0,0.0,1,3.0,34.0,0,,11077.0,0.0,0.0,
450,44.0,5.0,第4节,第4节,-3.5,0.83,2.5,0.83,133.5,0.83,133.5,0.83,2.5,4.0,,1.0,13.0,10.0,8.0,11.0,4.0,12.0,2.0,2.0,4.0,0.0,57.1,60.0,61.0,58.0,0.0,1,3.0,34.0,0,,11077.0,0.0,0.0,
451,44.0,5.0,第4节,第4节,-2.5,0.83,2.5,0.83,133.5,0.83,133.5,0.83,-2.5,4.0,,1.0,13.0,10.0,8.0,11.0,4.0,12.0,2.0,2.0,4.0,0.0,57.1,60.0,61.0,58.0,0.0,1,3.0,34.0,0,,11077.0,0.0,0.0,
452,44.0,5.0,第4节,第4节,-2.5,0.83,3.5,0.83,133.5,0.83,133.5,0.83,3.5,4.0,,1.0,13.0,10.0,8.0,11.0,4.0,12.0,2.0,2.0,4.0,0.0,57.1,60.0,61.0,58.0,0.0,1,3.0,34.0,0,,11077.0,0.0,0.0,
453,44.0,5.0,第4节,第4节,-3.5,0.83,3.5,0.83,133.5,0.83,133.5,0.83,-3.5,4.0,,1.0,13.0,10.0,8.0,11.0,4.0,12.0,2.0,2.0,4.0,0.0,57.1,60.0,61.0,58.0,0.0,1,3.0,18.0,0,,11077.0,0.0,0.0,
454,44.0,5.0,第4节,第4节,-3.5,0.83,3.5,0.83,133.5,0.83,133.5,0.83,-3.5,4.0,,1.0,13.0,10.0,8.0,11.0,4.0,12.0,2.0,2.0,4.0,0.0,57.1,60.0,61.0,58.0,0.0,1,2.0,18.0,0,,21077.0,0.0,0.0,
455,44.0,5.0,第4节,第4节,-3.5,0.83,3.5,0.83,133.5,0.83,133.5,0.83,-3.5,4.0,,1.0,13.0,10.0,8.0,11.0,4.0,12.0,2.0,2.0,4.0,0.0,57.1,60.0,61.0,58.0,0.0,1,2.0,59.0,0,,21077.0,0.0,0.0,
456,44.0,5.0,第4节,第4节,-3.5,0.83,3.5,0.83,133.5,0.83,133.5,0.83,-3.5,4.0,,1.0,13.0,10.0,8.0,12.0,4.0,12.0,2.0,2.0,4.0,0.0,57.1,60.0,61.0,63.0,0.0,1,2.0,59.0,0,,21074.0,0.0,0.0,"0.17,0.51"
457,44.0,5.0,第4节,第4节,-3.5,0.83,3.5,0.83,133.5,0.83,133.5,0.83,-3.5,4.0,,1.0,13.0,10.0,8.0,12.0,4.0,12.0,2.0,2.0,4.0,0.0,57.1,60.0,63.0,58.0,0.0,1,2.0,59.0,0,,11077.0,0.0,0.0,
458,44.0,5.0,第4节,第4节,-3.5,0.83,4.5,0.83,133.5,0.83,133.5,0.83,4.5,4.0,,1.0,13.0,10.0,8.0,12.0,4.0,12.0,2.0,2.0,4.0,0.0,57.1,60.0,63.0,58.0,0.0,1,2.0,59.0,0,,11077.0,0.0,0.0,
459,44.0,5.0,第4节,第4节,-4.5,0.83,4.5,0.83,133.5,0.83,133.5,0.83,-4.5,4.0,,1.0,13.0,10.0,8.0,12.0,4.0,12.0,2.0,2.0,4.0,0.0,57.1,60.0,63.0,58.0,1.0,1,2.0,59.0,0,,11077.0,0.0,0.0,
460,44.0,5.0,第4节,第4节,-4.5,0.87,4.5,0.8,133.5,0.83,133.5,0.83,-4.5,4.0,,1.0,13.0,10.0,8.0,12.0,4.0,12.0,2.0,2.0,4.0,0.0,57.1,60.0,63.0,58.0,1.0,1,2.0,58.0,0,,11077.0,0.0,0.0,
461,44.0,5.0,第4节,第4节,-4.5,0.87,4.5,0.8,133.5,0.83,133.5,0.83,-4.5,4.0,,1.0,13.0,10.0,8.0,12.0,4.0,12.0,1.0,2.0,4.0,0.0,57.1,60.0,63.0,58.0,1.0,1,3.0,58.0,0,,11081.0,0.0,0.0,
462,44.0,5.0,第4节,第4节,-4.5,0.87,4.5,0.8,133.5,0.83,133.5,0.83,-4.5,4.0,,1.0,13.0,10.0,8.0,12.0,4.0,12.0,1.0,2.0,4.0,0.0,57.1,60.0,63.0,58.0,1.0,1,3.0,12.0,0,,11081.0,0.0,0.0,
463,44.0,5.0,第4节,第4节,-4.5,0.87,4.5,0.8,133.5,0.83,133.5,0.83,-4.5,4.0,,1.0,13.0,10.0,8.0,12.0,4.0,12.0,1.0,2.0,4.0,0.0,57.1,60.0,63.0,58.0,0.0,1,3.0,12.0,0,,11081.0,0.0,0.0,
464,44.0,5.0,第4节,第4节,-4.5,0.91,4.5,0.77,133.5,0.83,133.5,0.83,-4.5,4.0,,1.0,13.0,10.0,8.0,12.0,4.0,12.0,1.0,2.0,4.0,0.0,57.1,60.0,63.0,58.0,0.0,1,3.0,12.0,0,,11094.0,0.0,0.0,"0.67,0.61"
465,44.0,5.0,第4节,第4节,-4.5,0.91,4.5,0.77,133.5,0.83,133.5,0.83,-4.5,4.0,,1.0,13.0,10.0,8.0,12.0,4.0,12.0,1.0,2.0,4.0,0.0,57.1,60.0,63.0,58.0,0.0,1,2.0,49.0,0,,21077.0,0.0,0.0,
466,44.0,5.0,第4节,第4节,-4.5,0.91,5.5,0.77,133.5,0.83,133.5,0.83,5.5,4.0,,1.0,13.0,10.0,8.0,12.0,4.0,12.0,1.0,2.0,4.0,0.0,57.1,60.0,63.0,58.0,0.0,1,2.0,49.0,0,,21077.0,0.0,0.0,
467,44.0,5.0,第4节,第4节,-5.5,0.91,5.5,0.77,133.5,0.83,133.5,0.83,-5.5,4.0,,1.0,13.0,10.0,8.0,12.0,4.0,12.0,1.0,2.0,4.0,0.0,57.1,60.0,63.0,58.0,1.0,1,2.0,49.0,0,,21077.0,0.0,0.0,
468,44.0,5.0,第4节,第4节,-5.5,0.91,5.5,0.77,133.5,0.83,133.5,0.83,-5.5,4.0,,1.0,13.0,10.0,8.0,12.0,4.0,12.0,1.0,2.0,4.0,0.0,57.1,60.0,63.0,58.0,1.0,1,2.0,25.0,0,,21077.0,0.0,0.0,
469,44.0,5.0,第4节,第4节,-5.5,0.91,5.5,0.77,133.5,0.83,133.5,0.83,-5.5,4.0,,1.0,13.0,10.0,8.0,12.0,4.0,12.0,1.0,2.0,4.0,0.0,57.1,60.0,63.0,58.0,1.0,1,2.0,25.0,0,,21095.0,0.0,0.0,"0.13,0.48"
470,44.0,5.0,第4节,第4节,-5.5,0.87,4.5,0.8,133.5,0.83,133.5,0.83,4.5,4.0,,1.0,13.0,10.0,8.0,12.0,4.0,12.0,1.0,2.0,4.0,0.0,57.1,60.0,63.0,58.0,1.0,1,2.0,25.0,0,,11077.0,0.0,0.0,
471,44.0,5.0,第4节,第4节,-4.5,0.87,4.5,0.83,133.5,0.83,133.5,0.83,-4.5,4.0,,1.0,13.0,10.0,8.0,12.0,4.0,12.0,1.0,2.0,4.0,0.0,57.1,60.0,63.0,58.0,1.0,1,2.0,25.0,0,,11077.0,0.0,0.0,
472,44.0,5.0,第4节,第4节,-4.5,0.83,2.5,0.83,133.5,0.83,133.5,0.83,2.5,4.0,,1.0,13.0,10.0,8.0,12.0,4.0,12.0,1.0,2.0,4.0,0.0,57.1,60.0,63.0,58.0,1.0,1,2.0,25.0,0,,11077.0,0.0,0.0,
473,44.0,5.0,第4节,第4节,-2.5,0.83,2.5,0.83,133.5,0.83,133.5,0.83,-2.5,4.0,,1.0,13.0,10.0,8.0,12.0,4.0,12.0,1.0,2.0,4.0,0.0,57.1,60.0,63.0,58.0,1.0,1,2.0,15.0,0,,11077.0,0.0,0.0,
474,44.0,5.0,第4节,第4节,-2.5,0.83,2.5,0.83,133.5,0.83,133.5,0.83,-2.5,4.0,,1.0,14.0,10.0,8.0,12.0,4.0,12.0,1.0,2.0,4.0,0.0,57.1,60.0,61.0,58.0,1.0,1,2.0,15.0,0,,11075.0,0.0,0.0,"0.71,0.78"
475,44.0,5.0,第4节,第4节,-2.5,0.83,2.5,0.83,133.5,0.83,133.5,0.83,-2.5,4.0,,1.0,14.0,10.0,8.0,12.0,4.0,12.0,1.0,2.0,4.0,0.0,57.1,60.0,63.0,61.0,1.0,1,2.0,15.0,0,,21077.0,0.0,0.0,
476,44.0,5.0,第4节,第4节,-2.5,0.77,1.5,0.91,133.5,0.83,133.5,0.83,1.5,4.0,,1.0,14.0,10.0,8.0,12.0,4.0,12.0,1.0,2.0,4.0,0.0,57.1,60.0,63.0,61.0,1.0,1,2.0,15.0,0,,11077.0,0.0,0.0,
477,44.0,5.0,第4节,第4节,-1.5,0.77,1.5,0.91,133.5,0.83,133.5,0.83,-1.5,4.0,,1.0,14.0,10.0,8.0,12.0,4.0,12.0,1.0,2.0,4.0,0.0,57.1,60.0,63.0,61.0,1.0,1,1.0,53.0,0,,11077.0,0.47,0.0,
478,44.0,5.0,第4节,第4节,-1.5,0.77,1.5,0.91,133.5,0.83,133.5,0.83,-1.5,4.0,,1.0,14.0,10.0,8.0,12.0,4.0,12.0,1.0,2.0,4.0,0.0,57.1,60.0,63.0,61.0,1.0,1,1.0,53.0,0,,11095.0,0.47,0.0,"0.88,0.53"
479,44.0,5.0,第4节,第4节,-1.5,0.77,1.5,0.91,133.5,0.83,133.5,0.83,-1.5,4.0,,1.0,14.0,10.0,8.0,12.0,4.0,12.0,1.0,2.0,4.0,0.0,57.1,60.0,63.0,61.0,1.0,1,1.0,47.0,0,,21077.0,0.47,0.0,
480,44.0,5.0,第4节,第4节,-1.5,0.8,2.5,0.87,133.5,0.83,133.5,0.83,2.5,4.0,,1.0,14.0,10.0,8.0,12.0,4.0,12.0,1.0,2.0,4.0,0.0,57.1,60.0,63.0,61.0,1.0,1,1.0,47.0,0,,21077.0,0.47,0.0,
481,44.0,5.0,第4节,第4节,-2.5,0.8,2.5,0.87,133.5,0.83,133.5,0.83,-2.5,4.0,,1.0,14.0,10.0,8.0,12.0,4.0,12.0,1.0,2.0,4.0,0.0,57.1,60.0,63.0,61.0,1.0,1,1.0,31.0,0,,21077.0,0.0,0.0,
482,44.0,5.0,第4节,第4节,-2.5,0.77,1.5,0.91,133.5,0.83,133.5,0.83,1.5,4.0,,1.0,14.0,10.0,8.0,12.0,4.0,12.0,1.0,2.0,4.0,0.0,57.1,60.0,63.0,61.0,1.0,1,1.0,31.0,0,,11077.0,0.0,0.0,
483,44.0,5.0,第4节,第4节,-1.5,0.77,1.5,0.91,133.5,0.83,133.5,0.83,-1.5,4.0,,1.0,14.0,10.0,8.0,12.0,4.0,12.0,1.0,2.0,4.0,0.0,57.1,60.0,63.0,61.0,1.0,1,1.0,27.0,0,,11077.0,0.45,0.0,
484,44.0,5.0,第4节,第4节,-1.5,0.77,1.5,0.91,133.5,0.83,133.5,0.83,-1.5,4.0,,1.0,14.0,10.0,8.0,12.0,4.0,12.0,1.0,2.0,4.0,0.0,57.1,60.0,63.0,61.0,1.0,1,1.0,27.0,0,,11077.0,0.45,0.0,
485,44.0,5.0,第4节,第4节,-1.5,0.77,1.5,0.91,133.5,0.83,133.5,0.83,-1.5,4.0,,1.0,14.0,10.0,8.0,12.0,4.0,12.0,1.0,2.0,4.0,1.0,57.1,60.0,63.0,61.0,1.0,1,1.0,27.0,0,,21086.0,0.45,0.0,
486,44.0,5.0,第4节,第4节,-1.5,0.83,1.5,0.83,133.5,0.83,133.5,0.83,-1.5,4.0,,1.0,14.0,10.0,8.0,12.0,4.0,12.0,1.0,2.0,4.0,1.0,57.1,60.0,63.0,61.0,1.0,1,1.0,27.0,0,,11077.0,0.0,0.0,
487,44.0,5.0,第4节,第4节,-1.5,0.83,1.5,0.83,133.5,0.83,133.5,0.83,-1.5,4.0,1:2,1.0,14.0,10.0,8.0,12.0,4.0,12.0,1.0,2.0,4.0,1.0,57.1,60.0,63.0,61.0,0.0,1,1.0,27.0,0,,11078.0,0.56,1.3,
488,44.0,5.0,第4节,第4节,-1.5,0.83,1.5,0.83,133.5,0.83,133.5,0.83,-1.5,4.0,1:2,1.0,14.0,10.0,8.0,12.0,5.0,12.0,1.0,2.0,4.0,1.0,62.5,60.0,62.0,61.0,0.0,1,1.0,27.0,0,,11079.0,0.56,1.3,"0.80,0.50"
489,44.0,5.0,第4节,第4节,-1.5,0.83,1.5,0.83,133.5,0.83,133.5,0.83,-1.5,4.0,2:2,1.0,14.0,10.0,8.0,12.0,5.0,12.0,1.0,2.0,4.0,1.0,62.5,60.0,63.0,62.0,0.0,1,1.0,27.0,0,,11078.0,0.56,1.3,"0.80,0.50"
490,44.0,5.0,第4节,第4节,-1.5,1.0,1.5,0.71,133.5,0.83,133.5,0.83,-1.5,4.0,2:2,1.0,14.0,10.0,8.0,12.0,5.0,12.0,1.0,2.0,4.0,1.0,62.5,60.0,63.0,62.0,0.0,1,1.0,27.0,0,,11078.0,0.0,1.25,"0.80,0.50"
491,44.0,5.0,第4节,第4节,-1.5,1.1,1.5,0.66,133.5,0.83,133.5,0.83,-1.5,4.0,2:2,1.0,14.0,10.0,8.0,12.0,6.0,12.0,1.0,2.0,4.0,1.0,66.7,60.0,63.0,62.0,0.0,1,1.0,27.0,0,,11079.0,0.63,1.2,"0.80,0.50"
492,44.0,5.0,第4节,第4节,-1.5,1.1,1.5,0.66,133.5,0.83,133.5,0.83,-1.5,4.0,,1.0,14.0,10.0,8.0,12.0,6.0,12.0,1.0,2.0,4.0,1.0,66.7,60.0,63.0,63.0,0.0,1,1.0,27.0,0,,21077.0,0.63,1.2,
493,44.0,5.0,第4节,第4节,-1.5,1.1,1.5,0.66,133.5,0.83,133.5,0.83,-1.5,4.0,,1.0,14.0,10.0,8.0,12.0,6.0,12.0,1.0,2.0,4.0,1.0,66.7,60.0,63.0,63.0,0.0,1,1.0,26.0,0,,21077.0,0.63,1.2,
494,44.0,5.0,第4节,第4节,-1.5,0.66,-1.5,1.1,133.5,0.83,133.5,0.83,-1.5,4.0,,1.0,14.0,10.0,8.0,12.0,6.0,12.0,1.0,2.0,4.0,1.0,66.7,60.0,63.0,63.0,0.0,1,1.0,26.0,0,,11077.0,0.63,1.2,
495,44.0,5.0,第4节,第4节,1.5,0.66,-1.5,1.1,133.5,0.83,133.5,0.83,1.5,4.0,,1.0,14.0,10.0,8.0,12.0,6.0,12.0,1.0,2.0,4.0,1.0,66.7,60.0,63.0,63.0,0.0,1,1.0,30.0,0,,11077.0,1.25,0.0,
496,44.0,5.0,第4节,第4节,1.5,0.66,-1.5,1.1,133.5,0.83,133.5,0.83,1.5,4.0,,1.0,14.0,10.0,8.0,12.0,6.0,12.0,1.0,2.0,4.0,1.0,66.7,60.0,63.0,63.0,0.0,1,1.0,30.0,0,,11077.0,1.25,0.0,
497,44.0,5.0,第4节,第4节,1.5,0.66,-1.5,1.1,133.5,0.83,133.5,0.83,1.5,4.0,,1.0,14.0,10.0,8.0,12.0,6.0,12.0,1.0,2.0,4.0,1.0,66.7,60.0,63.0,63.0,0.0,1,1.0,13.0,0,,11077.0,1.25,0.0,
498,44.0,5.0,第4节,第4节,1.5,0.66,-1.5,1.1,133.5,0.83,133.5,0.83,1.5,4.0,,1.0,14.0,10.0,8.0,12.0,6.0,12.0,1.0,2.0,4.0,1.0,66.7,60.0,63.0,63.0,1.0,1,1.0,13.0,0,,11077.0,1.25,0.0,
499,44.0,5.0,第4节,第4节,1.5,0.66,-1.5,1.1,133.5,0.83,133.5,0.83,1.5,4.0,,1.0,14.0,10.0,8.0,12.0,6.0,12.0,1.0,2.0,4.0,2.0,66.7,60.0,63.0,63.0,1.0,1,1.0,13.0,0,,21086.0,1.25,0.0,
500,44.0,5.0,第4节,第4节,1.5,0.66,-1.5,1.1,133.5,0.83,133.5,0.83,1.5,4.0,,1.0,14.0,10.0,8.0,12.0,6.0,12.0,1.0,2.0,4.0,2.0,66.7,60.0,63.0,63.0,1.0,1,1.0,13.0,0,,11077.0,1.25,0.0,
501,44.0,5.0,第4节,第4节,1.5,0.8,-1.5,0.87,133.5,0.83,133.5,0.83,1.5,4.0,1:2,1.0,14.0,10.0,8.0,12.0,6.0,12.0,1.0,2.0,4.0,2.0,66.7,60.0,63.0,63.0,0.0,1,1.0,13.0,0,,11078.0,1.3,0.56,
502,44.0,5.0,第4节,第4节,1.5,0.8,-1.5,0.87,133.5,0.83,133.5,0.83,1.5,4.0,1:2,1.0,14.0,10.0,8.0,12.0,7.0,12.0,1.0,2.0,4.0,2.0,70.0,60.0,64.0,63.0,0.0,1,1.0,13.0,0,,11079.0,1.3,0.56,"0.80,0.50"
503,44.0,5.0,第4节,第4节,1.5,0.8,-1.5,0.87,133.5,0.83,133.5,0.83,1.5,4.0,2:2,1.0,14.0,10.0,8.0,12.0,7.0,12.0,1.0,2.0,4.0,2.0,70.0,60.0,63.0,64.0,0.0,1,1.0,13.0,0,,11078.0,1.3,0.56,"0.80,0.50"
504,44.0,5.0,第4节,第4节,1.5,0.91,-1.5,0.77,133.5,0.83,133.5,0.83,1.5,4.0,2:2,1.0,14.0,10.0,8.0,12.0,8.0,12.0,1.0,2.0,4.0,2.0,72.7,60.0,65.0,64.0,0.0,1,1.0,13.0,0,,11079.0,0.0,0.45,"0.80,0.50"
505,44.0,5.0,第4节,第4节,1.5,0.91,-1.5,0.77,133.5,0.83,133.5,0.83,1.5,4.0,,1.0,14.0,10.0,8.0,12.0,8.0,12.0,1.0,2.0,4.0,2.0,72.7,60.0,63.0,65.0,0.0,1,1.0,13.0,0,,21077.0,0.0,0.45,
506,44.0,5.0,第4节,第4节,1.5,1.1,-1.5,0.66,133.5,0.83,133.5,0.83,1.5,4.0,,1.0,14.0,10.0,8.0,12.0,8.0,12.0,1.0,2.0,4.0,2.0,72.7,60.0,63.0,65.0,0.0,1,1.0,12.0,0,,21077.0,0.0,0.0,
507,44.0,5.0,第4节,第4节,1.5,1.1,-1.5,0.66,133.5,0.83,133.5,0.83,1.5,4.0,,1.0,14.0,10.0,8.0,12.0,8.0,12.0,1.0,1.0,4.0,2.0,72.7,60.0,63.0,65.0,0.0,1,1.0,12.0,0,,21081.0,0.0,0.0,
508,44.0,5.0,第4节,第4节,1.5,1.1,-1.5,0.66,133.5,0.83,133.5,0.83,1.5,4.0,,1.0,14.0,10.0,8.0,12.0,8.0,12.0,1.0,1.0,4.0,2.0,72.7,60.0,63.0,65.0,0.0,1,1.0,14.0,0,,21081.0,0.0,0.0,
509,44.0,5.0,第4节,第4节,1.5,1.1,-1.5,0.66,133.5,0.83,133.5,0.83,1.5,4.0,,1.0,14.0,10.0,8.0,12.0,8.0,12.0,1.0,1.0,4.0,2.0,72.7,60.0,63.0,65.0,0.0,1,0.0,14.0,0,,21081.0,0.0,0.0,
510,44.0,5.0,第4节,第4节,1.5,1.1,-1.5,0.66,133.5,0.83,133.5,0.83,1.5,4.0,,1.0,14.0,10.0,8.0,12.0,8.0,12.0,1.0,1.0,4.0,2.0,72.7,60.0,63.0,65.0,0.0,1,0.0,53.0,0,,21081.0,0.0,0.0,
511,44.0,5.0,第4节,第4节,1.5,1.1,-1.5,0.66,133.5,0.83,133.5,0.83,1.5,4.0,,1.0,14.0,10.0,8.0,12.0,8.0,12.0,1.0,1.0,4.0,2.0,72.7,60.0,63.0,65.0,1.0,1,0.0,53.0,0,,21081.0,0.0,0.0,
512,44.0,5.0,第4节,第4节,1.5,1.1,-1.5,0.66,133.5,0.83,133.5,0.83,1.5,4.0,,1.0,14.0,10.0,8.0,12.0,8.0,12.0,1.0,1.0,5.0,2.0,72.7,60.0,63.0,65.0,1.0,1,0.0,53.0,0,,11086.0,0.0,0.0,
513,44.0,5.0,第4节,第4节,1.5,0.87,-1.5,0.8,133.5,0.83,133.5,0.83,1.5,4.0,,1.0,14.0,10.0,8.0,12.0,8.0,12.0,1.0,1.0,5.0,2.0,72.7,60.0,63.0,65.0,1.0,1,0.0,53.0,0,,21077.0,0.0,0.0,
514,44.0,5.0,第4节,第4节,1.5,0.87,-1.5,0.8,133.5,0.83,133.5,0.83,1.5,4.0,1:2,1.0,14.0,10.0,8.0,12.0,8.0,12.0,1.0,1.0,5.0,2.0,72.7,60.0,63.0,65.0,1.0,1,0.0,53.0,0,,21078.0,0.0,0.0,
515,44.0,5.0,第4节,第4节,1.5,0.87,-1.5,0.8,133.5,0.83,133.5,0.83,1.5,4.0,1:2,1.0,14.0,10.0,8.0,12.0,8.0,12.0,1.0,1.0,5.0,2.0,72.7,57.1,63.0,65.0,1.0,1,0.0,53.0,0,,21080.0,0.0,0.0,"0.21,0.50"
516,44.0,5.0,第4节,第4节,1.5,0.71,-2.5,1.0,133.5,0.83,133.5,0.83,-2.5,4.0,2:2,1.0,14.0,10.0,8.0,12.0,8.0,12.0,1.0,1.0,5.0,2.0,72.7,57.1,63.0,65.0,1.0,1,0.0,53.0,0,,21078.0,0.0,0.0,"0.21,0.50"
517,44.0,5.0,第4节,第4节,2.5,0.71,-2.5,1.0,133.5,0.83,133.5,0.83,2.5,4.0,2:2,1.0,14.0,10.0,8.0,12.0,8.0,13.0,1.0,1.0,5.0,2.0,72.7,59.1,63.0,64.0,1.0,1,0.0,53.0,0,,21079.0,0.0,0.0,"0.21,0.50"
518,44.0,5.0,第4节,第4节,2.5,0.71,-2.5,1.0,133.5,0.83,133.5,0.83,2.5,4.0,,1.0,14.0,10.0,8.0,12.0,8.0,13.0,1.0,1.0,5.0,2.0,72.7,59.1,64.0,65.0,1.0,1,0.0,53.0,0,,11077.0,0.0,0.0,
519,44.0,5.0,第4节,第4节,2.5,1.1,-1.5,0.66,133.5,0.83,133.5,0.83,-1.5,4.0,,1.0,14.0,10.0,8.0,12.0,8.0,13.0,1.0,1.0,5.0,2.0,72.7,59.1,64.0,65.0,1.0,1,0.0,53.0,0,,11077.0,0.0,0.0,
520,44.0,5.0,第4节,第4节,1.5,1.1,-1.5,0.66,133.5,0.83,133.5,0.83,1.5,4.0,,1.0,14.0,10.0,8.0,12.0,8.0,13.0,1.0,1.0,5.0,2.0,72.7,59.1,64.0,65.0,1.0,1,0.0,53.0,0,,11095.0,0.0,0.0,"0.84,0.53"
521,44.0,5.0,第4节,第4节,1.5,1.1,-1.5,0.66,133.5,0.83,133.5,0.83,1.5,4.0,,1.0,14.0,10.0,8.0,12.0,8.0,13.0,1.0,1.0,5.0,2.0,72.7,59.1,64.0,65.0,1.0,1,0.0,25.0,0,,21077.0,0.0,0.0,
522,44.0,5.0,第4节,第4节,1.5,0.47,-1.5,0.0,133.5,0.83,133.5,0.83,1.5,4.0,,1.0,14.0,10.0,8.0,12.0,8.0,13.0,1.0,1.0,5.0,2.0,72.7,59.1,64.0,65.0,1.0,1,0.0,25.0,0,,21077.0,0.0,0.0,
523,44.0,5.0,第4节,第4节,1.5,0.47,-1.5,0.0,133.5,0.83,133.5,0.83,1.5,4.0,,1.0,14.0,10.0,8.0,12.0,8.0,13.0,1.0,1.0,5.0,2.0,72.7,59.1,64.0,65.0,1.0,1,0.0,24.0,0,,21077.0,0.0,0.0,
524,44.0,5.0,第4节,第4节,1.5,0.47,-1.5,0.0,133.5,0.83,133.5,0.83,1.5,4.0,,1.0,14.0,10.0,8.0,12.0,8.0,13.0,1.0,1.0,5.0,2.0,72.7,59.1,64.0,65.0,1.0,1,0.0,24.0,0,,21077.0,0.0,0.0,
525,44.0,5.0,第4节,第4节,1.5,0.47,-1.5,0.0,133.5,0.83,133.5,0.83,1.5,4.0,,1.0,14.0,10.0,8.0,12.0,8.0,13.0,1.0,1.0,5.0,2.0,72.7,59.1,64.0,65.0,1.0,1,0.0,26.0,0,,21077.0,0.0,0.0,
526,44.0,5.0,第4节,第4节,1.5,0.47,-1.5,0.0,133.5,0.83,133.5,0.83,1.5,4.0,,1.0,14.0,10.0,8.0,12.0,8.0,13.0,1.0,0.0,5.0,2.0,72.7,59.1,64.0,65.0,1.0,1,0.0,26.0,0,,21081.0,0.0,0.0,
527,44.0,5.0,第4节,第4节,1.5,1.0,-1.5,0.71,133.5,0.83,133.5,0.83,1.5,4.0,,1.0,14.0,10.0,8.0,12.0,8.0,13.0,1.0,0.0,5.0,2.0,72.7,59.1,64.0,65.0,1.0,1,0.0,15.0,0,,11077.0,0.0,0.0,
528,44.0,5.0,第4节,第4节,1.5,1.0,-1.5,0.71,133.5,0.83,133.5,0.83,1.5,4.0,,1.0,14.0,10.0,8.0,12.0,8.0,13.0,1.0,0.0,5.0,2.0,72.7,59.1,64.0,65.0,1.0,1,0.0,15.0,0,,11077.0,0.0,0.0,
529,44.0,5.0,第4节,第4节,1.5,1.0,-1.5,0.71,133.5,0.83,133.5,0.83,1.5,4.0,,1.0,14.0,10.0,8.0,12.0,8.0,13.0,1.0,0.0,5.0,2.0,72.7,59.1,64.0,65.0,1.0,1,0.0,12.0,0,,11077.0,0.0,0.0,
530,44.0,5.0,第4节,第4节,1.5,1.0,-1.5,0.71,133.5,0.83,133.5,0.83,1.5,4.0,,1.0,14.0,10.0,8.0,12.0,8.0,13.0,1.0,0.0,5.0,3.0,72.7,59.1,64.0,65.0,1.0,1,0.0,12.0,0,,21086.0,0.0,0.0,
531,44.0,5.0,第4节,第4节,1.5,1.0,-1.5,0.71,133.5,0.83,133.5,0.83,1.5,4.0,,1.0,14.0,10.0,8.0,12.0,8.0,13.0,1.0,0.0,5.0,3.0,72.7,59.1,64.0,65.0,1.0,1,0.0,13.0,0,,11077.0,0.0,0.0,
532,44.0,5.0,第4节,第4节,1.5,1.1,-1.5,0.66,133.5,0.83,133.5,0.83,1.5,4.0,,1.0,14.0,10.0,8.0,12.0,8.0,13.0,1.0,0.0,5.0,3.0,72.7,59.1,64.0,65.0,1.0,1,0.0,13.0,0,,11077.0,0.0,0.0,
533,44.0,5.0,第4节,第4节,1.5,1.1,-1.5,0.66,133.5,0.83,133.5,0.83,1.5,4.0,,1.0,14.0,10.0,8.0,12.0,8.0,13.0,1.0,0.0,5.0,3.0,72.7,59.1,64.0,65.0,1.0,1,0.0,12.0,0,,11077.0,0.0,0.0,
534,44.0,5.0,第4节,第4节,1.5,1.1,-1.5,0.66,133.5,0.83,133.5,0.83,1.5,4.0,,1.0,14.0,10.0,8.0,12.0,8.0,13.0,1.0,0.0,5.0,4.0,72.7,59.1,64.0,65.0,1.0,1,0.0,12.0,0,,21086.0,0.0,0.0,
535,44.0,5.0,第4节,第4节,1.5,1.2,-1.5,0.63,133.5,0.83,133.5,0.83,1.5,4.0,,1.0,14.0,10.0,8.0,12.0,8.0,13.0,1.0,0.0,5.0,4.0,72.7,59.1,64.0,65.0,1.0,1,0.0,10.0,0,,11077.0,0.0,0.0,
536,44.0,5.0,第4节,第4节,1.5,1.2,-1.5,0.63,133.5,0.83,133.5,0.83,1.5,4.0,,1.0,14.0,10.0,8.0,12.0,8.0,13.0,1.0,0.0,5.0,5.0,72.7,59.1,64.0,65.0,1.0,1,0.0,10.0,0,,21086.0,0.0,0.0,
537,44.0,5.0,第4节,第4节,1.5,1.1,-1.5,0.66,133.5,0.83,133.5,0.83,1.5,4.0,,1.0,14.0,10.0,8.0,12.0,8.0,13.0,1.0,0.0,5.0,5.0,72.7,59.1,64.0,65.0,1.0,1,0.0,10.0,0,,11077.0,0.0,0.0,
538,44.0,5.0,第4节,第4节,1.5,0.71,-2.5,1.0,133.5,0.83,133.5,0.83,-2.5,4.0,1:2,1.0,14.0,10.0,8.0,12.0,8.0,13.0,1.0,0.0,5.0,5.0,72.7,59.1,64.0,65.0,1.0,1,0.0,10.0,0,,11078.0,0.0,0.0,
539,44.0,5.0,第4节,第4节,2.5,0.71,-2.5,1.0,133.5,0.83,133.5,0.83,2.5,4.0,1:2,1.0,14.0,10.0,8.0,12.0,8.0,13.0,1.0,0.0,5.0,5.0,66.7,59.1,64.0,65.0,1.0,1,0.0,10.0,0,,11080.0,0.0,0.0,"0.80,0.50"
540,44.0,5.0,第4节,第4节,2.5,0.91,-1.5,0.77,133.5,0.83,133.5,0.83,-1.5,4.0,2:2,1.0,14.0,10.0,8.0,12.0,8.0,13.0,1.0,0.0,5.0,5.0,66.7,59.1,64.0,65.0,1.0,1,0.0,10.0,0,,11078.0,0.0,0.0,"0.80,0.50"
541,44.0,5.0,第4节,第4节,1.5,0.91,-1.5,0.77,133.5,0.83,133.5,0.83,1.5,4.0,2:2,1.0,14.0,10.0,8.0,12.0,9.0,13.0,1.0,0.0,5.0,5.0,69.2,59.1,66.0,65.0,1.0,1,0.0,10.0,0,,11079.0,0.0,0.0,"0.80,0.50"
542,44.0,5.0,第4节,第4节,1.5,0.91,-1.5,0.77,133.5,0.83,133.5,0.83,1.5,4.0,,1.0,14.0,10.0,8.0,12.0,9.0,13.0,1.0,0.0,5.0,5.0,69.2,59.1,64.0,66.0,1.0,1,0.0,10.0,0,,21077.0,0.0,0.0,
543,44.0,5.0,第4节,第4节,1.5,1.1,-1.5,0.66,133.5,0.83,133.5,0.83,1.5,4.0,,1.0,14.0,10.0,8.0,12.0,9.0,13.0,1.0,0.0,5.0,5.0,69.2,59.1,64.0,66.0,1.0,1,0.0,0.0,0,,21077.0,0.0,0.0,
544,44.0,5.0,第4节,第4节,1.5,0.0,-1.5,0.0,133.5,0.83,133.5,0.83,1.5,4.0,,1.0,14.0,10.0,8.0,12.0,9.0,13.0,1.0,0.0,5.0,5.0,69.2,59.1,64.0,66.0,1.0,1,0.0,0.0,0,,11077.0,0.0,0.0,
545,44.0,5.0,第4节,第4节,1.5,0.0,-2.5,0.0,133.5,0.83,133.5,0.83,-2.5,4.0,,1.0,14.0,10.0,8.0,12.0,9.0,13.0,1.0,0.0,5.0,5.0,69.2,59.1,64.0,66.0,1.0,1,0.0,0.0,0,,11077.0,0.0,0.0,
546,44.0,5.0,第4节,第4节,2.5,0.0,-2.5,0.0,133.5,0.83,133.5,0.83,2.5,4.0,,1.0,14.0,10.0,8.0,12.0,9.0,13.0,1.0,0.0,5.0,5.0,69.2,59.1,64.0,66.0,1.0,1,0.0,1.0,0,,11077.0,0.0,0.0,
547,44.0,5.0,第4节,第4节,2.5,0.0,-2.5,0.0,133.5,0.83,133.5,0.83,2.5,4.0,,1.0,14.0,10.0,8.0,12.0,9.0,13.0,0.0,0.0,5.0,5.0,69.2,59.1,64.0,66.0,1.0,1,0.0,1.0,0,,11081.0,0.0,0.0,
548,44.0,5.0,第4节,第4节,2.5,0.0,-2.5,0.0,133.5,0.83,133.5,0.83,2.5,4.0,,1.0,14.0,10.0,8.0,12.0,9.0,13.0,0.0,0.0,5.0,5.0,69.2,59.1,64.0,66.0,1.0,1,0.0,0.0,0,,11081.0,0.0,0.0,
549,44.0,5.0,第4节,第4节,2.5,0.0,-2.5,0.0,133.5,0.83,133.5,0.83,2.5,4.0,,1.0,14.0,10.0,8.0,12.0,9.0,13.0,0.0,0.0,5.0,5.0,69.2,59.1,64.0,66.0,1.0,1,0.0,0.0,0,,1083.0,0.0,0.0,
550,44.0,5.0,第4节,第4节,2.5,0.0,-2.5,0.0,133.5,0.83,133.5,0.83,2.5,1.0,,1.0,14.0,10.0,8.0,12.0,9.0,13.0,0.0,0.0,5.0,5.0,69.2,59.1,64.0,66.0,1.0,1,0.0,0.0,0,,1083.0,0.0,0.0,
551,44.0,5.0,第4节,第4节,2.5,0.0,-2.5,0.0,133.5,0.83,133.5,0.83,2.5,1.0,2.0,1.0,14.0,10.0,8.0,12.0,9.0,13.0,0.0,0.0,5.0,5.0,69.2,59.1,64.0,66.0,1.0,1,0.0,0.0,0,,1083.0,0.0,0.0,
