,AM,AS,CP,ED,HASA,HASA_ODD,HASH,HASH_ODD,HATD,HATD_ODD,HATU,HATU_ODD,HD,MD,PG,PI,S1_a,S1_h,S2_a,S2_h,S3_a,S3_h,S4_a,S5_a,S5_h,S6_a,S6_h,SC_a,SC_h,SU,TD,TM,TS,TT,TU,VC,WA_ODD,WH_ODD
0,,,,第1节,17.5,0.83,-17.5,0.83,132.5,0.83,132.5,0.83,,,,,,,,,,,,,,,,,,0.0,1,10.0,0.0,0,,,0.0,0.0
1,,,,第1节,17.5,0.83,-17.5,0.83,132.5,0.83,132.5,0.83,,,,,,,,,,,,,,,,,,1.0,1,10.0,0.0,0,,,0.0,0.0
2,,,,第1节,17.5,0.83,-17.5,0.83,132.5,0.83,132.5,0.83,,,,,,,,,,,,,,,,,,1.0,1,10.0,0.0,0,,,0.0,0.0
3,,,,第1节,17.5,0.83,-17.5,0.83,132.5,0.83,132.5,0.83,,,,,,,,,,,,,,,,,,1.0,1,10.0,0.0,0,,,0.0,0.0
4,,,,第1节,17.5,0.83,-17.5,0.83,132.5,0.83,132.5,0.83,,,,,,,,,,,,,,,,,,1.0,1,10.0,0.0,0,,,0.0,0.0
5,,,,第1节,17.5,0.83,-17.5,0.83,132.5,0.83,132.5,0.83,,,,,,,,,,,,,,,,,,1.0,1,10.0,0.0,0,,,0.0,0.0
6,,,,第1节,17.5,0.83,-17.5,0.83,132.5,0.83,132.5,0.83,,,,,,,,,,,,,,,,,,1.0,1,10.0,0.0,0,,,0.0,0.0
7,,,,第1节,17.5,0.83,-17.5,0.83,132.5,0.83,132.5,0.83,,,,,,,,,,,,,,,,,,0.0,1,10.0,0.0,0,,,0.0,0.0
8,,,,第1节,17.5,0.83,-17.5,0.83,132.5,0.83,132.5,0.83,,,,,,,,,,,,,,,,,,0.0,1,10.0,0.0,0,,,0.0,0.0
9,,,,第1节,17.5,0.83,-17.5,0.83,132.5,0.83,132.5,0.83,,,,,,,,,,,,,,,,,,1.0,1,10.0,0.0,0,,,0.0,0.0
10,,,,第1节,17.5,0.83,-17.5,0.83,132.5,0.83,132.5,0.83,,,,,,,,,,,,,,,,,,1.0,1,10.0,0.0,0,,,0.0,0.0
11,,,,第1节,17.5,0.83,-17.5,0.83,132.5,0.83,132.5,0.83,,,,,,,,,,,,,,,,,,0.0,1,10.0,0.0,0,,,0.0,0.0
12,,,,第1节,17.5,0.83,-17.5,0.83,132.5,0.83,132.5,0.83,,,,,,,,,,,,,,,,,,0.0,1,10.0,0.0,0,,,0.0,0.0
13,,,,第1节,17.5,0.83,-17.5,0.83,132.5,0.83,132.5,0.83,,,,,,,,,,,,,,,,,,1.0,1,10.0,0.0,0,,,0.0,0.0
14,,,,第1节,17.5,0.8,-17.5,0.87,132.5,0.83,132.5,0.83,,,,,,,,,,,,,,,,,,1.0,1,10.0,0.0,0,,,0.0,0.0
15,,,,第1节,17.5,0.83,-18.5,0.83,132.5,0.83,132.5,0.83,-18.5,,,,,,,,,,,,,,,,,1.0,1,10.0,0.0,0,,,0.0,0.0
16,,,,第1节,18.5,0.83,-18.5,0.8,132.5,0.83,132.5,0.83,18.5,,,,,,,,,,,,,,,,,1.0,1,10.0,0.0,0,,,0.0,0.0
17,,,,第1节,18.5,0.87,-19.5,0.8,132.5,0.83,132.5,0.83,-19.5,,,,,,,,,,,,,,,,,1.0,1,10.0,0.0,0,,,0.0,0.0
18,,,,第1节,19.5,0.87,-19.5,0.87,132.5,0.83,132.5,0.83,19.5,,,,,,,,,,,,,,,,,1.0,1,10.0,0.0,0,,,0.0,0.0
19,,,,第1节,19.5,0.8,-20.5,0.87,132.5,0.83,132.5,0.83,-20.5,,,,,,,,,,,,,,,,,1.0,1,10.0,0.0,0,,,0.0,0.0
20,,,,第1节,20.5,0.8,-20.5,0.83,132.5,0.83,132.5,0.83,20.5,,,,,,,,,,,,,,,,,1.0,1,10.0,0.0,0,,,0.0,0.0
21,,,,第1节,20.5,0.83,-21.5,0.83,132.5,0.83,132.5,0.83,-21.5,,,,,,,,,,,,,,,,,1.0,1,10.0,0.0,0,,,0.0,0.0
22,,,,第1节,21.5,0.83,-21.5,0.8,132.5,0.83,132.5,0.83,21.5,,,,,,,,,,,,,,,,,1.0,1,10.0,0.0,0,,,0.0,0.0
23,,,,第1节,21.5,0.87,-19.5,0.8,132.5,0.83,132.5,0.83,-19.5,,,,,,,,,,,,,,,,,1.0,1,10.0,0.0,0,,,0.0,0.0
24,,,,第1节,19.5,0.83,-19.5,0.83,132.5,0.83,132.5,0.83,19.5,,,,,,,,,,,,,,,,,1.0,1,10.0,0.0,0,,,0.0,0.0
25,,,,第1节,19.5,0.83,-18.5,0.83,132.5,0.83,132.5,0.83,-18.5,,,,,,,,,,,,,,,,,1.0,1,10.0,0.0,0,,,0.0,0.0
26,,,,第1节,18.5,0.83,-18.5,0.83,132.5,0.83,132.5,0.83,18.5,,,,,,,,,,,,,,,,,1.0,1,10.0,0.0,0,,,0.0,0.0
27,,,,第1节,18.5,0.83,-17.5,0.83,132.5,0.83,132.5,0.83,-17.5,,,,,,,,,,,,,,,,,1.0,1,10.0,0.0,0,,,0.0,0.0
28,,,,第1节,17.5,0.83,-17.5,0.83,132.5,0.83,132.5,0.83,17.5,,,,,,,,,,,,,,,,,1.0,1,10.0,0.0,0,,,0.0,0.0
29,,,,第1节,17.5,0.83,-18.5,0.83,132.5,0.83,132.5,0.83,-18.5,,,,,,,,,,,,,,,,,1.0,1,10.0,0.0,0,,,0.0,0.0
30,,,,第1节,18.5,0.8,-18.5,0.87,132.5,0.83,132.5,0.83,18.5,,,,,,,,,,,,,,,,,1.0,1,10.0,0.0,0,,,0.0,0.0
31,,,,第1节,18.5,0.87,-17.5,0.8,132.5,0.83,132.5,0.83,-17.5,,,,,,,,,,,,,,,,,1.0,1,10.0,0.0,0,,,0.0,0.0
32,,,,第1节,17.5,0.83,-17.5,0.83,132.5,0.83,132.5,0.83,17.5,,,,,,,,,,,,,,,,,1.0,1,10.0,0.0,0,,,0.0,0.0
33,,,,第1节,17.5,0.83,-18.5,0.83,132.5,0.83,132.5,0.83,-18.5,,,,,,,,,,,,,,,,,1.0,1,10.0,0.0,0,,,0.0,0.0
34,,,,第1节,18.5,0.87,-18.5,0.8,132.5,0.83,132.5,0.83,18.5,,,,,,,,,,,,,,,,,0.0,1,10.0,0.0,0,,,0.0,0.0
35,,,,第1节,18.5,0.83,-19.5,0.83,132.5,0.83,132.5,0.83,-19.5,,,,,,,,,,,,,,,,,0.0,1,10.0,0.0,0,,,0.0,0.0
36,,,,第1节,19.5,0.83,-19.5,0.87,132.5,0.83,132.5,0.83,19.5,,,,,,,,,,,,,,,,,0.0,1,10.0,0.0,0,,,0.0,0.0
37,,,,第1节,19.5,0.8,-20.5,0.87,132.5,0.83,132.5,0.83,-20.5,,,,,,,,,,,,,,,,,0.0,1,10.0,0.0,0,,,0.0,0.0
38,,,,第1节,20.5,0.8,-20.5,0.83,132.5,0.83,132.5,0.83,20.5,,,,,,,,,,,,,,,,,0.0,1,10.0,0.0,0,,,0.0,0.0
39,,,,第1节,20.5,0.83,-19.5,0.83,132.5,0.83,132.5,0.83,-19.5,,,,,,,,,,,,,,,,,0.0,1,10.0,0.0,0,,,0.0,0.0
40,,,,第1节,19.5,0.83,-19.5,0.87,132.5,0.83,132.5,0.83,19.5,,,,,,,,,,,,,,,,,0.0,1,10.0,0.0,0,,,0.0,0.0
41,,,,第1节,19.5,0.8,-21.5,0.87,132.5,0.83,132.5,0.83,-21.5,,,,,,,,,,,,,,,,,0.0,1,10.0,0.0,0,,,0.0,0.0
42,,,,第1节,21.5,0.8,-21.5,0.83,132.5,0.83,132.5,0.83,21.5,,,,,,,,,,,,,,,,,0.0,1,10.0,0.0,0,,,0.0,0.0
43,,,,第1节,21.5,0.83,-19.5,0.83,132.5,0.83,132.5,0.83,-19.5,,,,,,,,,,,,,,,,,0.0,1,10.0,0.0,0,,,0.0,0.0
44,,,,第1节,19.5,0.8,-19.5,0.87,132.5,0.83,132.5,0.83,19.5,,,,,,,,,,,,,,,,,0.0,1,10.0,0.0,0,,,0.0,0.0
45,,,,第1节,19.5,0.83,-18.5,0.83,132.5,0.83,132.5,0.83,-18.5,,,,,,,,,,,,,,,,,0.0,1,10.0,0.0,0,,,0.0,0.0
46,,,,第1节,18.5,0.87,-18.5,0.8,132.5,0.83,132.5,0.83,18.5,,,,,,,,,,,,,,,,,0.0,1,10.0,0.0,0,,,0.0,0.0
47,,,,第1节,18.5,0.83,-18.5,0.83,132.5,0.83,132.5,0.83,18.5,,,,,,,,,,,,,,,,,0.0,1,10.0,0.0,0,,,0.0,0.0
48,,,,第1节,18.5,0.8,-20.5,0.87,132.5,0.83,132.5,0.83,-20.5,,,,,,,,,,,,,,,,,0.0,1,10.0,0.0,0,,,0.0,0.0
49,,,,第1节,20.5,0.8,-20.5,0.87,132.5,0.83,132.5,0.83,20.5,,,,,,,,,,,,,,,,,1.0,1,10.0,0.0,0,,,0.0,0.0
50,,,,第1节,20.5,0.83,-16.5,0.83,132.5,0.83,132.5,0.83,-16.5,,,,,,,,,,,,,,,,,1.0,1,10.0,0.0,0,,,0.0,0.0
51,,,,第1节,16.5,0.83,-16.5,0.83,132.5,0.83,132.5,0.83,16.5,,,,,,,,,,,,,,,,,0.0,1,10.0,0.0,0,,,0.0,0.0
52,,,,第1节,16.5,0.83,-15.5,0.83,132.5,0.83,132.5,0.83,-15.5,,,,,,,,,,,,,,,,,0.0,1,10.0,0.0,0,,,0.0,0.0
53,,,,第1节,15.5,0.83,-15.5,0.87,132.5,0.83,132.5,0.83,15.5,,,,,,,,,,,,,,,,,0.0,1,10.0,0.0,0,,,0.0,0.0
54,,,,第1节,15.5,0.8,-13.5,0.87,132.5,0.83,132.5,0.83,-13.5,,,,,,,,,,,,,,,,,0.0,1,10.0,0.0,0,,,0.0,0.0
55,,,,第1节,13.5,0.8,-13.5,0.83,132.5,0.83,132.5,0.83,13.5,,,,,,,,,,,,,,,,,0.0,1,10.0,0.0,0,,,0.0,0.0
56,,,,第1节,13.5,0.83,-14.5,0.83,132.5,0.83,132.5,0.83,-14.5,,,,,,,,,,,,,,,,,0.0,1,10.0,0.0,0,,,0.0,0.0
57,,,,第1节,14.5,0.8,-14.5,0.87,132.5,0.83,132.5,0.83,14.5,,,,,,,,,,,,,,,,,0.0,1,10.0,0.0,0,,,0.0,0.0
58,,,,第1节,14.5,0.8,-13.5,0.87,132.5,0.83,132.5,0.83,-13.5,,,,,,,,,,,,,,,,,0.0,1,10.0,0.0,0,,,0.0,0.0
59,,,,第1节,13.5,0.8,-13.5,0.8,132.5,0.83,132.5,0.83,13.5,,,,,,,,,,,,,,,,,0.0,1,10.0,0.0,0,,,0.0,0.0
60,,,,第1节,13.5,0.87,-12.5,0.8,132.5,0.83,132.5,0.83,-12.5,,,,,,,,,,,,,,,,,0.0,1,10.0,0.0,0,,,0.0,0.0
61,,,,第1节,12.5,0.83,-12.5,0.83,132.5,0.83,132.5,0.83,12.5,,,,,,,,,,,,,,,,,0.0,1,10.0,0.0,0,,,0.0,0.0
62,,,,第1节,12.5,0.8,-12.5,0.87,132.5,0.83,132.5,0.83,12.5,,,,,,,,,,,,,,,,,0.0,1,10.0,0.0,0,,,0.0,0.0
63,,,,第1节,12.5,0.87,-10.5,0.8,132.5,0.83,132.5,0.83,-10.5,,,,,,,,,,,,,,,,,0.0,1,10.0,0.0,0,,,0.0,0.0
64,,,,第1节,10.5,0.87,-10.5,0.87,132.5,0.83,132.5,0.83,10.5,,,,,,,,,,,,,,,,,0.0,1,10.0,0.0,0,,,0.0,0.0
65,,,,第1节,10.5,0.8,-12.5,0.87,132.5,0.83,132.5,0.83,-12.5,,,,,,,,,,,,,,,,,0.0,1,10.0,0.0,0,,,0.0,0.0
66,,,,第1节,12.5,0.8,-12.5,0.83,132.5,0.83,132.5,0.83,12.5,,,,,,,,,,,,,,,,,0.0,1,10.0,0.0,0,,,0.0,0.0
67,,,,第1节,12.5,0.83,-10.5,0.83,132.5,0.83,132.5,0.83,-10.5,,,,,,,,,,,,,,,,,0.0,1,10.0,0.0,0,,,0.0,0.0
68,,,,第1节,10.5,0.83,-10.5,0.83,132.5,0.83,132.5,0.83,10.5,,,,,,,,,,,,,,,,,0.0,1,10.0,0.0,0,,,0.0,0.0
69,,,,第1节,10.5,0.83,-7.5,0.83,132.5,0.83,132.5,0.83,-7.5,,,,,,,,,,,,,,,,,0.0,1,10.0,0.0,0,,,0.0,0.0
70,,,,第1节,7.5,0.83,-7.5,0.83,132.5,0.83,132.5,0.83,7.5,,,,,,,,,,,,,,,,,1.0,1,10.0,0.0,0,,,0.0,0.0
71,,,,第1节,7.5,0.83,-14.5,0.83,132.5,0.83,132.5,0.83,-14.5,,,,,,,,,,,,,,,,,1.0,1,10.0,0.0,0,,,0.0,0.0
72,,,,第1节,14.5,0.83,-14.5,0.8,132.5,0.83,132.5,0.83,14.5,,,,,,,,,,,,,,,,,1.0,1,10.0,0.0,0,,,0.0,0.0
73,,,,第1节,14.5,0.87,-12.5,0.8,132.5,0.83,132.5,0.83,-12.5,,,,,,,,,,,,,,,,,1.0,1,10.0,0.0,0,,,0.0,0.0
74,,,,第1节,12.5,0.8,-12.5,0.87,132.5,0.83,132.5,0.83,12.5,,,,,,,,,,,,,,,,,1.0,1,10.0,0.0,0,,,0.0,0.0
75,,,,第1节,12.5,0.83,-13.5,0.83,132.5,0.83,132.5,0.83,-13.5,,,,,,,,,,,,,,,,,1.0,1,10.0,0.0,0,,,0.0,0.0
76,,,,第1节,13.5,0.83,-13.5,0.83,132.5,0.83,132.5,0.83,13.5,,,,,,,,,,,,,,,,,0.0,1,10.0,0.0,0,,,0.0,0.0
77,,,,第1节,13.5,0.83,-13.5,0.83,132.5,0.83,132.5,0.83,13.5,,,,,,,,,,,,,,,,,0.0,1,10.0,0.0,0,,,0.0,0.0
78,,,,第1节,13.5,0.83,-13.5,0.83,132.5,0.83,132.5,0.83,13.5,,,,,,,,,,,,,,,,,1.0,1,10.0,0.0,0,,,0.0,0.0
79,,,,第1节,13.5,0.83,-12.5,0.83,132.5,0.83,132.5,0.83,-12.5,,,,,,,,,,,,,,,,,1.0,1,10.0,0.0,0,,,0.0,0.0
80,,,,第1节,12.5,0.83,-12.5,0.83,132.5,0.83,132.5,0.83,12.5,,,,,,,,,,,,,,,,,1.0,1,10.0,0.0,0,,,0.0,0.0
81,,,,第1节,12.5,0.83,-13.5,0.83,132.5,0.83,132.5,0.83,-13.5,,,,,,,,,,,,,,,,,1.0,1,10.0,0.0,0,,,0.0,0.0
82,,,,第1节,13.5,0.83,-13.5,0.83,132.5,0.83,132.5,0.83,13.5,,,,,,,,,,,,,,,,,1.0,1,10.0,0.0,0,,,0.0,0.0
83,,,,第1节,13.5,0.83,-11.5,0.83,132.5,0.83,132.5,0.83,-11.5,,,,,,,,,,,,,,,,,1.0,1,10.0,0.0,0,,,0.0,0.0
84,,,,第1节,11.5,0.83,-11.5,0.8,132.5,0.83,132.5,0.83,11.5,,,,,,,,,,,,,,,,,1.0,1,10.0,0.0,0,,,0.0,0.0
85,,,,第1节,11.5,0.87,-10.5,0.8,132.5,0.83,132.5,0.83,-10.5,,,,,,,,,,,,,,,,,1.0,1,10.0,0.0,0,,,0.0,0.0
86,,,,第1节,10.5,0.83,-10.5,0.83,132.5,0.83,132.5,0.83,10.5,,,,,,,,,,,,,,,,,1.0,1,10.0,0.0,0,,,0.0,0.0
87,,,,第1节,10.5,0.83,-8.5,0.83,132.5,0.83,132.5,0.83,-8.5,,,,,,,,,,,,,,,,,1.0,1,10.0,0.0,0,,,0.0,0.0
88,,,,第1节,8.5,0.83,-8.5,0.83,132.5,0.83,132.5,0.83,8.5,,,,,,,,,,,,,,,,,1.0,1,10.0,0.0,0,,,0.0,0.0
89,,,,第1节,8.5,0.83,-10.5,0.83,132.5,0.83,132.5,0.83,-10.5,,,,,,,,,,,,,,,,,1.0,1,10.0,0.0,0,,,0.0,0.0
90,,,,第1节,10.5,0.83,-10.5,0.83,132.5,0.83,132.5,0.83,10.5,,,,,,,,,,,,,,,,,1.0,1,10.0,0.0,0,,,0.0,0.0
91,,,,第1节,10.5,0.83,-9.5,0.83,132.5,0.83,132.5,0.83,-9.5,,,,,,,,,,,,,,,,,1.0,1,10.0,0.0,0,,,0.0,0.0
92,,,,第1节,9.5,0.83,-9.5,0.83,132.5,0.83,132.5,0.83,9.5,,,,,,,,,,,,,,,,,1.0,1,10.0,0.0,0,,,0.0,0.0
93,,,,第1节,9.5,0.83,-8.5,0.83,132.5,0.83,132.5,0.83,-8.5,,,,,,,,,,,,,,,,,1.0,1,10.0,0.0,0,,,0.0,0.0
94,,,,第1节,8.5,0.83,-8.5,0.83,132.5,0.83,132.5,0.83,8.5,,,,,,,,,,,,,,,,,0.0,1,10.0,0.0,0,,,0.0,0.0
95,,,,第1节,8.5,0.87,-6.5,0.8,132.5,0.83,132.5,0.83,-6.5,,,,,,,,,,,,,,,,,0.0,1,10.0,0.0,0,,,0.0,0.0
96,,,,第1节,6.5,0.83,-6.5,0.83,132.5,0.83,132.5,0.83,6.5,,,,,,,,,,,,,,,,,0.0,1,10.0,0.0,0,,,0.0,0.0
97,,,,第1节,6.5,0.83,-7.5,0.83,132.5,0.83,132.5,0.83,-7.5,,,,,,,,,,,,,,,,,0.0,1,10.0,0.0,0,,,0.0,0.0
98,,,,第1节,7.5,0.8,-7.5,0.87,132.5,0.83,132.5,0.83,7.5,,,,,,,,,,,,,,,,,0.0,1,10.0,0.0,0,,,0.0,0.0
99,,,,第1节,7.5,0.87,-5.5,0.8,132.5,0.83,132.5,0.83,-5.5,,,,,,,,,,,,,,,,,0.0,1,10.0,0.0,0,,,0.0,0.0
100,,,,第1节,5.5,0.87,-5.5,0.83,132.5,0.83,132.5,0.83,5.5,,,,,,,,,,,,,,,,,0.0,1,10.0,0.0,0,,,0.0,0.0
101,,,,第1节,5.5,0.83,-3.5,0.83,132.5,0.83,132.5,0.83,-3.5,,,,,,,,,,,,,,,,,0.0,1,10.0,0.0,0,,,0.0,0.0
102,,,,第1节,3.5,0.8,-3.5,0.87,132.5,0.83,132.5,0.83,3.5,,,,,,,,,,,,,,,,,0.0,1,10.0,0.0,0,,,0.0,0.0
103,,,,第1节,3.5,0.83,-3.5,0.83,132.5,0.83,132.5,0.83,3.5,,,,,,,,,,,,,,,,,0.0,1,10.0,0.0,0,,,0.0,0.0
104,,,,第1节,3.5,0.8,-3.5,0.87,132.5,0.83,132.5,0.83,3.5,,,,,,,,,,,,,,,,,0.0,1,10.0,0.0,0,,,0.0,0.0
105,,,,第1节,3.5,0.87,-2.5,0.8,132.5,0.83,132.5,0.83,-2.5,,,,,,,,,,,,,,,,,0.0,1,10.0,0.0,0,,,0.0,0.0
106,,,,第1节,2.5,0.87,-2.5,0.83,132.5,0.83,132.5,0.83,2.5,,,,,,,,,,,,,,,,,0.0,1,10.0,0.0,0,,,0.0,0.0
107,,,,第1节,2.5,0.83,-3.5,0.83,132.5,0.83,132.5,0.83,-3.5,,,,,,,,,,,,,,,,,0.0,1,10.0,0.0,0,,,0.0,0.0
108,,,,第1节,3.5,0.83,-3.5,0.8,132.5,0.83,132.5,0.83,3.5,,,,,,,,,,,,,,,,,0.0,1,10.0,0.0,0,,,0.0,0.0
109,,,,第1节,3.5,0.87,-2.5,0.8,132.5,0.83,132.5,0.83,-2.5,,,,,,,,,,,,,,,,,0.0,1,10.0,0.0,0,,,0.0,0.0
110,,,,第1节,2.5,0.87,-2.5,0.83,132.5,0.83,132.5,0.83,2.5,,,,,,,,,,,,,,,,,0.0,1,10.0,0.0,0,,,0.0,0.0
111,,,,第1节,2.5,0.83,-3.5,0.83,132.5,0.83,132.5,0.83,-3.5,,,,,,,,,,,,,,,,,0.0,1,10.0,0.0,0,,,0.0,0.0
112,,,,第1节,3.5,0.83,-3.5,0.83,132.5,0.83,132.5,0.83,3.5,,,,,,,,,,,,,,,,,0.0,1,10.0,0.0,0,,,0.0,0.0
113,,,,第1节,3.5,0.83,-5.5,0.83,132.5,0.83,132.5,0.83,-5.5,,,,,,,,,,,,,,,,,0.0,1,10.0,0.0,0,,,0.0,0.0
114,,,,第1节,5.5,0.83,-5.5,0.87,132.5,0.83,132.5,0.83,5.5,,,,,,,,,,,,,,,,,0.0,1,10.0,0.0,0,,,0.0,0.0
115,,,,第1节,5.5,0.8,-4.5,0.87,132.5,0.83,132.5,0.83,-4.5,,,,,,,,,,,,,,,,,0.0,1,10.0,0.0,0,,,0.0,0.0
116,,,,第1节,4.5,0.8,-4.5,0.87,132.5,0.83,132.5,0.83,4.5,,,,,,,,,,,,,,,,,1.0,1,10.0,0.0,0,,,0.0,0.0
117,,,,第1节,4.5,0.83,-3.5,0.83,132.5,0.83,132.5,0.83,-3.5,,,,,,,,,,,,,,,,,1.0,1,10.0,0.0,0,,,0.0,0.0
118,,,,第1节,3.5,0.87,-3.5,0.8,132.5,0.83,132.5,0.83,3.5,,,,,,,,,,,,,,,,,1.0,1,10.0,0.0,0,,,0.0,0.0
119,,,,第1节,3.5,0.83,-3.5,0.83,132.5,0.83,132.5,0.83,3.5,,,,,,,,,,,,,,,,,1.0,1,10.0,0.0,0,,,0.0,0.0
120,,,,第1节,3.5,0.8,-2.5,0.87,132.5,0.83,132.5,0.83,-2.5,,,,,,,,,,,,,,,,,1.0,1,10.0,0.0,0,,,0.0,0.0
121,,,,第1节,2.5,0.8,-2.5,0.83,132.5,0.83,132.5,0.83,2.5,,,,,,,,,,,,,,,,,1.0,1,10.0,0.0,0,,,0.0,0.0
122,,,,第1节,2.5,0.83,1.5,0.83,132.5,0.83,132.5,0.83,1.5,,,,,,,,,,,,,,,,,1.0,1,10.0,0.0,0,,,0.0,0.0
123,,,,第1节,-1.5,0.83,1.5,0.87,132.5,0.83,132.5,0.83,-1.5,,,,,,,,,,,,,,,,,1.0,1,10.0,0.0,0,,,0.0,0.0
124,,,,第1节,-1.5,0.8,-2.5,0.87,132.5,0.83,132.5,0.83,-2.5,,,,,,,,,,,,,,,,,1.0,1,10.0,0.0,0,,,0.0,0.0
125,,,,第1节,2.5,0.8,-2.5,0.83,132.5,0.83,132.5,0.83,2.5,,,,,,,,,,,,,,,,,1.0,1,10.0,0.0,0,,,0.0,0.0
126,,,,第1节,2.5,0.83,-3.5,0.83,132.5,0.83,132.5,0.83,-3.5,,,,,,,,,,,,,,,,,1.0,1,10.0,0.0,0,,,0.0,0.0
127,,,,第1节,3.5,0.87,-3.5,0.8,132.5,0.83,132.5,0.83,3.5,,,,,,,,,,,,,,,,,1.0,1,10.0,0.0,0,,,0.0,0.0
128,,,,第1节,3.5,0.83,-3.5,0.83,132.5,0.83,132.5,0.83,3.5,,,,,,,,,,,,,,,,,1.0,1,10.0,0.0,0,,,0.0,0.0
129,,,,第1节,3.5,0.87,-3.5,0.8,132.5,0.83,132.5,0.83,3.5,,,,,,,,,,,,,,,,,1.0,1,10.0,0.0,0,,,0.0,0.0
130,,,,第1节,3.5,0.83,-4.5,0.83,132.5,0.83,132.5,0.83,-4.5,,,,,,,,,,,,,,,,,1.0,1,10.0,0.0,0,,,0.0,0.0
131,,,,第1节,4.5,0.77,-4.5,0.91,132.5,0.83,132.5,0.83,4.5,,,,,,,,,,,,,,,,,1.0,1,10.0,0.0,0,,,0.0,0.0
132,,,,第1节,4.5,0.87,-1.5,0.8,132.5,0.83,132.5,0.83,-1.5,,,,,,,,,,,,,,,,,1.0,1,10.0,0.0,0,,,0.0,0.0
133,,,,第1节,1.5,0.87,-1.5,0.83,132.5,0.83,132.5,0.83,1.5,,,,,,,,,,,,,,,,,1.0,1,10.0,0.0,0,,,0.0,0.0
134,,,,第1节,1.5,0.83,-2.5,0.83,132.5,0.83,132.5,0.83,-2.5,,,,,,,,,,,,,,,,,1.0,1,10.0,0.0,0,,,0.0,0.0
135,,,,第1节,2.5,0.83,-2.5,0.83,132.5,0.83,132.5,0.83,2.5,,,,,,,,,,,,,,,,,1.0,1,10.0,0.0,0,,,0.0,0.0
136,,,,第1节,2.5,0.83,-1.5,0.83,132.5,0.83,132.5,0.83,-1.5,,,,,,,,,,,,,,,,,1.0,1,10.0,0.0,0,,,0.0,0.0
137,,,,第1节,1.5,0.83,-1.5,0.83,132.5,0.83,132.5,0.83,1.5,,,,,,,,,,,,,,,,,0.0,1,10.0,0.0,0,,,0.0,0.0
138,,,,第1节,1.5,0.87,-2.5,0.8,132.5,0.83,132.5,0.83,-2.5,,,,,,,,,,,,,,,,,0.0,1,10.0,0.0,0,,,0.0,0.0
139,,,,第1节,2.5,0.87,-2.5,0.8,132.5,0.83,132.5,0.83,2.5,,,,,,,,,,,,,,,,,1.0,1,10.0,0.0,0,,,0.0,0.0
140,,,,第1节,2.5,0.87,-2.5,0.8,132.5,0.83,132.5,0.83,2.5,,,,,,,,,,,,,,,,,1.0,1,10.0,0.0,0,,,0.0,0.0
141,,,,第1节,2.5,0.87,-2.5,0.8,132.5,0.83,132.5,0.83,2.5,,,,,,,,,,,,,,,,,0.0,1,10.0,0.0,0,,,0.0,0.0
142,,,,第1节,2.5,0.83,-4.5,0.83,132.5,0.83,132.5,0.83,-4.5,,,,,,,,,,,,,,,,,0.0,1,10.0,0.0,0,,,0.0,0.0
143,,,,第1节,4.5,0.83,-4.5,0.83,132.5,0.83,132.5,0.83,4.5,,,,,,,,,,,,,,,,,0.0,1,10.0,0.0,0,,,0.0,0.0
144,,,,第1节,4.5,0.83,-5.5,0.83,132.5,0.83,132.5,0.83,-5.5,,,,,,,,,,,,,,,,,0.0,1,10.0,0.0,0,,,0.0,0.0
145,,,,第1节,5.5,0.83,-5.5,0.83,132.5,0.83,132.5,0.83,5.5,,,,,,,,,,,,,,,,,1.0,1,10.0,0.0,0,,,0.0,0.0
146,,,,第1节,5.5,0.83,-5.5,0.83,132.5,0.83,132.5,0.83,5.5,,,,,,,,,,,,,,,,,1.0,1,10.0,0.0,0,,,0.0,0.0
147,,,,第1节,5.5,0.83,-5.5,0.83,132.5,0.83,132.5,0.83,5.5,,,,,,,,,,,,,,,,,0.0,1,10.0,0.0,0,,,0.0,0.0
148,,,,第1节,5.5,0.83,-5.5,0.83,132.5,0.83,132.5,0.83,5.5,,,,,,,,,,,,,,,,,0.0,1,10.0,0.0,0,,,0.0,0.0
149,,,,第1节,5.5,0.83,-5.5,0.83,132.5,0.83,132.5,0.83,5.5,,,,,,,,,,,,,,,,,1.0,1,10.0,0.0,0,,,0.0,0.0
150,,,,第1节,5.5,0.83,-4.5,0.83,132.5,0.83,132.5,0.83,-4.5,,,,,,,,,,,,,,,,,1.0,1,10.0,0.0,0,,,0.0,0.0
151,,,,第1节,4.5,0.83,-4.5,0.83,132.5,0.83,132.5,0.83,4.5,,,,,,,,,,,,,,,,,1.0,1,10.0,0.0,0,,,0.0,0.0
152,,,,第1节,4.5,0.83,-6.5,0.83,132.5,0.83,132.5,0.83,-6.5,,,,,,,,,,,,,,,,,1.0,1,10.0,0.0,0,,,0.0,0.0
153,,,,第1节,6.5,0.83,-6.5,0.83,132.5,0.83,132.5,0.83,6.5,,,,,,,,,,,,,,,,,0.0,1,10.0,0.0,0,,,0.0,0.0
154,,,,第1节,6.5,0.8,-6.5,0.87,132.5,0.83,132.5,0.83,6.5,,,,,,,,,,,,,,,,,0.0,1,10.0,0.0,0,,,0.0,0.0
155,,,,第1节,6.5,0.83,-8.5,0.83,132.5,0.83,132.5,0.83,-8.5,,,,,,,,,,,,,,,,,0.0,1,10.0,0.0,0,,,0.0,0.0
156,,,,第1节,8.5,0.83,-8.5,0.77,132.5,0.83,132.5,0.83,8.5,,,,,,,,,,,,,,,,,0.0,1,10.0,0.0,0,,,0.0,0.0
157,,,,第1节,8.5,0.91,-7.5,0.77,132.5,0.83,132.5,0.83,-7.5,,,,,,,,,,,,,,,,,0.0,1,10.0,0.0,0,,,0.0,0.0
158,,,,第1节,7.5,0.91,-7.5,0.87,132.5,0.83,132.5,0.83,7.5,,,,,,,,,,,,,,,,,0.0,1,10.0,0.0,0,,,0.0,0.0
159,,,,第1节,7.5,0.8,-9.5,0.87,132.5,0.83,132.5,0.83,-9.5,,,,,,,,,,,,,,,,,0.0,1,10.0,0.0,0,,,0.0,0.0
160,,,,第1节,9.5,0.8,-9.5,0.87,132.5,0.83,132.5,0.83,9.5,,,,,,,,,,,,,,,,,1.0,1,10.0,0.0,0,,,0.0,0.0
161,,,,第1节,9.5,0.8,-9.5,0.87,132.5,0.83,132.5,0.83,9.5,,,,,,,,,,,,,,,,,1.0,1,10.0,0.0,0,,,0.0,0.0
162,,,,第1节,9.5,0.8,-9.5,0.87,132.5,0.83,132.5,0.83,9.5,,,,,,,,,,,,,,,,,0.0,1,10.0,0.0,0,,,0.0,0.0
163,,,,第1节,9.5,0.91,-7.5,0.77,132.5,0.83,132.5,0.83,-7.5,,,,,,,,,,,,,,,,,0.0,1,10.0,0.0,0,,,0.0,0.0
164,,,,第1节,7.5,0.91,-7.5,0.8,132.5,0.83,132.5,0.83,7.5,,,,,,,,,,,,,,,,,0.0,1,10.0,0.0,0,,,0.0,0.0
165,,,,第1节,7.5,0.87,-8.5,0.8,132.5,0.83,132.5,0.83,-8.5,,,,,,,,,,,,,,,,,0.0,1,10.0,0.0,0,,,0.0,0.0
166,,,,第1节,8.5,0.87,-8.5,0.8,132.5,0.83,132.5,0.83,8.5,,,,,,,,,,,,,,,,,0.0,1,10.0,0.0,0,,,0.0,0.0
167,,,,第1节,8.5,0.87,-7.5,0.8,132.5,0.83,132.5,0.83,-7.5,,,,,,,,,,,,,,,,,0.0,1,10.0,0.0,0,,,0.0,0.0
168,,,,第1节,7.5,0.87,-7.5,0.83,132.5,0.83,132.5,0.83,7.5,,,,,,,,,,,,,,,,,0.0,1,10.0,0.0,0,,,0.0,0.0
169,,,,第1节,7.5,0.83,-8.5,0.83,132.5,0.83,132.5,0.83,-8.5,,,,,,,,,,,,,,,,,0.0,1,10.0,0.0,0,,,0.0,0.0
170,,,,第1节,8.5,0.83,-8.5,0.83,132.5,0.83,132.5,0.83,8.5,,,,,,,,,,,,,,,,,0.0,1,10.0,0.0,0,,,0.0,0.0
171,,,,第1节,8.5,0.83,-9.5,0.83,132.5,0.83,132.5,0.83,-9.5,,,,,,,,,,,,,,,,,0.0,1,10.0,0.0,0,,,0.0,0.0
172,,,,第1节,9.5,0.83,-9.5,0.87,132.5,0.83,132.5,0.83,9.5,,,,,,,,,,,,,,,,,0.0,1,10.0,0.0,0,,,0.0,0.0
173,,,,第1节,9.5,0.8,-10.5,0.87,132.5,0.83,132.5,0.83,-10.5,,,,,,,,,,,,,,,,,0.0,1,10.0,0.0,0,,,0.0,0.0
174,,,,第1节,10.5,0.8,-10.5,0.87,132.5,0.83,132.5,0.83,10.5,,,,,,,,,,,,,,,,,0.0,1,10.0,0.0,0,,,0.0,0.0
175,,,,第1节,10.5,0.8,-9.5,0.87,132.5,0.83,132.5,0.83,-9.5,,,,,,,,,,,,,,,,,0.0,1,10.0,0.0,0,,,0.0,0.0
176,,,,第1节,9.5,0.8,-9.5,0.83,132.5,0.83,132.5,0.83,9.5,,,,,,,,,,,,,,,,,0.0,1,10.0,0.0,0,,,0.0,0.0
177,,,,第1节,9.5,0.83,-8.5,0.83,132.5,0.83,132.5,0.83,-8.5,,,,,,,,,,,,,,,,,0.0,1,10.0,0.0,0,,,0.0,0.0
178,,,,第1节,8.5,0.83,-8.5,0.83,132.5,0.83,132.5,0.83,8.5,,,,,,,,,,,,,,,,,0.0,1,10.0,0.0,0,,,0.0,0.0
179,,,,第1节,8.5,0.83,-10.5,0.83,132.5,0.83,132.5,0.83,-10.5,,,,,,,,,,,,,,,,,0.0,1,10.0,0.0,0,,,0.0,0.0
180,,,,第1节,10.5,0.83,-10.5,0.83,132.5,0.83,132.5,0.83,10.5,,,,,,,,,,,,,,,,,0.0,1,10.0,0.0,0,,,0.0,0.0
181,,,,第1节,10.5,0.83,-11.5,0.83,132.5,0.83,132.5,0.83,-11.5,,,,,,,,,,,,,,,,,0.0,1,10.0,0.0,0,,,0.0,0.0
182,,,,第1节,11.5,0.87,-11.5,0.8,132.5,0.83,132.5,0.83,11.5,,,,,,,,,,,,,,,,,1.0,1,10.0,0.0,0,,,0.0,0.0
183,,,,第1节,11.5,0.8,-12.5,0.87,132.5,0.83,132.5,0.83,-12.5,,,,,,,,,,,,,,,,,1.0,1,10.0,0.0,0,,,0.0,0.0
184,,,,第1节,12.5,0.83,-12.5,0.83,132.5,0.83,132.5,0.83,12.5,,,,,,,,,,,,,,,,,0.0,1,10.0,0.0,0,,,0.0,0.0
185,,,,第1节,12.5,0.83,-13.5,0.83,132.5,0.83,132.5,0.83,-13.5,,,,,,,,,,,,,,,,,0.0,1,10.0,0.0,0,,,0.0,0.0
186,,,,第1节,13.5,0.83,-13.5,0.8,132.5,0.83,132.5,0.83,13.5,,,,,,,,,,,,,,,,,0.0,1,10.0,0.0,0,,,0.0,0.0
187,,,,第1节,13.5,0.87,-11.5,0.8,132.5,0.83,132.5,0.83,-11.5,,,,,,,,,,,,,,,,,0.0,1,10.0,0.0,0,,,0.0,0.0
188,,,,第1节,11.5,0.87,-11.5,0.8,132.5,0.83,132.5,0.83,11.5,,,,,,,,,,,,,,,,,0.0,1,10.0,0.0,0,,,0.0,0.0
189,,,,第1节,11.5,0.87,-12.5,0.8,132.5,0.83,132.5,0.83,-12.5,,,,,,,,,,,,,,,,,0.0,1,10.0,0.0,0,,,0.0,0.0
190,,,,第1节,12.5,0.87,-12.5,0.8,132.5,0.83,132.5,0.83,12.5,,,,,,,,,,,,,,,,,0.0,1,10.0,0.0,0,,,0.0,0.0
191,,,,第1节,12.5,0.87,-11.5,0.8,132.5,0.83,132.5,0.83,-11.5,,,,,,,,,,,,,,,,,0.0,1,10.0,0.0,0,,,0.0,0.0
192,,,,第1节,11.5,0.87,-11.5,0.8,132.5,0.83,132.5,0.83,11.5,,,,,,,,,,,,,,,,,0.0,1,10.0,0.0,0,,,0.0,0.0
193,,,,第1节,11.5,0.87,-10.5,0.8,132.5,0.83,132.5,0.83,-10.5,,,,,,,,,,,,,,,,,0.0,1,10.0,0.0,0,,,0.0,0.0
194,,,,第1节,10.5,0.87,-10.5,0.8,132.5,0.83,132.5,0.83,10.5,,,,,,,,,,,,,,,,,0.0,1,10.0,0.0,0,,,0.0,0.0
195,,,,第1节,10.5,0.87,-9.5,0.8,132.5,0.83,132.5,0.83,-9.5,,,,,,,,,,,,,,,,,0.0,1,10.0,0.0,0,,,0.0,0.0
196,,,,第1节,9.5,0.87,-9.5,0.8,132.5,0.83,132.5,0.83,9.5,,,,,,,,,,,,,,,,,0.0,1,10.0,0.0,0,,,0.0,0.0
197,,,,第1节,9.5,0.87,-10.5,0.8,132.5,0.83,132.5,0.83,-10.5,,,,,,,,,,,,,,,,,0.0,1,10.0,0.0,0,,,0.0,0.0
198,,,,第1节,10.5,0.87,-10.5,0.83,132.5,0.83,132.5,0.83,10.5,,,,,,,,,,,,,,,,,0.0,1,10.0,0.0,0,,,0.0,0.0
199,,,,第1节,10.5,0.83,-9.5,0.83,132.5,0.83,132.5,0.83,-9.5,,,,,,,,,,,,,,,,,0.0,1,10.0,0.0,0,,,0.0,0.0
200,,,,第1节,9.5,0.83,-9.5,0.83,132.5,0.83,132.5,0.83,9.5,,,,,,,,,,,,,,,,,0.0,1,10.0,0.0,0,,,0.0,0.0
201,,,,第1节,9.5,0.83,-10.5,0.83,132.5,0.83,132.5,0.83,-10.5,,,,,,,,,,,,,,,,,0.0,1,10.0,0.0,0,,,0.0,0.0
202,,,,第1节,10.5,0.87,-10.5,0.8,132.5,0.83,132.5,0.83,10.5,,,,,,,,,,,,,,,,,1.0,1,10.0,0.0,0,,,0.0,0.0
203,,,,第1节,10.5,0.8,-11.5,0.87,132.5,0.83,132.5,0.83,-11.5,,,,,,,,,,,,,,,,,1.0,1,10.0,0.0,0,,,0.0,0.0
204,,,,第1节,11.5,0.8,-11.5,0.8,132.5,0.83,132.5,0.83,11.5,,,,,,,,,,,,,,,,,1.0,1,10.0,0.0,0,,,0.0,0.0
205,,,,第1节,11.5,0.87,-10.5,0.8,132.5,0.83,132.5,0.83,-10.5,,,,,,,,,,,,,,,,,1.0,1,10.0,0.0,0,,,0.0,0.0
206,,,,第1节,10.5,0.87,-10.5,0.8,132.5,0.83,132.5,0.83,10.5,,,,,,,,,,,,,,,,,1.0,1,10.0,0.0,0,,,0.0,0.0
207,,,,第1节,10.5,0.87,-8.5,0.8,132.5,0.83,132.5,0.83,-8.5,,,,,,,,,,,,,,,,,1.0,1,10.0,0.0,0,,,0.0,0.0
208,,,,第1节,8.5,0.87,-8.5,0.8,132.5,0.83,132.5,0.83,8.5,,,,,,,,,,,,,,,,,0.0,1,10.0,0.0,0,,,0.0,0.0
209,,,,第1节,8.5,0.83,-8.5,0.83,132.5,0.83,132.5,0.83,8.5,,,,,,,,,,,,,,,,,0.0,1,1.0,57.0,0,,,0.0,0.0
210,,,,第1节,8.5,0.83,-7.5,0.83,132.5,0.83,132.5,0.83,-7.5,,,,,,,,,,,,,,,,,0.0,1,1.0,57.0,0,,21077.0,0.0,0.0
211,,,,第1节,7.5,0.83,-7.5,0.83,132.5,0.83,132.5,0.83,7.5,,,,,,,,,,,,,,,,,0.0,1,1.0,53.0,0,,21077.0,0.0,0.0
212,,,,第1节,7.5,0.83,-7.5,0.83,124.5,0.83,124.5,0.83,124.5,,,,,,,,,,,,,,,,,0.0,1,1.0,53.0,0,,21077.0,0.0,0.0
213,,,,第1节,7.5,0.83,-7.5,0.83,124.5,0.83,124.5,0.83,124.5,,,,,,,,,,,,,,,,,0.0,1,1.0,55.0,0,,21077.0,0.0,0.0
214,,,,第1节,7.5,0.83,-7.5,0.83,124.5,0.83,124.5,0.83,124.5,,,,,,,,,,,5.0,,,,,,0.0,1,1.0,55.0,0,,11086.0,0.0,0.0
215,,,,第1节,7.5,0.83,-7.5,0.83,124.5,0.83,124.5,0.83,124.5,,,,,,,,,,,5.0,,,,,,0.0,0.0,1.0,53.0,0,,21077.0,0.0,0.0
216,,,,第1节,7.5,0.83,-7.5,0.83,124.5,0.83,124.5,0.83,124.5,,,,,,,,,,,5.0,,,,,,1.0,0.0,1.0,53.0,0,,21077.0,0.0,0.0
217,,,,第1节,7.5,0.83,-7.5,0.83,124.5,0.83,124.5,0.83,124.5,,,,,,,,,,,5.0,,,,,,1.0,0.0,1.0,53.0,0,,21077.0,0.0,0.0
218,,,,第1节,7.5,0.83,-7.5,0.83,124.5,0.83,124.5,0.83,124.5,,,,,,,,,,,5.0,,,,,,1.0,0.0,1.0,53.0,0,,21077.0,0.0,0.0
219,,,,第1节,7.5,0.83,-7.5,0.83,124.5,0.83,124.5,0.83,124.5,,,,,,,,,,,5.0,,,,,,1.0,0.0,1.0,53.0,0,,21077.0,0.0,0.0
220,,,,第1节,7.5,0.83,-7.5,0.83,124.5,0.83,124.5,0.83,124.5,,,,,,,,,,,5.0,,,,,,1.0,0.0,1.0,53.0,0,,21077.0,0.0,0.0
221,,,,第1节,7.5,0.83,-7.5,0.83,124.5,0.83,124.5,0.83,124.5,,,,,,,,,,,4.0,,,,,,1.0,1.0,1.0,53.0,0,,21077.0,0.0,0.0
222,,,,第1节,7.5,0.83,-7.5,0.83,124.5,0.83,124.5,0.83,124.5,,,,,,,,,,,4.0,,,,,,1.0,1.0,1.0,42.0,0,,11077.0,0.0,0.0
223,,,,第1节,7.5,0.83,-8.5,0.83,124.5,0.83,124.5,0.83,-8.5,,,,,,,,,,,4.0,,,,,,1.0,1.0,1.0,42.0,0,,11077.0,0.0,0.0
224,,,,第1节,8.5,0.83,-8.5,0.83,124.5,0.83,124.5,0.83,8.5,,,,,,,,,,,4.0,,,,,,1.0,1.0,1.0,37.0,0,,11077.0,0.0,0.0
225,,,,第1节,8.5,0.83,-8.5,0.83,124.5,0.83,124.5,0.83,8.5,,,,,,15.0,,,,,4.0,,,,45.0,,1.0,1.0,1.0,37.0,0,,11074.0,0.0,0.0
226,,,,第1节,8.5,0.83,-8.5,0.83,124.5,0.83,124.5,0.83,8.5,,,,,,15.0,,,,,4.0,,,,40.0,45.0,1.0,1.0,1.0,37.0,0,,21077.0,0.0,0.0
227,,,,第1节,8.5,0.83,-9.5,0.83,124.5,0.83,124.5,0.83,-9.5,,,,,,15.0,,,,,4.0,,,,40.0,45.0,1.0,1.0,1.0,37.0,0,,21077.0,0.0,0.0
228,,,,第1节,9.5,0.83,-9.5,0.83,124.5,0.83,125.5,0.83,9.5,,,,,,15.0,,,,,4.0,,,,40.0,45.0,1.0,1.0,1.0,37.0,0,,21077.0,0.0,0.0
229,,,,第1节,9.5,0.83,-9.5,0.83,125.5,0.83,125.5,0.83,125.5,,,,,,15.0,,,,,4.0,,,,40.0,45.0,1.0,1.0,1.0,37.0,0,,21077.0,0.0,0.0
230,,,,第1节,9.5,0.83,-9.5,0.83,125.5,0.83,125.5,0.83,125.5,,,,,,15.0,,,,,4.0,,,,40.0,45.0,0.0,1.0,1.0,37.0,0,,21077.0,0.0,0.0
231,,,,第1节,9.5,0.83,-9.5,0.83,125.5,0.83,125.5,0.83,125.5,,,,,,15.0,,,,,4.0,,,,40.0,45.0,0.0,1.0,1.0,37.0,0,,21077.0,0.0,0.0
232,,,,第1节,9.5,0.83,-9.5,0.83,125.5,0.83,125.5,0.83,125.5,,,,,,15.0,,,,,4.0,,,,40.0,45.0,0.0,1.0,1.0,37.0,0,,21077.0,0.0,0.0
233,,,,第1节,9.5,0.83,-9.5,0.83,125.5,0.83,125.5,0.83,125.5,,,,,,15.0,,,,,4.0,,,,40.0,45.0,0.0,1.0,1.0,37.0,0,,21077.0,0.0,0.0
234,,,,第1节,9.5,0.83,-9.5,0.83,125.5,0.83,125.5,0.83,125.5,,,,,,15.0,,,,,4.0,,,,40.0,45.0,0.0,1.0,1.0,37.0,0,,21077.0,0.0,0.0
235,,,,第1节,9.5,0.83,-9.5,0.83,125.5,0.83,125.5,0.83,125.5,,,,,,15.0,,,,,4.0,6.0,,,40.0,45.0,0.0,1.0,1.0,37.0,0,,21086.0,0.0,0.0
236,,,,第1节,9.5,0.83,-10.5,0.83,125.5,0.83,125.5,0.83,-10.5,,,,,,15.0,,,,,4.0,6.0,,,40.0,45.0,0.0,1.0,1.0,37.0,0,,11077.0,0.0,0.0
237,,,,第1节,10.5,0.77,-10.5,0.91,125.5,0.83,126.5,0.83,10.5,,,,,,15.0,,,,,4.0,6.0,,,40.0,45.0,0.0,1.0,1.0,37.0,0,,11077.0,0.0,0.0
238,,,,第1节,10.5,0.77,-10.5,0.91,126.5,0.83,126.5,0.83,126.5,,,,,,15.0,,,,,4.0,6.0,,,40.0,45.0,0.0,1.0,1.0,37.0,0,,11077.0,0.0,0.0
239,,,,第1节,10.5,0.77,-10.5,0.91,126.5,0.83,126.5,0.83,126.5,,1:1,,,,15.0,,,,,4.0,6.0,,,46.0,45.0,0.0,1.0,1.0,37.0,0,,11078.0,0.0,0.0
240,,,,第1节,10.5,0.77,-10.5,0.91,126.5,0.83,126.5,0.83,126.5,,1:1,,,,15.0,,8.0,,,4.0,6.0,50.0,,46.0,45.0,0.0,1.0,1.0,37.0,0,,11079.0,0.0,0.0
241,,,,第1节,10.5,0.77,-10.5,0.91,126.5,0.83,126.5,0.83,126.5,,,,,,15.0,,8.0,,,4.0,6.0,50.0,,40.0,46.0,0.0,1.0,1.0,37.0,0,,21077.0,0.0,0.0
242,,,,第1节,10.5,0.83,-10.5,0.83,126.5,0.83,126.5,0.83,126.5,,,,,,15.0,,8.0,,,4.0,6.0,50.0,,40.0,46.0,0.0,1.0,1.0,37.0,0,,21077.0,0.0,0.0
243,,,,第1节,10.5,0.8,-10.5,0.87,125.5,0.83,125.5,0.83,125.5,,,,,,15.0,,8.0,,,4.0,6.0,50.0,,40.0,46.0,0.0,1.0,1.0,37.0,0,,21077.0,0.0,0.0
244,,,,第1节,10.5,0.8,-10.5,0.87,125.5,0.83,125.5,0.83,125.5,,,,,,15.0,,8.0,,,4.0,6.0,50.0,,40.0,46.0,0.0,1.0,1.0,16.0,0,,21077.0,0.0,0.0
245,,,,第1节,10.5,0.8,-10.5,0.87,125.5,0.83,125.5,0.83,125.5,,,,,,15.0,13.0,8.0,,,4.0,6.0,50.0,,40.0,42.0,0.0,1.0,1.0,16.0,0,,21074.0,0.0,0.0
246,,,,第1节,10.5,0.8,-10.5,0.87,125.5,0.83,125.5,0.83,125.5,,,,,,15.0,13.0,8.0,,,4.0,6.0,50.0,,42.0,46.0,0.0,1.0,1.0,15.0,0,,11077.0,0.0,0.0
247,,,,第1节,10.5,0.8,-9.5,0.87,125.5,0.83,125.5,0.83,-9.5,,,,,,15.0,13.0,8.0,,,4.0,6.0,50.0,,42.0,46.0,0.0,1.0,1.0,15.0,0,,11077.0,0.0,0.0
248,,,,第1节,9.5,0.8,-9.5,0.87,125.5,0.83,127.5,0.83,9.5,,,,,,15.0,13.0,8.0,,,4.0,6.0,50.0,,42.0,46.0,0.0,1.0,1.0,15.0,0,,11077.0,0.0,0.0
249,,,,第1节,9.5,0.8,-9.5,0.87,127.5,0.83,127.5,0.83,127.5,,,,,,15.0,13.0,8.0,,,4.0,6.0,50.0,,42.0,46.0,0.0,1.0,1.0,15.0,0,,11077.0,0.0,0.0
250,,,,第1节,9.5,0.8,-9.5,0.87,127.5,0.83,127.5,0.83,127.5,,,,,,15.0,13.0,8.0,,,4.0,6.0,50.0,,42.0,46.0,0.0,1.0,0.0,48.0,0,,11077.0,0.0,0.0
251,,,,第1节,9.5,0.8,-8.5,0.87,127.5,0.83,127.5,0.83,-8.5,,,,,,15.0,13.0,8.0,,,4.0,6.0,50.0,,42.0,46.0,0.0,1.0,0.0,48.0,0,,21077.0,0.0,0.0
252,,,,第1节,8.5,0.8,-8.5,0.87,127.5,0.83,125.5,0.83,8.5,,,,,,15.0,13.0,8.0,,,4.0,6.0,50.0,,42.0,46.0,0.0,1.0,0.0,48.0,0,,21077.0,0.0,0.0
253,,,,第1节,8.5,0.8,-8.5,0.87,125.5,0.83,125.5,0.83,125.5,,,,,,15.0,13.0,8.0,,,4.0,6.0,50.0,,42.0,46.0,0.0,1.0,0.0,48.0,0,,21077.0,0.0,0.0
254,,,,第1节,8.5,0.8,-8.5,0.87,125.5,0.83,125.5,0.83,125.5,,,,,,15.0,13.0,8.0,,,4.0,6.0,50.0,,42.0,46.0,0.0,1.0,0.0,48.0,0,,21077.0,0.0,0.0
255,,,,第1节,8.5,0.8,-7.5,0.87,125.5,0.83,125.5,0.83,-7.5,,,,,,15.0,13.0,8.0,,,4.0,6.0,50.0,,42.0,46.0,0.0,1.0,0.0,48.0,0,,21077.0,0.0,0.0
256,,,,第1节,7.5,0.8,-7.5,0.87,125.5,0.83,127.5,0.83,7.5,,,,,,15.0,13.0,8.0,,,4.0,6.0,50.0,,42.0,46.0,0.0,1.0,0.0,48.0,0,,21077.0,0.0,0.0
257,,,,第1节,7.5,0.8,-7.5,0.87,127.5,0.83,127.5,0.83,127.5,,,,,,15.0,13.0,8.0,,,4.0,6.0,50.0,,42.0,46.0,0.0,1.0,0.0,48.0,0,,21077.0,0.0,0.0
258,,,,第1节,7.5,0.8,-7.5,0.87,127.5,0.83,127.5,0.83,127.5,,,,,,15.0,13.0,8.0,,,4.0,6.0,50.0,,42.0,46.0,0.0,1.0,0.0,40.0,0,,21077.0,0.0,0.0
259,,,,第1节,7.5,0.8,-7.5,0.87,127.5,0.83,127.5,0.83,127.5,,,,,,15.0,14.0,8.0,,,4.0,6.0,50.0,,42.0,44.0,0.0,1.0,0.0,40.0,0,,21074.0,0.0,0.0
260,,,,第1节,7.5,0.8,-7.5,0.87,127.5,0.83,127.5,0.83,127.5,,,,,,15.0,14.0,8.0,,,4.0,6.0,50.0,,44.0,46.0,0.0,1.0,0.0,40.0,0,,11077.0,0.0,0.0
261,,,,第1节,7.5,0.8,-7.5,0.87,127.5,0.83,127.5,0.83,127.5,,,,,,15.0,14.0,8.0,,,4.0,6.0,50.0,,44.0,46.0,0.0,1.0,0.0,11.0,0,,11077.0,0.0,0.0
262,,,,第1节,7.5,0.91,-6.5,0.77,127.5,0.83,127.5,0.83,-6.5,,,,,,15.0,14.0,8.0,,,4.0,6.0,50.0,,44.0,46.0,0.0,1.0,0.0,11.0,0,,11077.0,0.0,0.0
263,,,,第1节,6.5,0.91,-6.5,0.77,127.5,0.83,125.5,0.83,6.5,,,,,,15.0,14.0,8.0,,,4.0,6.0,50.0,,44.0,46.0,0.0,1.0,0.0,11.0,0,,11077.0,0.0,0.0
264,,,,第1节,6.5,0.91,-6.5,0.77,125.5,0.83,125.5,0.83,125.5,,,,,,15.0,14.0,8.0,,,4.0,6.0,50.0,,44.0,46.0,0.0,1.0,0.0,11.0,0,,11077.0,0.0,0.0
265,,,,第1节,6.5,0.91,-6.5,0.77,125.5,0.83,125.5,0.83,125.5,,,,,,15.0,14.0,8.0,,,4.0,6.0,50.0,,44.0,46.0,0.0,1.0,0.0,2.0,0,,11077.0,0.0,0.0
266,,,,第1节,6.5,0.91,-6.5,0.77,125.5,0.83,125.5,0.83,125.5,,,,,,15.0,14.0,8.0,,,4.0,6.0,50.0,,44.0,46.0,0.0,1.0,0.0,2.0,0,,11077.0,0.0,0.0
267,,,,第1节,6.5,0.91,-6.5,0.77,125.5,0.83,125.5,0.83,125.5,,,,,,15.0,14.0,8.0,,,4.0,6.0,50.0,,44.0,46.0,0.0,1.0,0.0,1.0,0,,11077.0,0.0,0.0
268,,,,第1节,6.5,0.91,-6.5,0.77,124.5,0.83,124.5,0.83,124.5,,,,,,15.0,14.0,8.0,,,4.0,6.0,50.0,,44.0,46.0,0.0,1.0,0.0,1.0,0,,11077.0,0.0,0.0
269,,,,第1节,6.5,0.91,-6.5,0.77,124.5,0.83,124.5,0.83,124.5,,,,,,15.0,14.0,8.0,,,4.0,6.0,50.0,,44.0,46.0,0.0,1.0,0.0,0.0,0,,11077.0,0.0,0.0
270,,,,第1节,6.5,0.91,-6.5,0.77,124.5,0.83,124.5,0.83,124.5,,3.0,0.0,,,15.0,14.0,8.0,,,0.0,6.0,50.0,,44.0,46.0,0.0,1.0,0.0,0.0,0,,1082.0,0.0,0.0
271,,,,第1节,6.5,0.91,-6.5,0.77,124.5,0.83,124.5,0.83,124.5,,3.0,0.0,,,15.0,14.0,8.0,,,0.0,0.0,50.0,,44.0,46.0,0.0,1.0,10.0,0.0,0,,1082.0,0.0,0.0
272,,,,第4节,6.5,0.91,-6.5,0.77,124.5,0.83,124.5,0.83,124.5,,3.0,0.0,,,15.0,14.0,8.0,,,0.0,0.0,50.0,,44.0,46.0,0.0,1.0,10.0,0.0,0,,1082.0,0.0,0.0
273,,,第4节,第4节,6.5,0.83,-6.5,0.83,124.5,0.83,124.5,0.83,124.5,4.0,,0.0,,,15.0,14.0,8.0,,,0.0,0.0,50.0,,44.0,46.0,0.0,1.0,9.0,34.0,0,,1090.0,0.0,0.0
274,,,第4节,第4节,6.5,0.83,-6.5,0.83,124.5,0.83,124.5,0.83,124.5,4.0,,0.0,,,15.0,14.0,8.0,,,0.0,0.0,50.0,,44.0,46.0,1.0,1.0,9.0,34.0,0,,1090.0,0.0,0.0
275,,,第4节,第4节,6.5,0.83,-6.5,0.83,124.5,0.83,124.5,0.83,124.5,4.0,,0.0,,,15.0,14.0,8.0,,,0.0,0.0,50.0,,44.0,46.0,1.0,1.0,9.0,34.0,0,,1090.0,0.0,0.0
276,,,第4节,第4节,6.5,0.83,-6.5,0.83,124.5,0.83,124.5,0.83,124.5,4.0,,0.0,,,15.0,14.0,8.0,,,0.0,0.0,50.0,,44.0,46.0,1.0,1.0,9.0,34.0,0,,1090.0,0.0,0.0
277,,,第4节,第4节,6.5,0.83,-6.5,0.83,124.5,0.83,124.5,0.83,124.5,4.0,,0.0,,,15.0,14.0,8.0,,,0.0,0.0,50.0,,44.0,46.0,1.0,1.0,9.0,34.0,0,,1090.0,0.0,0.0
278,,,第4节,第4节,6.5,0.83,-6.5,0.83,124.5,0.83,124.5,0.83,124.5,4.0,,0.0,,,15.0,14.0,8.0,,,0.0,0.0,50.0,,44.0,46.0,1.0,1.0,9.0,34.0,0,,1090.0,0.0,0.0
279,,,第4节,第4节,6.5,0.83,-6.5,0.83,124.5,0.83,124.5,0.83,124.5,4.0,,0.0,,,15.0,14.0,8.0,,,0.0,1.0,50.0,,44.0,46.0,1.0,1.0,9.0,34.0,0,,21086.0,0.0,0.0
280,,,第4节,第4节,6.5,0.83,-6.5,0.83,123.5,0.83,123.5,0.83,123.5,4.0,,0.0,,,15.0,14.0,8.0,,,0.0,1.0,50.0,,44.0,46.0,1.0,1.0,9.0,34.0,0,,11077.0,0.0,0.0
281,,,第4节,第4节,6.5,0.83,-6.5,0.83,123.5,0.83,123.5,0.83,123.5,4.0,,0.0,,,15.0,14.0,8.0,,,0.0,1.0,50.0,,44.0,46.0,0.0,1.0,9.0,34.0,0,,11077.0,0.0,0.0
282,,,第4节,第4节,6.5,0.83,-6.5,0.83,123.5,0.83,123.5,0.83,123.5,4.0,,0.0,,,15.0,14.0,8.0,,,0.0,1.0,50.0,,44.0,46.0,0.0,1.0,9.0,34.0,0,,11077.0,0.0,0.0
283,,,第4节,第4节,6.5,0.83,-6.5,0.83,123.5,0.83,123.5,0.83,123.5,4.0,,0.0,,,15.0,14.0,8.0,,,0.0,1.0,50.0,,44.0,46.0,0.0,1.0,9.0,34.0,0,,11077.0,0.0,0.0
284,,,第4节,第4节,6.5,0.83,-6.5,0.83,123.5,0.83,123.5,0.83,123.5,4.0,,0.0,,,15.0,14.0,8.0,,,0.0,1.0,50.0,,44.0,46.0,0.0,1.0,9.0,34.0,0,,11077.0,0.0,0.0
285,,,第4节,第4节,6.5,0.83,-6.5,0.83,123.5,0.83,123.5,0.83,123.5,4.0,,0.0,,,15.0,14.0,8.0,,,0.0,1.0,50.0,,44.0,46.0,0.0,1.0,9.0,34.0,0,,11077.0,0.0,0.0
286,,,第4节,第4节,6.5,0.83,-7.5,0.83,123.5,0.83,123.5,0.83,-7.5,4.0,1:2,0.0,,,15.0,14.0,8.0,,,0.0,1.0,50.0,,44.0,46.0,0.0,1.0,9.0,34.0,0,,11078.0,0.0,0.0
287,,,第4节,第4节,7.5,0.83,-7.5,0.83,123.5,0.83,124.5,0.83,7.5,4.0,1:2,0.0,,,15.0,14.0,8.0,,,0.0,1.0,50.0,,44.0,46.0,0.0,1.0,9.0,34.0,0,,11078.0,0.0,0.0
288,,,第4节,第4节,7.5,0.83,-7.5,0.83,124.5,0.83,124.5,0.83,124.5,4.0,1:2,0.0,,,15.0,14.0,8.0,,,0.0,1.0,50.0,,44.0,46.0,0.0,1.0,9.0,34.0,0,,11078.0,0.0,0.0
289,,,第4节,第4节,7.5,0.83,-7.5,0.83,124.5,0.83,124.5,0.83,124.5,4.0,1:2,0.0,,,15.0,14.0,9.0,,,0.0,1.0,52.9,,47.0,46.0,0.0,1.0,9.0,34.0,0,,11079.0,0.0,0.0
290,,,第4节,第4节,7.5,0.83,-7.5,0.83,124.5,0.83,124.5,0.83,124.5,4.0,2:2,0.0,,,15.0,14.0,9.0,,,0.0,1.0,52.9,,44.0,47.0,0.0,1.0,9.0,34.0,0,,11078.0,0.0,0.0
291,,,第4节,第4节,7.5,0.87,-7.5,0.8,124.5,0.83,124.5,0.83,124.5,4.0,2:2,0.0,,,15.0,14.0,9.0,,,0.0,1.0,50.0,,44.0,47.0,0.0,1.0,9.0,34.0,0,,11080.0,0.0,0.0
292,,,第4节,第4节,7.5,0.87,-7.5,0.8,124.5,0.83,124.5,0.83,124.5,4.0,,0.0,,,15.0,14.0,9.0,,,0.0,1.0,50.0,,44.0,47.0,0.0,1.0,9.0,32.0,0,,21077.0,0.0,0.0
293,,,第4节,第4节,7.5,0.77,-7.5,0.91,123.5,1.0,123.5,0.71,123.5,4.0,,0.0,,,15.0,14.0,9.0,,,0.0,1.0,50.0,,44.0,47.0,0.0,1.0,9.0,32.0,0,,21077.0,0.0,0.0
294,,,第4节,第4节,7.5,0.77,-7.5,0.91,123.5,1.0,123.5,0.71,123.5,4.0,,0.0,,,15.0,14.0,9.0,,,1.0,1.0,50.0,,44.0,47.0,0.0,1.0,9.0,32.0,0,,11086.0,0.0,0.0
295,,,第4节,第4节,7.5,0.77,-7.5,0.91,123.5,1.0,123.5,0.71,123.5,4.0,,0.0,,,15.0,14.0,9.0,,,1.0,1.0,50.0,,44.0,47.0,1.0,1.0,9.0,32.0,0,,21077.0,0.0,0.0
296,,,第4节,第4节,7.5,0.77,-7.5,0.91,123.5,1.0,123.5,0.71,123.5,4.0,,0.0,,,15.0,14.0,9.0,,,1.0,1.0,50.0,,44.0,47.0,1.0,1.0,9.0,32.0,0,,21077.0,0.0,0.0
297,,,第4节,第4节,7.5,0.77,-7.5,0.91,123.5,1.0,123.5,0.71,123.5,4.0,,0.0,,,15.0,14.0,9.0,,,1.0,1.0,50.0,,44.0,47.0,1.0,1.0,9.0,32.0,0,,21077.0,0.0,0.0
298,,,第4节,第4节,7.5,0.77,-7.5,0.91,123.5,1.0,123.5,0.71,123.5,4.0,,0.0,,,15.0,14.0,9.0,,,1.0,1.0,50.0,,44.0,47.0,1.0,1.0,9.0,32.0,0,,21077.0,0.0,0.0
299,,,第4节,第4节,7.5,0.77,-7.5,0.91,123.5,1.0,123.5,0.71,123.5,4.0,,0.0,,,15.0,14.0,9.0,,,1.0,1.0,50.0,,44.0,47.0,1.0,1.0,9.0,32.0,0,,21077.0,0.0,0.0
300,,,第4节,第4节,7.5,0.77,-7.5,0.91,123.5,1.0,123.5,0.71,123.5,4.0,,0.0,,,15.0,14.0,9.0,,,1.0,1.0,50.0,,44.0,47.0,1.0,1.0,9.0,30.0,0,,21077.0,0.0,0.0
301,,,第4节,第4节,7.5,0.77,-7.5,0.91,123.5,0.83,123.5,0.83,123.5,4.0,,0.0,,,15.0,14.0,9.0,,,1.0,1.0,50.0,,44.0,47.0,0.0,1.0,9.0,30.0,0,,21077.0,0.0,0.0
302,,,第4节,第4节,7.5,0.77,-7.5,0.91,123.5,0.83,123.5,0.83,123.5,4.0,,0.0,,,15.0,14.0,9.0,,,1.0,1.0,50.0,,44.0,47.0,0.0,1.0,9.0,30.0,0,,21077.0,0.0,0.0
303,,,第4节,第4节,7.5,0.77,-7.5,0.91,123.5,0.83,123.5,0.83,123.5,4.0,,0.0,,,15.0,14.0,9.0,,,1.0,1.0,50.0,,44.0,47.0,0.0,1.0,9.0,30.0,0,,21077.0,0.0,0.0
304,,,第4节,第4节,7.5,0.77,-7.5,0.91,123.5,0.83,123.5,0.83,123.5,4.0,,0.0,,,15.0,14.0,9.0,,,1.0,1.0,50.0,,44.0,47.0,0.0,1.0,9.0,30.0,0,,21077.0,0.0,0.0
305,,,第4节,第4节,7.5,0.77,-7.5,0.91,123.5,0.83,123.5,0.83,123.5,4.0,,0.0,,,15.0,14.0,9.0,,,1.0,1.0,50.0,,44.0,47.0,0.0,1.0,9.0,30.0,0,,21077.0,0.0,0.0
306,,,第4节,第4节,7.5,0.77,-7.5,0.91,123.5,0.83,123.5,0.83,123.5,4.0,,0.0,,,15.0,14.0,9.0,,,0.0,1.0,50.0,,44.0,47.0,0.0,1.0,9.0,30.0,0,,21077.0,0.0,0.0
307,,,第4节,第4节,7.5,0.77,-7.5,0.91,123.5,0.83,123.5,0.83,123.5,4.0,,0.0,,,15.0,14.0,9.0,,,0.0,1.0,50.0,,44.0,47.0,1.0,1.0,9.0,30.0,0,,21077.0,0.0,0.0
308,,,第4节,第4节,7.5,0.77,-7.5,0.91,123.5,0.83,123.5,0.83,123.5,4.0,,0.0,,,15.0,14.0,9.0,,,0.0,1.0,50.0,,44.0,47.0,1.0,1.0,9.0,30.0,0,,21077.0,0.0,0.0
309,,,第4节,第4节,7.5,0.77,-7.5,0.91,123.5,0.83,123.5,0.83,123.5,4.0,,0.0,,,15.0,14.0,9.0,,,0.0,1.0,50.0,,44.0,47.0,1.0,1.0,9.0,30.0,0,,21077.0,0.0,0.0
310,,,第4节,第4节,7.5,0.77,-7.5,0.91,123.5,0.83,123.5,0.83,123.5,4.0,,0.0,,,15.0,14.0,9.0,,,0.0,1.0,50.0,,44.0,47.0,1.0,1.0,9.0,30.0,0,,21077.0,0.0,0.0
311,,,第4节,第4节,7.5,0.77,-7.5,0.91,123.5,0.83,123.5,0.83,123.5,4.0,,0.0,,,15.0,14.0,9.0,,,0.0,1.0,50.0,,44.0,47.0,1.0,1.0,9.0,30.0,0,,21077.0,0.0,0.0
312,,,第4节,第4节,7.5,0.77,-7.5,0.91,123.5,0.83,123.5,0.83,123.5,4.0,,0.0,,,15.0,14.0,9.0,,,0.0,1.0,50.0,,44.0,47.0,1.0,0.0,9.0,34.0,0,,21077.0,0.0,0.0
313,,,第4节,第4节,7.5,0.77,-7.5,0.91,123.5,0.83,123.5,0.83,123.5,4.0,,0.0,,,15.0,14.0,9.0,,,1.0,1.0,50.0,,44.0,47.0,1.0,0.0,9.0,34.0,0,,11086.0,0.0,0.0
314,,,第4节,第4节,7.5,0.77,-7.5,0.91,123.5,0.83,123.5,0.83,123.5,4.0,,0.0,,,15.0,14.0,9.0,,,1.0,1.0,50.0,,44.0,47.0,1.0,1.0,9.0,25.0,0,,21077.0,0.0,0.0
315,,,第4节,第4节,7.5,0.91,-5.5,0.77,123.5,0.83,123.5,0.83,-5.5,4.0,1:2,0.0,,,15.0,14.0,9.0,,,1.0,1.0,50.0,,44.0,47.0,1.0,1.0,9.0,25.0,0,,21078.0,0.0,0.0
316,,,第4节,第4节,5.5,0.91,-5.5,0.77,123.5,0.83,124.5,0.83,5.5,4.0,1:2,0.0,,,15.0,14.0,9.0,,,1.0,1.0,50.0,,44.0,47.0,1.0,1.0,9.0,25.0,0,,21078.0,0.0,0.0
317,,,第4节,第4节,5.5,0.91,-5.5,0.77,124.5,0.83,124.5,0.83,124.5,4.0,1:2,0.0,,,15.0,14.0,9.0,,,1.0,1.0,50.0,,44.0,47.0,1.0,1.0,9.0,25.0,0,,21078.0,0.0,0.0
318,,,第4节,第4节,5.5,0.91,-5.5,0.77,124.5,0.83,124.5,0.83,124.5,4.0,1:2,0.0,,,15.0,14.0,9.0,,,1.0,1.0,50.0,,44.0,47.0,1.0,1.0,9.0,16.0,0,,21078.0,0.0,0.0
319,,,第4节,第4节,5.5,0.91,-5.5,0.77,124.5,0.83,124.5,0.83,124.5,4.0,1:2,0.0,,,15.0,14.0,9.0,,,1.0,1.0,50.0,50.0,44.0,47.0,1.0,1.0,9.0,16.0,0,,21080.0,0.0,0.0
320,,,第4节,第4节,5.5,0.91,-5.5,0.77,124.5,0.83,124.5,0.83,124.5,4.0,2:2,0.0,,,15.0,14.0,9.0,,,1.0,1.0,50.0,50.0,44.0,47.0,1.0,1.0,9.0,16.0,0,,21078.0,0.0,0.0
321,,,第4节,第4节,5.5,0.91,-5.5,0.77,124.5,0.83,124.5,0.83,124.5,4.0,,0.0,,,15.0,14.0,9.0,,,1.0,1.0,50.0,50.0,44.0,47.0,1.0,0.0,9.0,16.0,0,,21077.0,0.0,0.0
322,,,第4节,第4节,5.5,0.91,-5.5,0.77,124.5,0.83,124.5,0.83,124.5,4.0,2:2,0.0,,,15.0,14.0,9.0,6.0,,1.0,1.0,50.0,54.5,44.0,45.0,1.0,0.0,9.0,16.0,0,,21079.0,0.0,0.0
323,,,第4节,第4节,5.5,0.91,-5.5,0.77,124.5,0.83,124.5,0.83,124.5,4.0,,0.0,,,15.0,14.0,9.0,6.0,,1.0,1.0,50.0,54.5,45.0,47.0,1.0,0.0,9.0,16.0,0,,11077.0,0.0,0.0
324,,,第4节,第4节,5.5,0.91,-5.5,0.77,124.5,0.83,124.5,0.83,124.5,4.0,,0.0,,,15.0,14.0,9.0,6.0,,1.0,1.0,50.0,54.5,45.0,47.0,1.0,1.0,9.0,16.0,0,,11077.0,0.0,0.0
325,,,第4节,第4节,5.5,0.91,-5.5,0.77,124.5,0.83,124.5,0.83,124.5,4.0,,0.0,,,15.0,14.0,9.0,6.0,,1.0,1.0,50.0,54.5,45.0,47.0,1.0,1.0,9.0,14.0,0,,11077.0,0.0,0.0
326,,,第4节,第4节,5.5,0.8,-6.5,0.87,124.5,0.83,124.5,0.83,-6.5,4.0,,0.0,,,15.0,14.0,9.0,6.0,,1.0,1.0,50.0,54.5,45.0,47.0,1.0,1.0,9.0,14.0,0,,11077.0,0.0,0.0
327,,,第4节,第4节,6.5,0.8,-6.5,0.87,124.5,0.71,124.5,1.0,6.5,4.0,,0.0,,,15.0,14.0,9.0,6.0,,1.0,1.0,50.0,54.5,45.0,47.0,1.0,1.0,9.0,11.0,0,,11077.0,0.0,0.0
328,,,第4节,第4节,6.5,0.87,-7.5,0.8,124.5,0.71,124.5,1.0,-7.5,4.0,,0.0,,,15.0,14.0,9.0,6.0,,1.0,1.0,50.0,54.5,45.0,47.0,1.0,1.0,9.0,11.0,0,,11077.0,0.0,0.0
329,,,第4节,第4节,7.5,0.87,-7.5,0.8,124.5,0.71,125.5,0.83,7.5,4.0,,0.0,,,15.0,14.0,9.0,6.0,,1.0,1.0,50.0,54.5,45.0,47.0,1.0,1.0,9.0,11.0,0,,11077.0,0.0,0.0
330,,,第4节,第4节,7.5,0.87,-7.5,0.8,125.5,0.83,125.5,0.83,125.5,4.0,,0.0,,,15.0,14.0,9.0,6.0,,1.0,1.0,50.0,54.5,45.0,47.0,1.0,1.0,9.0,11.0,0,,11077.0,0.0,0.0
331,,,第4节,第4节,7.5,0.87,-7.5,0.8,125.5,0.83,125.5,0.83,125.5,4.0,,0.0,,,15.0,14.0,9.0,6.0,,1.0,1.0,50.0,54.5,45.0,47.0,1.0,1.0,9.0,5.0,0,,11077.0,0.0,0.0
332,,,第4节,第4节,7.5,0.87,-7.5,0.8,125.5,0.83,125.5,0.83,125.5,4.0,,0.0,,,16.0,14.0,9.0,6.0,,1.0,1.0,50.0,54.5,49.0,47.0,1.0,1.0,9.0,5.0,0,,11074.0,0.0,0.0
333,,,第4节,第4节,7.5,0.87,-7.5,0.8,125.5,0.83,125.5,0.83,125.5,4.0,,0.0,,,16.0,14.0,9.0,6.0,,1.0,1.0,50.0,54.5,45.0,49.0,1.0,1.0,9.0,5.0,0,,21077.0,0.0,0.0
334,,,第4节,第4节,7.5,0.87,-7.5,0.8,125.5,0.83,125.5,0.83,125.5,4.0,,0.0,,,16.0,14.0,9.0,6.0,,1.0,1.0,50.0,54.5,45.0,49.0,1.0,0.0,9.0,11.0,0,,21077.0,0.0,0.0
335,,,第4节,第4节,7.5,0.87,-7.5,0.8,125.5,0.83,125.5,0.83,125.5,4.0,,0.0,,,16.0,14.0,9.0,6.0,,1.0,1.0,50.0,54.5,45.0,47.0,1.0,0.0,9.0,11.0,0,,11077.0,0.0,0.0
336,,,第4节,第4节,7.5,0.8,-6.5,0.87,125.5,0.83,125.5,0.83,-6.5,4.0,,0.0,,,16.0,14.0,9.0,6.0,,1.0,1.0,50.0,54.5,45.0,47.0,1.0,0.0,9.0,11.0,0,,11077.0,0.0,0.0
337,,,第4节,第4节,6.5,0.8,-6.5,0.87,125.5,0.83,123.5,0.83,6.5,4.0,,0.0,,,16.0,14.0,9.0,6.0,,1.0,1.0,50.0,54.5,45.0,47.0,1.0,0.0,9.0,11.0,0,,11077.0,0.0,0.0
338,,,第4节,第4节,6.5,0.8,-6.5,0.87,123.5,0.83,123.5,0.83,123.5,4.0,,0.0,,,16.0,14.0,9.0,6.0,,1.0,1.0,50.0,54.5,45.0,47.0,1.0,0.0,9.0,11.0,0,,11077.0,0.0,0.0
339,,,第4节,第4节,6.5,0.8,-6.5,0.87,123.5,0.83,123.5,0.83,123.5,4.0,,0.0,,,16.0,14.0,9.0,6.0,,1.0,1.0,50.0,54.5,45.0,47.0,1.0,1.0,8.0,56.0,0,,11077.0,0.0,0.0
340,,,第4节,第4节,6.5,0.8,-6.5,0.87,123.5,0.83,123.5,0.83,123.5,4.0,,0.0,,,17.0,14.0,9.0,6.0,,1.0,1.0,50.0,54.5,49.0,47.0,1.0,1.0,8.0,56.0,0,,11074.0,0.0,0.0
341,,,第4节,第4节,6.5,0.8,-6.5,0.87,123.5,0.83,123.5,0.83,123.5,4.0,,0.0,,,17.0,14.0,9.0,6.0,,1.0,1.0,50.0,54.5,45.0,49.0,1.0,1.0,8.0,56.0,0,,21077.0,0.0,0.0
342,,,第4节,第4节,6.5,0.83,-7.5,0.83,123.5,0.83,123.5,0.83,-7.5,4.0,,0.0,,,17.0,14.0,9.0,6.0,,1.0,1.0,50.0,54.5,45.0,49.0,1.0,1.0,8.0,56.0,0,,21077.0,0.0,0.0
343,,,第4节,第4节,7.5,0.83,-7.5,0.83,123.5,0.83,124.5,0.71,7.5,4.0,,0.0,,,17.0,14.0,9.0,6.0,,1.0,1.0,50.0,54.5,45.0,49.0,1.0,1.0,8.0,56.0,0,,21077.0,0.0,0.0
344,,,第4节,第4节,7.5,0.83,-7.5,0.83,124.5,1.0,124.5,0.71,124.5,4.0,,0.0,,,17.0,14.0,9.0,6.0,,1.0,1.0,50.0,54.5,45.0,49.0,1.0,1.0,8.0,56.0,0,,21077.0,0.0,0.0
345,,,第4节,第4节,7.5,0.83,-7.5,0.83,124.5,1.0,124.5,0.71,124.5,4.0,,0.0,,,17.0,15.0,9.0,6.0,,1.0,1.0,50.0,54.5,45.0,47.0,1.0,1.0,8.0,56.0,0,,21074.0,0.0,0.0
346,,,第4节,第4节,7.5,0.83,-7.5,0.83,124.5,1.0,124.5,0.71,124.5,4.0,,0.0,,,17.0,15.0,9.0,6.0,,1.0,1.0,50.0,54.5,47.0,49.0,1.0,1.0,8.0,56.0,0,,11077.0,0.0,0.0
347,,,第4节,第4节,7.5,0.8,-6.5,0.87,124.5,1.0,124.5,0.71,-6.5,4.0,,0.0,,,17.0,15.0,9.0,6.0,,1.0,1.0,50.0,54.5,47.0,49.0,1.0,1.0,8.0,56.0,0,,11077.0,0.0,0.0
348,,,第4节,第4节,6.5,0.8,-6.5,0.87,124.5,1.0,126.5,0.83,6.5,4.0,,0.0,,,17.0,15.0,9.0,6.0,,1.0,1.0,50.0,54.5,47.0,49.0,1.0,1.0,8.0,56.0,0,,11077.0,0.0,0.0
349,,,第4节,第4节,6.5,0.8,-6.5,0.87,126.5,0.83,126.5,0.83,126.5,4.0,,0.0,,,17.0,15.0,9.0,6.0,,1.0,1.0,50.0,54.5,47.0,49.0,1.0,1.0,8.0,56.0,0,,11077.0,0.0,0.0
350,,,第4节,第4节,6.5,0.8,-6.5,0.87,126.5,0.83,126.5,0.83,126.5,4.0,,0.0,,,17.0,15.0,9.0,6.0,,1.0,1.0,50.0,54.5,47.0,49.0,1.0,1.0,8.0,48.0,0,,11077.0,0.0,0.0
351,,,第4节,第4节,6.5,0.8,-6.5,0.87,126.5,0.83,126.5,0.83,126.5,4.0,,0.0,,,17.0,15.0,9.0,6.0,,1.0,1.0,50.0,54.5,47.0,49.0,0.0,1.0,8.0,48.0,0,,11077.0,0.0,0.0
352,,,第4节,第4节,6.5,0.8,-6.5,0.87,126.5,0.83,126.5,0.83,126.5,4.0,,0.0,,,17.0,15.0,9.0,6.0,,1.0,1.0,50.0,54.5,47.0,49.0,0.0,1.0,8.0,48.0,0,,11077.0,0.0,0.0
353,,,第4节,第4节,6.5,0.8,-6.5,0.87,126.5,0.83,126.5,0.83,126.5,4.0,,0.0,,,17.0,15.0,9.0,6.0,,1.0,1.0,50.0,54.5,47.0,49.0,0.0,1.0,8.0,48.0,0,,11077.0,0.0,0.0
354,,,第4节,第4节,6.5,0.8,-6.5,0.87,126.5,0.83,126.5,0.83,126.5,4.0,,0.0,,,17.0,15.0,9.0,6.0,,1.0,1.0,50.0,54.5,47.0,49.0,0.0,1.0,8.0,48.0,0,,11077.0,0.0,0.0
355,,,第4节,第4节,6.5,0.8,-6.5,0.87,126.5,0.83,126.5,0.83,126.5,4.0,,0.0,,,17.0,15.0,9.0,6.0,,1.0,1.0,50.0,54.5,47.0,49.0,0.0,1.0,8.0,48.0,0,,11077.0,0.0,0.0
356,,,第4节,第4节,6.5,0.8,-6.5,0.87,126.5,0.83,126.5,0.83,126.5,4.0,,0.0,,,17.0,15.0,9.0,6.0,,1.0,1.0,50.0,54.5,47.0,49.0,0.0,1.0,8.0,29.0,0,,21077.0,0.0,0.0
357,,,第4节,第4节,6.5,0.83,-5.5,0.83,126.5,0.83,126.5,0.83,-5.5,4.0,,0.0,,,17.0,15.0,9.0,6.0,,1.0,1.0,50.0,54.5,47.0,49.0,0.0,1.0,8.0,29.0,0,,21077.0,0.0,0.0
358,,,第4节,第4节,5.5,0.83,-5.5,0.83,126.5,0.83,125.5,0.83,5.5,4.0,,0.0,,,17.0,15.0,9.0,6.0,,1.0,1.0,50.0,54.5,47.0,49.0,0.0,1.0,8.0,29.0,0,,21077.0,0.0,0.0
359,,,第4节,第4节,5.5,0.83,-5.5,0.83,125.5,0.83,125.5,0.83,125.5,4.0,,0.0,,,17.0,15.0,9.0,6.0,,1.0,1.0,50.0,54.5,47.0,49.0,0.0,1.0,8.0,29.0,0,,21077.0,0.0,0.0
360,,,第4节,第4节,5.5,0.83,-5.5,0.83,125.5,0.83,125.5,0.83,125.5,4.0,,0.0,,,17.0,15.0,9.0,6.0,,1.0,1.0,50.0,54.5,47.0,49.0,0.0,1.0,8.0,28.0,0,,21077.0,0.0,0.0
361,,,第4节,第4节,5.5,0.83,-5.5,0.83,125.5,0.83,125.5,0.83,125.5,4.0,,0.0,,,17.0,15.0,9.0,6.0,,2.0,1.0,50.0,54.5,47.0,49.0,0.0,1.0,8.0,28.0,0,,11086.0,0.0,0.0
362,,,第4节,第4节,5.5,0.8,-5.5,0.87,125.5,0.83,125.5,0.83,125.5,4.0,,0.0,,,17.0,15.0,9.0,6.0,,2.0,1.0,50.0,54.5,47.0,49.0,1.0,1.0,8.0,28.0,0,,21077.0,0.0,0.0
363,,,第4节,第4节,5.5,0.8,-5.5,0.87,125.5,0.83,125.5,0.83,125.5,4.0,,0.0,,,17.0,15.0,9.0,6.0,,2.0,1.0,50.0,54.5,47.0,49.0,1.0,1.0,8.0,28.0,0,,21077.0,0.0,0.0
364,,,第4节,第4节,5.5,0.8,-5.5,0.87,125.5,0.83,125.5,0.83,125.5,4.0,,0.0,,,17.0,15.0,9.0,6.0,,2.0,1.0,50.0,54.5,47.0,49.0,1.0,1.0,8.0,28.0,0,,21077.0,0.0,0.0
365,,,第4节,第4节,5.5,0.8,-5.5,0.87,125.5,0.83,125.5,0.83,125.5,4.0,,0.0,,,17.0,15.0,9.0,6.0,,2.0,1.0,50.0,54.5,47.0,49.0,1.0,1.0,8.0,28.0,0,,21077.0,0.0,0.0
366,,,第4节,第4节,5.5,0.8,-5.5,0.87,125.5,0.83,125.5,0.83,125.5,4.0,,0.0,,,17.0,15.0,9.0,6.0,,2.0,1.0,50.0,54.5,47.0,49.0,1.0,1.0,8.0,28.0,0,,21077.0,0.0,0.0
367,,,第4节,第4节,5.5,0.8,-5.5,0.87,125.5,0.83,125.5,0.83,125.5,4.0,,0.0,,,17.0,15.0,9.0,6.0,,2.0,1.0,50.0,54.5,47.0,49.0,1.0,1.0,8.0,28.0,0,,21077.0,0.0,0.0
368,,,第4节,第4节,5.5,0.8,-5.5,0.87,125.5,0.83,125.5,0.83,125.5,4.0,,0.0,,,17.0,15.0,9.0,6.0,,2.0,1.0,50.0,54.5,47.0,49.0,0.0,1.0,8.0,28.0,0,,21077.0,0.0,0.0
369,,,第4节,第4节,5.5,0.8,-5.5,0.87,125.5,0.83,125.5,0.83,125.5,4.0,,0.0,,,17.0,15.0,9.0,6.0,,2.0,1.0,50.0,54.5,47.0,49.0,0.0,1.0,8.0,28.0,0,,21077.0,0.0,0.0
370,,,第4节,第4节,5.5,0.8,-5.5,0.87,125.5,0.83,125.5,0.83,125.5,4.0,,0.0,,,17.0,15.0,9.0,6.0,,2.0,1.0,50.0,54.5,47.0,49.0,0.0,1.0,8.0,28.0,0,,21077.0,0.0,0.0
371,,,第4节,第4节,5.5,0.8,-5.5,0.87,125.5,0.83,125.5,0.83,125.5,4.0,,0.0,,,17.0,15.0,9.0,6.0,,2.0,1.0,50.0,54.5,47.0,49.0,0.0,1.0,8.0,28.0,0,,21077.0,0.0,0.0
372,,,第4节,第4节,5.5,0.8,-5.5,0.87,125.5,0.83,125.5,0.83,125.5,4.0,,0.0,,,17.0,15.0,9.0,6.0,,2.0,1.0,50.0,54.5,47.0,49.0,0.0,1.0,8.0,28.0,0,,21077.0,0.0,0.0
373,,,第4节,第4节,5.5,0.8,-5.5,0.87,125.5,0.83,125.5,0.83,125.5,4.0,,0.0,,,17.0,15.0,9.0,6.0,,2.0,1.0,50.0,54.5,47.0,49.0,0.0,1.0,8.0,17.0,0,,21077.0,0.0,0.0
374,,,第4节,第4节,5.5,0.77,-5.5,0.91,125.5,0.83,125.5,0.83,125.5,4.0,,0.0,,,17.0,16.0,9.0,6.0,,2.0,1.0,50.0,54.5,47.0,49.0,0.0,1.0,8.0,17.0,0,,21074.0,0.0,0.0
375,,,第4节,第4节,5.5,0.77,-5.5,0.91,125.5,0.83,125.5,0.83,125.5,4.0,,0.0,,,17.0,16.0,9.0,6.0,,2.0,1.0,50.0,54.5,49.0,49.0,0.0,1.0,8.0,17.0,0,,11077.0,0.0,0.0
376,,,第4节,第4节,5.5,0.77,-5.5,0.91,125.5,0.83,125.5,0.83,125.5,4.0,,0.0,,,17.0,16.0,9.0,6.0,,2.0,1.0,50.0,54.5,49.0,49.0,0.0,1.0,8.0,16.0,0,,11077.0,0.0,0.0
377,,,第4节,第4节,5.5,0.77,-4.5,0.91,125.5,0.83,125.5,0.83,-4.5,4.0,,0.0,,,17.0,16.0,9.0,6.0,,2.0,1.0,50.0,54.5,49.0,49.0,0.0,1.0,8.0,16.0,0,,11077.0,0.0,0.0
378,,,第4节,第4节,4.5,0.77,-4.5,0.91,125.5,0.83,127.5,0.83,4.5,4.0,,0.0,,,17.0,16.0,9.0,6.0,,2.0,1.0,50.0,54.5,49.0,49.0,0.0,1.0,8.0,16.0,0,,11077.0,0.0,0.0
379,,,第4节,第4节,4.5,0.77,-4.5,0.91,127.5,0.83,127.5,0.83,127.5,4.0,,0.0,,,17.0,16.0,9.0,6.0,,2.0,1.0,50.0,54.5,49.0,49.0,0.0,1.0,8.0,16.0,0,,11077.0,0.0,0.0
380,,,第4节,第4节,4.5,0.77,-4.5,0.91,127.5,0.83,127.5,0.83,127.5,4.0,,0.0,,,17.0,16.0,9.0,6.0,,2.0,1.0,50.0,54.5,49.0,49.0,0.0,1.0,8.0,12.0,0,,11077.0,0.0,0.0
381,,,第4节,第4节,4.5,0.83,-3.5,0.83,127.5,0.83,127.5,0.83,-3.5,4.0,,0.0,,,17.0,16.0,9.0,6.0,,2.0,1.0,50.0,54.5,49.0,49.0,0.0,1.0,8.0,12.0,0,,11077.0,0.0,0.0
382,,,第4节,第4节,3.5,0.83,-3.5,0.83,127.5,0.71,127.5,1.0,3.5,4.0,,0.0,,,17.0,16.0,9.0,6.0,,2.0,1.0,50.0,54.5,49.0,49.0,0.0,1.0,8.0,10.0,0,,21077.0,0.0,0.0
383,,,第4节,第4节,3.5,0.83,-3.5,0.83,127.5,0.71,127.5,1.0,3.5,4.0,,0.0,,,17.0,16.0,9.0,6.0,,2.0,2.0,50.0,54.5,49.0,49.0,0.0,1.0,8.0,10.0,0,,21086.0,0.0,0.0
384,,,第4节,第4节,3.5,0.83,-3.5,0.83,127.5,0.71,127.5,1.0,3.5,4.0,,0.0,,,17.0,16.0,9.0,6.0,,2.0,2.0,50.0,54.5,49.0,49.0,1.0,1.0,8.0,10.0,0,,11077.0,0.0,0.0
385,,,第4节,第4节,3.5,0.83,-3.5,0.83,127.5,0.71,127.5,1.0,3.5,4.0,,0.0,,,17.0,16.0,9.0,6.0,,2.0,2.0,50.0,54.5,49.0,49.0,1.0,1.0,8.0,10.0,0,,11077.0,0.0,0.0
386,,,第4节,第4节,3.5,0.83,-3.5,0.83,127.5,0.71,127.5,1.0,3.5,4.0,,0.0,,,17.0,16.0,9.0,6.0,,2.0,2.0,50.0,54.5,49.0,49.0,1.0,1.0,8.0,10.0,0,,11077.0,0.0,0.0
387,,,第4节,第4节,3.5,0.83,-3.5,0.83,127.5,0.71,127.5,1.0,3.5,4.0,,0.0,,,17.0,16.0,9.0,6.0,,2.0,2.0,50.0,54.5,49.0,49.0,1.0,1.0,8.0,10.0,0,,11077.0,0.0,0.0
388,,,第4节,第4节,3.5,0.83,-3.5,0.83,127.5,0.71,127.5,1.0,3.5,4.0,,0.0,,,17.0,16.0,9.0,6.0,,2.0,2.0,50.0,54.5,49.0,49.0,1.0,1.0,8.0,10.0,0,,11077.0,0.0,0.0
389,,,第4节,第4节,3.5,0.8,-4.5,0.87,127.5,0.71,127.5,1.0,-4.5,4.0,,0.0,,,17.0,16.0,9.0,6.0,,2.0,2.0,50.0,54.5,49.0,49.0,1.0,1.0,8.0,10.0,0,,11077.0,0.0,0.0
390,,,第4节,第4节,4.5,0.8,-4.5,0.87,127.5,0.83,127.5,0.83,4.5,4.0,,0.0,,,17.0,16.0,9.0,6.0,,2.0,2.0,50.0,54.5,49.0,49.0,0.0,1.0,8.0,10.0,0,,11077.0,0.0,0.0
391,,,第4节,第4节,4.5,0.8,-4.5,0.87,127.5,0.83,127.5,0.83,4.5,4.0,,0.0,,,17.0,16.0,9.0,6.0,,2.0,2.0,50.0,54.5,49.0,49.0,0.0,1.0,8.0,10.0,0,,11077.0,0.0,0.0
392,,,第4节,第4节,4.5,0.8,-4.5,0.87,127.5,0.83,127.5,0.83,4.5,4.0,,0.0,,,17.0,16.0,9.0,6.0,,2.0,2.0,50.0,54.5,49.0,49.0,0.0,1.0,8.0,10.0,0,,11077.0,0.0,0.0
393,,,第4节,第4节,4.5,0.8,-4.5,0.87,127.5,0.83,127.5,0.83,4.5,4.0,,0.0,,,17.0,16.0,9.0,6.0,,2.0,2.0,50.0,54.5,49.0,49.0,0.0,1.0,8.0,10.0,0,,11077.0,0.0,0.0
394,,,第4节,第4节,4.5,0.8,-4.5,0.87,127.5,0.83,127.5,0.83,4.5,4.0,,0.0,,,17.0,16.0,9.0,6.0,,2.0,2.0,50.0,54.5,49.0,49.0,0.0,1.0,8.0,10.0,0,,11077.0,0.0,0.0
395,,,第4节,第4节,4.5,0.8,-4.5,0.87,127.5,0.83,127.5,0.83,4.5,4.0,,0.0,,,17.0,16.0,9.0,6.0,,2.0,2.0,50.0,54.5,49.0,49.0,0.0,1.0,7.0,53.0,0,,11077.0,0.0,0.0
396,,,第4节,第4节,4.5,0.8,-4.5,0.87,126.5,0.71,126.5,1.0,126.5,4.0,,0.0,,,17.0,16.0,9.0,6.0,,2.0,2.0,50.0,54.5,49.0,49.0,0.0,1.0,7.0,53.0,0,,11077.0,0.0,0.0
397,,,第4节,第4节,4.5,0.8,-4.5,0.87,126.5,0.71,126.5,1.0,126.5,4.0,,0.0,,,17.0,16.0,9.0,6.0,,2.0,2.0,50.0,54.5,49.0,49.0,0.0,1.0,7.0,49.0,0,,11077.0,0.0,0.0
398,,,第4节,第4节,4.5,0.8,-4.5,0.87,126.5,0.71,126.5,1.0,126.5,4.0,,0.0,,,17.0,16.0,9.0,6.0,,2.0,3.0,50.0,54.5,49.0,49.0,0.0,1.0,7.0,49.0,0,,21086.0,0.0,0.0
399,,,第4节,第4节,4.5,0.8,-4.5,0.87,126.5,0.71,126.5,1.0,126.5,4.0,,0.0,,,17.0,16.0,9.0,6.0,,2.0,3.0,50.0,54.5,49.0,49.0,1.0,1.0,7.0,49.0,0,,11077.0,0.0,0.0
400,,,第4节,第4节,4.5,0.8,-4.5,0.87,126.5,0.71,126.5,1.0,126.5,4.0,,0.0,,,17.0,16.0,9.0,6.0,,2.0,3.0,50.0,54.5,49.0,49.0,1.0,1.0,7.0,49.0,0,,11077.0,0.0,0.0
401,,,第4节,第4节,4.5,0.8,-4.5,0.87,126.5,0.71,126.5,1.0,126.5,4.0,,0.0,,,17.0,16.0,9.0,6.0,,2.0,3.0,50.0,54.5,49.0,49.0,1.0,1.0,7.0,49.0,0,,11077.0,0.0,0.0
402,,,第4节,第4节,4.5,0.8,-4.5,0.87,126.5,0.71,126.5,1.0,126.5,4.0,,0.0,,,17.0,16.0,9.0,6.0,,2.0,3.0,50.0,54.5,49.0,49.0,1.0,1.0,7.0,49.0,0,,11077.0,0.0,0.0
403,,,第4节,第4节,4.5,0.8,-4.5,0.87,126.5,0.71,126.5,1.0,126.5,4.0,,0.0,,,17.0,16.0,9.0,6.0,,2.0,3.0,50.0,54.5,49.0,49.0,1.0,1.0,7.0,49.0,0,,11077.0,0.0,0.0
404,,,第4节,第4节,4.5,0.87,-4.5,0.8,126.5,0.83,126.5,0.83,126.5,4.0,,0.0,,,17.0,16.0,9.0,6.0,,2.0,3.0,50.0,54.5,49.0,49.0,1.0,1.0,7.0,49.0,0,,11077.0,0.0,0.0
405,,,第4节,第4节,4.5,0.87,-4.5,0.8,126.5,0.83,126.5,0.83,126.5,4.0,,0.0,,,17.0,16.0,9.0,6.0,,2.0,3.0,50.0,54.5,49.0,49.0,0.0,1.0,7.0,49.0,0,,11077.0,0.0,0.0
406,,,第4节,第4节,4.5,0.87,-4.5,0.8,126.5,0.83,126.5,0.83,126.5,4.0,,0.0,,,17.0,16.0,9.0,6.0,,2.0,3.0,50.0,54.5,49.0,49.0,0.0,1.0,7.0,49.0,0,,11077.0,0.0,0.0
407,,,第4节,第4节,4.5,0.87,-4.5,0.8,126.5,0.83,126.5,0.83,126.5,4.0,,0.0,,,17.0,16.0,9.0,6.0,,2.0,3.0,50.0,54.5,49.0,49.0,0.0,1.0,7.0,49.0,0,,11077.0,0.0,0.0
408,,,第4节,第4节,4.5,0.87,-4.5,0.8,126.5,0.83,126.5,0.83,126.5,4.0,,0.0,,,17.0,16.0,9.0,6.0,,2.0,3.0,50.0,54.5,49.0,49.0,0.0,1.0,7.0,49.0,0,,11077.0,0.0,0.0
409,,,第4节,第4节,4.5,0.87,-4.5,0.8,126.5,0.83,126.5,0.83,126.5,4.0,,0.0,,,17.0,16.0,9.0,6.0,,2.0,3.0,50.0,54.5,49.0,49.0,0.0,1.0,7.0,49.0,0,,11077.0,0.0,0.0
410,,,第4节,第4节,4.5,0.87,-4.5,0.8,126.5,0.83,126.5,0.83,126.5,4.0,,0.0,,,17.0,16.0,9.0,6.0,,2.0,3.0,50.0,54.5,49.0,49.0,0.0,1.0,7.0,28.0,0,,11077.0,0.0,0.0
411,,,第4节,第4节,4.5,0.87,-3.5,0.8,126.5,0.83,126.5,0.83,-3.5,4.0,,0.0,,,17.0,16.0,9.0,6.0,,2.0,3.0,50.0,54.5,49.0,49.0,0.0,1.0,7.0,28.0,0,,21077.0,0.0,0.0
412,,,第4节,第4节,3.5,0.87,-3.5,0.8,126.5,0.83,124.5,0.83,3.5,4.0,,0.0,,,17.0,16.0,9.0,6.0,,2.0,3.0,50.0,54.5,49.0,49.0,0.0,1.0,7.0,28.0,0,,21077.0,0.0,0.0
413,,,第4节,第4节,3.5,0.87,-3.5,0.8,124.5,0.83,124.5,0.83,124.5,4.0,,0.0,,,17.0,16.0,9.0,6.0,,2.0,3.0,50.0,54.5,49.0,49.0,0.0,1.0,7.0,28.0,0,,21077.0,0.0,0.0
414,,,第4节,第4节,3.5,0.87,-3.5,0.8,124.5,0.83,124.5,0.83,124.5,4.0,,0.0,,,17.0,16.0,9.0,6.0,,2.0,3.0,50.0,54.5,49.0,49.0,0.0,1.0,7.0,14.0,0,,11077.0,0.0,0.0
415,,,第4节,第4节,3.5,0.83,-4.5,0.83,124.5,0.83,124.5,0.83,-4.5,4.0,,0.0,,,17.0,16.0,9.0,6.0,,2.0,3.0,50.0,54.5,49.0,49.0,0.0,1.0,7.0,14.0,0,,11077.0,0.0,0.0
416,,,第4节,第4节,4.5,0.83,-4.5,0.83,124.5,0.83,123.5,0.71,4.5,4.0,,0.0,,,17.0,16.0,9.0,6.0,,2.0,3.0,50.0,54.5,49.0,49.0,0.0,1.0,7.0,14.0,0,,11077.0,0.0,0.0
417,,,第4节,第4节,4.5,0.83,-4.5,0.83,123.5,1.0,123.5,0.71,123.5,4.0,,0.0,,,17.0,16.0,9.0,6.0,,2.0,3.0,50.0,54.5,49.0,49.0,0.0,1.0,7.0,14.0,0,,11077.0,0.0,0.0
418,,,第4节,第4节,4.5,0.83,-4.5,0.83,123.5,1.0,123.5,0.71,123.5,4.0,,0.0,,,17.0,16.0,9.0,6.0,,2.0,3.0,50.0,54.5,49.0,49.0,0.0,1.0,7.0,7.0,0,,11077.0,0.0,0.0
419,,,第4节,第4节,4.5,0.83,-4.5,0.83,123.5,1.0,123.5,0.71,123.5,4.0,,0.0,,,17.0,16.0,9.0,6.0,,3.0,3.0,50.0,54.5,49.0,49.0,0.0,1.0,7.0,7.0,0,,11086.0,0.0,0.0
420,,,第4节,第4节,4.5,0.77,-3.5,0.91,123.5,1.0,123.5,0.71,-3.5,4.0,,0.0,,,17.0,16.0,9.0,6.0,,3.0,3.0,50.0,54.5,49.0,49.0,1.0,1.0,7.0,7.0,0,,21077.0,0.0,0.0
421,,,第4节,第4节,3.5,0.77,-3.5,0.91,123.5,1.0,123.5,0.71,3.5,4.0,,0.0,,,17.0,16.0,9.0,6.0,,3.0,3.0,50.0,54.5,49.0,49.0,1.0,1.0,7.0,7.0,0,,21077.0,0.0,0.0
422,,,第4节,第4节,3.5,0.77,-3.5,0.91,123.5,1.0,123.5,0.71,3.5,4.0,,0.0,,,17.0,16.0,9.0,6.0,,3.0,3.0,50.0,54.5,49.0,49.0,1.0,1.0,7.0,7.0,0,,21077.0,0.0,0.0
423,,,第4节,第4节,3.5,0.77,-3.5,0.91,123.5,1.0,123.5,0.71,3.5,4.0,,0.0,,,17.0,16.0,9.0,6.0,,3.0,3.0,50.0,54.5,49.0,49.0,1.0,1.0,7.0,7.0,0,,21077.0,0.0,0.0
424,,,第4节,第4节,3.5,0.77,-3.5,0.91,123.5,1.0,123.5,0.71,3.5,4.0,,0.0,,,17.0,16.0,9.0,6.0,,3.0,3.0,50.0,54.5,49.0,49.0,1.0,1.0,7.0,7.0,0,,21077.0,0.0,0.0
425,,,第4节,第4节,3.5,0.77,-3.5,0.91,124.5,0.71,124.5,1.0,124.5,4.0,,0.0,,,17.0,16.0,9.0,6.0,,3.0,3.0,50.0,54.5,49.0,49.0,1.0,1.0,7.0,7.0,0,,21077.0,0.0,0.0
426,,,第4节,第4节,3.5,0.77,-3.5,0.91,124.5,0.71,124.5,1.0,124.5,4.0,,0.0,,,17.0,16.0,9.0,6.0,,3.0,3.0,50.0,54.5,49.0,49.0,0.0,1.0,7.0,7.0,0,,21077.0,1.75,0.0
427,,,第4节,第4节,3.5,0.77,-3.5,0.91,124.5,0.71,124.5,1.0,124.5,4.0,,0.0,,,17.0,16.0,9.0,6.0,,3.0,3.0,50.0,54.5,49.0,49.0,0.0,1.0,7.0,7.0,0,,21077.0,1.75,0.0
428,,,第4节,第4节,3.5,0.77,-3.5,0.91,124.5,0.71,124.5,1.0,124.5,4.0,,0.0,,,17.0,16.0,9.0,6.0,,3.0,3.0,50.0,54.5,49.0,49.0,0.0,1.0,7.0,7.0,0,,21077.0,1.75,0.0
429,,,第4节,第4节,3.5,0.77,-3.5,0.91,124.5,0.71,124.5,1.0,124.5,4.0,,0.0,,,17.0,16.0,9.0,6.0,,3.0,3.0,50.0,54.5,49.0,49.0,0.0,1.0,7.0,7.0,0,,21077.0,1.75,0.0
430,,,第4节,第4节,3.5,0.77,-3.5,0.91,124.5,0.71,124.5,1.0,124.5,4.0,,0.0,,,17.0,16.0,9.0,6.0,,3.0,3.0,50.0,54.5,49.0,49.0,0.0,1.0,7.0,7.0,0,,21077.0,1.75,0.0
431,,,第4节,第4节,3.5,0.77,-3.5,0.91,124.5,0.71,124.5,1.0,124.5,4.0,,0.0,,,17.0,16.0,9.0,6.0,,3.0,3.0,50.0,54.5,49.0,49.0,0.0,1.0,6.0,55.0,0,,21077.0,1.75,0.0
432,,,第4节,第4节,3.5,0.91,-3.5,0.77,123.5,0.83,123.5,0.83,123.5,4.0,,0.0,,,17.0,16.0,9.0,6.0,,3.0,3.0,50.0,54.5,49.0,49.0,0.0,1.0,6.0,55.0,0,,11077.0,1.75,0.0
433,,,第4节,第4节,3.5,0.91,-3.5,0.77,123.5,0.83,123.5,0.83,123.5,4.0,,0.0,,,17.0,16.0,9.0,6.0,,3.0,3.0,50.0,54.5,49.0,49.0,0.0,1.0,6.0,55.0,0,,21077.0,0.0,0.0
434,,,第4节,第4节,3.5,0.91,-2.5,0.77,123.5,0.83,123.5,0.83,-2.5,4.0,,0.0,,,17.0,16.0,9.0,6.0,,3.0,3.0,50.0,54.5,49.0,49.0,0.0,1.0,6.0,55.0,0,,21077.0,0.0,0.0
435,,,第4节,第4节,2.5,0.91,-2.5,0.77,123.5,0.83,122.5,0.83,2.5,4.0,,0.0,,,17.0,16.0,9.0,6.0,,3.0,3.0,50.0,54.5,49.0,49.0,0.0,1.0,6.0,55.0,0,,21077.0,0.0,0.0
436,,,第4节,第4节,2.5,0.91,-2.5,0.77,122.5,0.83,122.5,0.83,122.5,4.0,,0.0,,,17.0,16.0,9.0,6.0,,3.0,3.0,50.0,54.5,49.0,49.0,0.0,1.0,6.0,55.0,0,,21077.0,0.0,0.0
437,,,第4节,第4节,2.5,0.91,-2.5,0.77,122.5,0.83,122.5,0.83,122.5,4.0,,0.0,,,17.0,16.0,9.0,6.0,,3.0,3.0,50.0,54.5,49.0,49.0,0.0,1.0,6.0,45.0,0,,21077.0,0.0,0.0
438,,,第4节,第4节,2.5,0.91,-2.5,0.77,122.5,0.83,122.5,0.83,122.5,4.0,,0.0,,,17.0,16.0,9.0,6.0,,3.0,3.0,50.0,54.5,49.0,49.0,0.0,1.0,6.0,45.0,0,,21077.0,1.7,0.0
439,,,第4节,第4节,2.5,0.91,-2.5,0.77,122.5,0.83,122.5,0.83,122.5,4.0,,0.0,,,17.0,16.0,9.0,6.0,,3.0,3.0,50.0,54.5,49.0,49.0,0.0,1.0,6.0,37.0,0,,21077.0,1.7,0.0
440,,,第4节,第4节,2.5,0.91,-2.5,0.77,122.5,0.83,122.5,0.83,122.5,4.0,,0.0,,,17.0,16.0,9.0,6.0,,3.0,3.0,50.0,54.5,49.0,49.0,0.0,1.0,6.0,37.0,0,,21077.0,1.7,0.0
441,,,第4节,第4节,2.5,0.91,-2.5,0.77,122.5,0.83,122.5,0.83,122.5,4.0,,0.0,,,17.0,16.0,9.0,6.0,,3.0,3.0,50.0,54.5,49.0,49.0,0.0,1.0,6.0,33.0,0,,21077.0,1.7,0.0
442,,,第4节,第4节,2.5,0.91,-2.5,0.77,122.5,0.83,122.5,0.83,122.5,4.0,,1.0,,,17.0,16.0,9.0,6.0,,4.0,3.0,50.0,54.5,49.0,49.0,0.0,1.0,6.0,33.0,0,,11086.0,1.7,0.0
443,,,第4节,第4节,2.5,0.91,-2.5,0.77,122.5,0.83,122.5,0.83,122.5,4.0,,1.0,,,17.0,16.0,9.0,6.0,,4.0,3.0,50.0,54.5,49.0,49.0,1.0,1.0,6.0,33.0,0,,21077.0,1.7,0.0
444,,,第4节,第4节,2.5,0.91,-2.5,0.77,122.5,0.83,122.5,0.83,122.5,4.0,,1.0,,,17.0,16.0,9.0,6.0,,4.0,3.0,50.0,54.5,49.0,49.0,1.0,1.0,6.0,33.0,0,,21077.0,1.7,0.0
445,,,第4节,第4节,2.5,0.91,-2.5,0.77,122.5,0.83,122.5,0.83,122.5,4.0,,1.0,,,17.0,16.0,9.0,6.0,,4.0,3.0,50.0,54.5,49.0,49.0,1.0,1.0,6.0,33.0,0,,21077.0,1.7,0.0
446,,,第4节,第4节,2.5,0.91,-2.5,0.77,122.5,0.83,122.5,0.83,122.5,4.0,,1.0,,,17.0,16.0,9.0,6.0,,4.0,3.0,50.0,54.5,49.0,49.0,1.0,1.0,6.0,33.0,0,,21077.0,1.7,0.0
447,,,第4节,第4节,2.5,0.91,-2.5,0.77,122.5,0.83,122.5,0.83,122.5,4.0,,1.0,,,17.0,16.0,9.0,6.0,,4.0,3.0,50.0,54.5,49.0,49.0,1.0,1.0,6.0,33.0,0,,21077.0,1.7,0.0
448,,,第4节,第4节,2.5,0.77,-2.5,0.91,122.5,0.83,122.5,0.83,122.5,4.0,,1.0,,,17.0,16.0,9.0,6.0,,4.0,3.0,50.0,54.5,49.0,49.0,1.0,1.0,6.0,33.0,0,,21077.0,1.3,0.56
449,,,第4节,第4节,2.5,0.77,-2.5,0.91,122.5,0.83,122.5,0.83,122.5,4.0,,1.0,,,17.0,16.0,9.0,6.0,,4.0,3.0,50.0,54.5,49.0,49.0,0.0,1.0,6.0,33.0,0,,21077.0,1.3,0.56
450,,,第4节,第4节,2.5,0.77,-2.5,0.91,122.5,0.83,122.5,0.83,122.5,4.0,,1.0,,,17.0,16.0,9.0,6.0,,4.0,3.0,50.0,54.5,49.0,49.0,0.0,1.0,6.0,33.0,0,,21077.0,1.3,0.56
451,,,第4节,第4节,2.5,0.77,-2.5,0.91,122.5,0.83,122.5,0.83,122.5,4.0,,1.0,,,17.0,16.0,9.0,6.0,,4.0,3.0,50.0,54.5,49.0,49.0,0.0,1.0,6.0,33.0,0,,21077.0,1.3,0.56
452,,,第4节,第4节,2.5,0.77,-2.5,0.91,122.5,0.83,122.5,0.83,122.5,4.0,,1.0,,,17.0,16.0,9.0,6.0,,4.0,3.0,50.0,54.5,49.0,49.0,0.0,1.0,6.0,33.0,0,,21077.0,1.3,0.56
453,,,第4节,第4节,2.5,0.77,-2.5,0.91,122.5,0.83,122.5,0.83,122.5,4.0,,1.0,,,17.0,16.0,9.0,6.0,,4.0,3.0,50.0,54.5,49.0,49.0,0.0,1.0,6.0,33.0,0,,21077.0,1.3,0.56
454,,,第4节,第4节,2.5,0.87,-1.5,0.8,122.5,0.83,122.5,0.83,-1.5,4.0,1:2,1.0,,,17.0,16.0,9.0,6.0,,4.0,3.0,50.0,54.5,49.0,49.0,0.0,1.0,6.0,33.0,0,,21078.0,1.3,0.56
455,,,第4节,第4节,1.5,0.87,-1.5,0.8,122.5,0.83,123.5,0.83,1.5,4.0,1:2,1.0,,,17.0,16.0,9.0,6.0,,4.0,3.0,50.0,54.5,49.0,49.0,0.0,1.0,6.0,33.0,0,,21078.0,1.3,0.56
456,,,第4节,第4节,1.5,0.87,-1.5,0.8,123.5,0.83,123.5,0.83,123.5,4.0,1:2,1.0,,,17.0,16.0,9.0,6.0,,4.0,3.0,50.0,54.5,49.0,49.0,0.0,1.0,6.0,33.0,0,,21078.0,1.3,0.56
457,,,第4节,第4节,1.5,0.87,-1.5,0.8,123.5,0.83,123.5,0.83,123.5,4.0,1:2,1.0,,,17.0,16.0,9.0,7.0,,4.0,3.0,50.0,58.3,49.0,50.0,0.0,1.0,6.0,33.0,0,,21079.0,1.25,0.0
458,,,第4节,第4节,1.5,0.87,-1.5,0.8,123.5,0.83,123.5,0.83,123.5,4.0,2:2,1.0,,,17.0,16.0,9.0,7.0,,4.0,3.0,50.0,58.3,50.0,49.0,0.0,1.0,6.0,33.0,0,,21078.0,1.25,0.0
459,,,第4节,第4节,1.5,0.83,-1.5,0.83,124.5,0.83,124.5,0.83,124.5,4.0,2:2,1.0,,,17.0,16.0,9.0,7.0,,4.0,3.0,50.0,58.3,50.0,49.0,0.0,1.0,6.0,33.0,0,,21078.0,1.25,0.0
460,,,第4节,第4节,1.5,0.83,-1.5,0.83,124.5,0.83,124.5,0.83,124.5,4.0,2:2,1.0,,,17.0,16.0,9.0,7.0,,4.0,3.0,50.0,53.8,50.0,49.0,0.0,1.0,6.0,30.0,0,,21080.0,1.25,0.0
461,,,第4节,第4节,1.5,0.77,-1.5,0.91,123.5,0.83,123.5,0.83,123.5,4.0,,1.0,,,17.0,16.0,9.0,7.0,,4.0,3.0,50.0,53.8,50.0,49.0,0.0,1.0,6.0,30.0,0,,21077.0,1.25,0.0
462,,,第4节,第4节,1.5,0.77,-1.5,0.91,123.5,0.83,123.5,0.83,123.5,4.0,,1.0,,6.0,17.0,16.0,9.0,7.0,,4.0,3.0,50.0,53.8,50.0,53.0,0.0,1.0,6.0,30.0,0,,21075.0,1.25,0.0
463,,,第4节,第4节,1.5,0.77,-1.5,0.91,123.5,0.83,123.5,0.83,123.5,4.0,,1.0,,6.0,17.0,16.0,9.0,7.0,,4.0,3.0,50.0,53.8,53.0,49.0,0.0,1.0,6.0,30.0,0,,11077.0,1.25,0.0
464,,,第4节,第4节,1.5,0.83,1.5,0.83,123.5,0.83,123.5,0.83,1.5,4.0,,1.0,,6.0,17.0,16.0,9.0,7.0,,4.0,3.0,50.0,53.8,53.0,49.0,0.0,1.0,6.0,30.0,0,,11077.0,1.25,0.0
465,,,第4节,第4节,-1.5,0.83,1.5,0.83,123.5,0.83,126.5,0.83,-1.5,4.0,,1.0,,6.0,17.0,16.0,9.0,7.0,,4.0,3.0,50.0,53.8,53.0,49.0,0.0,1.0,6.0,30.0,0,,11077.0,1.25,0.0
466,,,第4节,第4节,-1.5,0.83,1.5,0.83,126.5,0.83,126.5,0.83,126.5,4.0,,1.0,,6.0,17.0,16.0,9.0,7.0,,4.0,3.0,50.0,53.8,53.0,49.0,0.0,1.0,6.0,30.0,0,,11077.0,1.25,0.0
467,,,第4节,第4节,-1.5,0.83,1.5,0.83,126.5,0.83,126.5,0.83,126.5,4.0,,1.0,,6.0,17.0,16.0,9.0,7.0,,4.0,3.0,50.0,53.8,53.0,49.0,0.0,1.0,6.0,29.0,0,,11077.0,0.0,1.25
468,,,第4节,第4节,-1.5,0.83,1.5,0.83,126.5,0.83,126.5,0.83,126.5,4.0,,1.0,,6.0,17.0,16.0,9.0,7.0,,4.0,3.0,50.0,53.8,53.0,49.0,0.0,1.0,6.0,29.0,0,,11077.0,0.0,1.25
469,,,第4节,第4节,-1.5,0.83,1.5,0.83,126.5,0.83,126.5,0.83,126.5,4.0,,1.0,,6.0,17.0,16.0,9.0,7.0,,4.0,3.0,50.0,53.8,53.0,49.0,0.0,1.0,6.0,10.0,0,,11077.0,0.0,1.25
470,,,第4节,第4节,-1.5,0.83,1.5,0.83,126.5,0.83,126.5,0.83,126.5,4.0,,1.0,,6.0,17.0,16.0,9.0,7.0,,4.0,4.0,50.0,53.8,53.0,49.0,0.0,1.0,6.0,10.0,0,,21086.0,0.0,1.25
471,,,第4节,第4节,-1.5,0.83,1.5,0.83,126.5,0.83,126.5,0.83,126.5,4.0,,1.0,,6.0,17.0,16.0,9.0,7.0,,4.0,4.0,50.0,53.8,53.0,49.0,1.0,1.0,6.0,10.0,0,,11077.0,0.0,1.25
472,,,第4节,第4节,-1.5,0.83,1.5,0.83,126.5,0.83,126.5,0.83,126.5,4.0,,1.0,,6.0,17.0,16.0,9.0,7.0,,4.0,4.0,50.0,53.8,53.0,49.0,1.0,1.0,6.0,10.0,0,,11077.0,0.0,1.25
473,,,第4节,第4节,-1.5,0.83,1.5,0.83,126.5,0.83,126.5,0.83,126.5,4.0,,1.0,,6.0,17.0,16.0,9.0,7.0,,4.0,4.0,50.0,53.8,53.0,49.0,1.0,1.0,6.0,10.0,0,,11077.0,0.0,1.25
474,,,第4节,第4节,-1.5,0.83,1.5,0.83,126.5,0.83,126.5,0.83,126.5,4.0,,1.0,,6.0,17.0,16.0,9.0,7.0,,4.0,4.0,50.0,53.8,53.0,49.0,1.0,1.0,6.0,10.0,0,,11077.0,0.0,1.25
475,,,第4节,第4节,-1.5,0.83,1.5,0.83,126.5,0.83,126.5,0.83,126.5,4.0,,1.0,,6.0,17.0,16.0,9.0,7.0,,4.0,4.0,50.0,53.8,53.0,49.0,1.0,1.0,6.0,10.0,0,,11077.0,0.0,1.25
476,,,第4节,第4节,-1.5,0.83,1.5,0.83,125.5,0.83,125.5,0.83,125.5,4.0,,1.0,,6.0,17.0,16.0,9.0,7.0,,4.0,4.0,50.0,53.8,53.0,49.0,1.0,1.0,6.0,10.0,0,,11077.0,0.0,1.25
477,,,第4节,第4节,-1.5,0.83,1.5,0.83,125.5,0.83,125.5,0.83,125.5,4.0,,1.0,,6.0,17.0,16.0,9.0,7.0,,4.0,4.0,50.0,53.8,53.0,49.0,0.0,1.0,6.0,10.0,0,,11077.0,0.66,1.1
478,,,第4节,第4节,-1.5,0.83,1.5,0.83,125.5,0.83,125.5,0.83,125.5,4.0,,1.0,,6.0,17.0,16.0,9.0,7.0,,4.0,4.0,50.0,53.8,53.0,49.0,0.0,1.0,6.0,10.0,0,,11077.0,0.66,1.1
479,,,第4节,第4节,-1.5,0.83,1.5,0.83,125.5,0.83,125.5,0.83,125.5,4.0,,1.0,,6.0,17.0,16.0,9.0,7.0,,4.0,4.0,50.0,53.8,53.0,49.0,0.0,1.0,6.0,10.0,0,,11077.0,0.66,1.1
480,,,第4节,第4节,-1.5,0.83,1.5,0.83,125.5,0.83,125.5,0.83,125.5,4.0,,1.0,,6.0,17.0,16.0,9.0,7.0,,4.0,4.0,50.0,53.8,53.0,49.0,0.0,1.0,6.0,10.0,0,,11077.0,0.66,1.1
481,,,第4节,第4节,-1.5,0.83,1.5,0.83,125.5,0.83,125.5,0.83,125.5,4.0,,1.0,,6.0,17.0,16.0,9.0,7.0,,4.0,4.0,50.0,53.8,53.0,49.0,0.0,1.0,6.0,10.0,0,,11077.0,0.66,1.1
482,,,第4节,第4节,-1.5,0.91,1.5,0.77,127.5,0.83,127.5,0.83,127.5,4.0,1:2,1.0,,6.0,17.0,16.0,9.0,7.0,,4.0,4.0,50.0,53.8,53.0,49.0,0.0,1.0,6.0,10.0,0,,11078.0,0.66,1.1
483,,,第4节,第4节,-1.5,0.91,1.5,0.77,127.5,0.83,127.5,0.83,127.5,4.0,1:2,1.0,,6.0,17.0,16.0,10.0,7.0,,4.0,4.0,52.6,53.8,50.0,49.0,0.0,1.0,6.0,10.0,0,,11079.0,0.71,1.0
484,,,第4节,第4节,-1.5,0.91,1.5,0.77,127.5,0.83,127.5,0.83,127.5,4.0,2:2,1.0,,6.0,17.0,16.0,10.0,7.0,,4.0,4.0,52.6,53.8,53.0,50.0,0.0,1.0,6.0,10.0,0,,11078.0,0.71,1.0
485,,,第4节,第4节,-1.5,0.77,-1.5,0.91,127.5,0.83,127.5,0.83,-1.5,4.0,2:2,1.0,,6.0,17.0,16.0,10.0,7.0,,4.0,4.0,52.6,53.8,53.0,50.0,0.0,1.0,6.0,10.0,0,,11078.0,0.71,1.0
486,,,第4节,第4节,1.5,0.77,-1.5,0.91,127.5,0.83,127.5,0.83,1.5,4.0,2:2,1.0,,6.0,17.0,16.0,11.0,7.0,,4.0,4.0,55.0,53.8,51.0,50.0,0.0,1.0,6.0,10.0,0,,11079.0,1.0,0.71
487,,,第4节,第4节,1.5,0.77,-1.5,0.91,127.5,0.83,127.5,0.83,1.5,4.0,,1.0,,6.0,17.0,16.0,11.0,7.0,,4.0,4.0,55.0,53.8,53.0,51.0,0.0,1.0,6.0,10.0,0,,21077.0,1.0,0.71
488,,,第4节,第4节,1.5,0.83,-1.5,0.83,127.5,1.0,127.5,0.71,1.5,4.0,,1.0,,6.0,17.0,16.0,11.0,7.0,,4.0,4.0,55.0,53.8,53.0,51.0,0.0,1.0,6.0,10.0,0,,11077.0,1.1,0.66
489,,,第4节,第4节,1.5,0.87,-1.5,0.8,126.5,0.83,126.5,0.83,126.5,4.0,,1.0,,6.0,17.0,16.0,11.0,7.0,,4.0,4.0,55.0,53.8,53.0,51.0,0.0,1.0,6.0,10.0,0,,11077.0,1.1,0.66
490,,,第4节,第4节,1.5,0.87,-1.5,0.8,126.5,0.83,126.5,0.83,126.5,4.0,,1.0,,6.0,17.0,16.0,11.0,7.0,,4.0,4.0,55.0,53.8,53.0,51.0,0.0,1.0,5.0,50.0,0,,11077.0,1.25,0.0
491,,,第4节,第4节,1.5,0.8,-1.5,0.87,126.5,0.83,126.5,0.83,126.5,4.0,,1.0,,6.0,17.0,16.0,11.0,7.0,,4.0,4.0,55.0,53.8,53.0,51.0,0.0,1.0,5.0,50.0,0,,11077.0,1.25,0.0
492,,,第4节,第4节,1.5,0.8,-1.5,0.87,126.5,0.83,126.5,0.83,126.5,4.0,,1.0,,6.0,17.0,16.0,11.0,7.0,,4.0,4.0,55.0,53.8,53.0,51.0,0.0,1.0,5.0,42.0,0,,11077.0,1.25,0.0
493,,,第4节,第4节,1.5,0.8,-1.5,0.91,126.5,0.83,126.5,0.83,126.5,4.0,,1.0,,6.0,17.0,16.0,11.0,7.0,,4.0,4.0,55.0,53.8,53.0,51.0,0.0,1.0,5.0,42.0,0,,21077.0,1.1,0.66
494,,,第4节,第4节,1.5,0.8,-1.5,0.91,126.5,0.83,126.5,0.83,126.5,4.0,,1.0,,6.0,17.0,16.0,11.0,7.0,,4.0,4.0,55.0,53.8,53.0,51.0,0.0,1.0,5.0,30.0,0,,21077.0,1.1,0.66
495,,,第4节,第4节,1.5,0.77,-1.5,0.91,126.5,0.83,126.5,0.83,126.5,4.0,,1.0,,6.0,17.0,17.0,11.0,7.0,,4.0,4.0,55.0,53.8,53.0,55.0,0.0,1.0,5.0,30.0,0,,21074.0,1.0,0.71
496,,,第4节,第4节,1.5,0.77,-1.5,0.91,126.5,0.83,126.5,0.83,126.5,4.0,,1.0,,6.0,17.0,17.0,11.0,7.0,,4.0,4.0,55.0,53.8,55.0,51.0,0.0,1.0,5.0,30.0,0,,11077.0,1.0,0.71
497,,,第4节,第4节,1.5,0.77,-1.5,0.91,126.5,0.83,126.5,0.83,126.5,4.0,,1.0,,6.0,17.0,17.0,11.0,7.0,,4.0,4.0,55.0,53.8,55.0,51.0,0.0,1.0,5.0,29.0,0,,11077.0,1.0,0.71
498,,,第4节,第4节,1.5,0.87,1.5,0.8,126.5,0.83,126.5,0.83,1.5,4.0,,1.0,,6.0,17.0,17.0,11.0,7.0,,4.0,4.0,55.0,53.8,55.0,51.0,0.0,1.0,5.0,29.0,0,,11077.0,1.0,0.71
499,,,第4节,第4节,-1.5,0.87,1.5,0.8,126.5,0.83,126.5,0.83,-1.5,4.0,,1.0,,6.0,17.0,17.0,11.0,7.0,,4.0,4.0,55.0,53.8,55.0,51.0,0.0,1.0,5.0,25.0,0,,11077.0,0.0,1.25
500,,,第4节,第4节,-1.5,0.87,1.5,0.8,126.5,0.83,126.5,0.83,-1.5,4.0,,1.0,,6.0,17.0,17.0,11.0,7.0,,4.0,4.0,55.0,53.8,55.0,51.0,0.0,1.0,5.0,25.0,0,,11077.0,0.0,1.25
501,,,第4节,第4节,-1.5,0.87,1.5,0.8,126.5,0.83,126.5,0.83,-1.5,4.0,,1.0,,6.0,17.0,17.0,11.0,7.0,,4.0,4.0,55.0,53.8,55.0,51.0,0.0,1.0,5.0,24.0,0,,11077.0,0.0,1.25
502,,,第4节,第4节,-1.5,0.87,1.5,0.8,126.5,0.83,126.5,0.83,-1.5,4.0,,1.0,,6.0,17.0,17.0,11.0,7.0,,4.0,4.0,55.0,53.8,55.0,51.0,1.0,1.0,5.0,24.0,0,,11077.0,0.0,1.25
503,,,第4节,第4节,-1.5,0.87,1.5,0.8,126.5,0.83,126.5,0.83,-1.5,4.0,,1.0,,6.0,17.0,17.0,11.0,7.0,,4.0,4.0,55.0,53.8,55.0,51.0,1.0,1.0,5.0,24.0,0,,11077.0,0.0,1.25
504,,,第4节,第4节,-1.5,0.87,1.5,0.8,126.5,0.83,126.5,0.83,-1.5,4.0,,1.0,,6.0,17.0,17.0,11.0,7.0,,4.0,4.0,55.0,53.8,55.0,51.0,1.0,1.0,5.0,24.0,0,,11077.0,0.0,1.25
505,,,第4节,第4节,-1.5,0.87,1.5,0.8,126.5,0.83,126.5,0.83,-1.5,4.0,,1.0,,6.0,17.0,17.0,11.0,7.0,,4.0,5.0,55.0,53.8,55.0,51.0,1.0,1.0,5.0,24.0,0,,21086.0,0.0,1.25
506,,,第4节,第4节,-1.5,0.87,1.5,0.8,126.5,0.83,126.5,0.83,-1.5,4.0,,1.0,,6.0,17.0,17.0,11.0,7.0,,4.0,5.0,55.0,53.8,55.0,51.0,0.0,1.0,5.0,24.0,0,,11077.0,0.0,1.25
507,,,第4节,第4节,-1.5,0.87,1.5,0.8,126.5,0.83,126.5,0.83,-1.5,4.0,,1.0,,6.0,17.0,17.0,11.0,7.0,,4.0,5.0,55.0,53.8,55.0,51.0,0.0,1.0,5.0,24.0,0,,11077.0,0.0,1.25
508,,,第4节,第4节,-1.5,0.87,1.5,0.8,126.5,0.83,126.5,0.83,-1.5,4.0,,1.0,,6.0,17.0,17.0,11.0,7.0,,4.0,5.0,55.0,53.8,55.0,51.0,0.0,1.0,5.0,24.0,0,,11077.0,0.0,1.25
509,,,第4节,第4节,-1.5,0.87,1.5,0.8,126.5,0.83,126.5,0.83,-1.5,4.0,1:2,1.0,,6.0,17.0,17.0,11.0,7.0,,4.0,5.0,55.0,53.8,55.0,51.0,0.0,1.0,5.0,24.0,0,,11078.0,0.66,1.1
510,,,第4节,第4节,-1.5,0.87,1.5,0.8,126.5,0.83,126.5,0.83,-1.5,4.0,1:2,1.0,,6.0,17.0,17.0,11.0,7.0,,4.0,5.0,52.4,53.8,55.0,51.0,0.0,1.0,5.0,24.0,0,,11080.0,0.66,1.1
511,,,第4节,第4节,-1.5,0.87,1.5,0.8,126.5,0.83,126.5,0.83,-1.5,4.0,2:2,1.0,,6.0,17.0,17.0,11.0,7.0,,4.0,5.0,52.4,53.8,55.0,51.0,0.0,1.0,5.0,24.0,0,,11078.0,0.66,1.1
512,,,第4节,第4节,-1.5,0.87,1.5,0.8,126.5,0.83,126.5,0.83,-1.5,4.0,2:2,1.0,,6.0,17.0,17.0,11.0,7.0,,4.0,5.0,50.0,53.8,55.0,51.0,0.0,1.0,5.0,24.0,0,,11080.0,0.66,1.1
513,,,第4节,第4节,-1.5,0.91,2.5,0.77,126.5,0.83,126.5,0.83,2.5,4.0,,1.0,,6.0,17.0,17.0,11.0,7.0,,4.0,5.0,50.0,53.8,55.0,51.0,0.0,1.0,5.0,24.0,0,,21077.0,0.66,1.1
514,,,第4节,第4节,-2.5,0.91,2.5,0.77,126.5,0.83,126.5,0.83,-2.5,4.0,,1.0,,6.0,17.0,17.0,11.0,7.0,,4.0,5.0,50.0,53.8,55.0,51.0,0.0,1.0,5.0,23.0,0,,21077.0,0.0,0.0
515,,,第4节,第4节,-2.5,0.91,2.5,0.77,126.5,0.83,126.5,0.83,-2.5,4.0,,1.0,,6.0,17.0,18.0,11.0,7.0,,4.0,5.0,50.0,53.8,55.0,57.0,0.0,1.0,5.0,23.0,0,,21074.0,0.0,0.0
516,,,第4节,第4节,-2.5,0.87,3.5,0.8,126.5,0.83,126.5,0.83,3.5,4.0,,1.0,,6.0,17.0,18.0,11.0,7.0,,4.0,5.0,50.0,53.8,55.0,57.0,0.0,1.0,5.0,23.0,0,,11077.0,0.0,0.0
517,,,第4节,第4节,-3.5,0.87,3.5,0.8,126.5,0.83,126.5,0.83,-3.5,4.0,,1.0,,6.0,17.0,18.0,11.0,7.0,,4.0,5.0,50.0,53.8,57.0,51.0,0.0,1.0,5.0,2.0,0,,11077.0,0.0,0.0
518,,,第4节,第4节,-3.5,0.83,2.5,0.83,126.5,0.83,126.5,0.83,2.5,4.0,,1.0,,6.0,17.0,18.0,11.0,7.0,,4.0,5.0,50.0,53.8,57.0,51.0,0.0,1.0,5.0,2.0,0,,11077.0,0.0,0.0
519,,,第4节,第4节,-2.5,0.83,2.5,0.83,126.5,0.83,126.5,0.83,-2.5,4.0,,1.0,,6.0,18.0,18.0,11.0,7.0,,4.0,5.0,50.0,53.8,53.0,51.0,0.0,1.0,5.0,2.0,0,,11074.0,0.45,0.0
520,,,第4节,第4节,-2.5,0.83,2.5,0.83,126.5,0.83,126.5,0.83,-2.5,4.0,,1.0,,6.0,18.0,18.0,11.0,7.0,,4.0,5.0,50.0,53.8,57.0,53.0,0.0,1.0,4.0,46.0,0,,21077.0,0.45,0.0
521,,,第4节,第4节,-2.5,0.83,2.5,0.83,126.5,0.83,126.5,0.83,-2.5,4.0,,1.0,,6.0,18.0,18.0,11.0,7.0,,4.0,5.0,50.0,53.8,57.0,53.0,0.0,1.0,4.0,46.0,0,,21077.0,0.45,0.0
522,,,第4节,第4节,-2.5,0.83,2.5,0.83,126.5,0.83,126.5,0.83,-2.5,4.0,,1.0,,6.0,18.0,18.0,11.0,7.0,,4.0,5.0,50.0,53.8,57.0,53.0,0.0,1.0,4.0,28.0,0,,21077.0,0.45,0.0
523,,,第4节,第4节,-2.5,0.83,2.5,0.83,126.5,0.83,126.5,0.83,-2.5,4.0,,1.0,,6.0,18.0,18.0,11.0,7.0,,4.0,5.0,50.0,53.8,57.0,53.0,1.0,1.0,4.0,28.0,0,,21077.0,0.45,0.0
524,,,第4节,第4节,-2.5,0.83,2.5,0.83,126.5,0.83,126.5,0.83,-2.5,4.0,,1.0,,6.0,18.0,18.0,11.0,7.0,,4.0,5.0,50.0,53.8,57.0,53.0,1.0,1.0,4.0,28.0,0,,21077.0,0.45,0.0
525,,,第4节,第4节,-2.5,0.83,2.5,0.83,126.5,0.83,126.5,0.83,-2.5,4.0,,1.0,,6.0,18.0,18.0,11.0,7.0,,4.0,5.0,50.0,53.8,57.0,53.0,1.0,1.0,4.0,28.0,0,,21077.0,0.45,0.0
526,,,第4节,第4节,-2.5,0.83,2.5,0.83,126.5,0.83,126.5,0.83,-2.5,4.0,,1.0,,6.0,18.0,18.0,11.0,7.0,,5.0,5.0,50.0,53.8,57.0,53.0,1.0,1.0,4.0,28.0,0,,11086.0,0.45,0.0
527,,,第4节,第4节,-2.5,0.83,2.5,0.83,126.5,0.83,126.5,0.83,-2.5,4.0,,1.0,,6.0,18.0,18.0,11.0,7.0,,5.0,5.0,50.0,53.8,57.0,53.0,0.0,1.0,4.0,28.0,0,,21077.0,0.0,0.0
528,,,第4节,第4节,-2.5,0.83,2.5,0.83,126.5,0.83,126.5,0.83,-2.5,4.0,,1.0,,6.0,18.0,18.0,11.0,7.0,,5.0,5.0,50.0,53.8,57.0,53.0,0.0,1.0,4.0,28.0,0,,21077.0,0.0,0.0
529,,,第4节,第4节,-2.5,0.83,2.5,0.83,126.5,0.83,126.5,0.83,-2.5,4.0,,1.0,,6.0,18.0,18.0,11.0,7.0,,5.0,5.0,50.0,53.8,57.0,53.0,0.0,1.0,4.0,28.0,0,,21077.0,0.0,0.0
530,,,第4节,第4节,-2.5,0.77,2.5,0.91,126.5,0.83,126.5,0.83,-2.5,4.0,1:2,1.0,,6.0,18.0,18.0,11.0,7.0,,5.0,5.0,50.0,53.8,57.0,53.0,0.0,1.0,4.0,28.0,0,,21078.0,0.0,1.75
531,,,第4节,第4节,-2.5,0.77,2.5,0.91,126.5,0.83,126.5,0.83,-2.5,4.0,1:2,1.0,,6.0,18.0,18.0,11.0,7.0,,5.0,5.0,50.0,50.0,57.0,53.0,0.0,1.0,4.0,28.0,0,,21080.0,0.0,1.75
532,,,第4节,第4节,-2.5,0.77,2.5,0.91,126.5,0.83,126.5,0.83,-2.5,4.0,2:2,1.0,,6.0,18.0,18.0,11.0,7.0,,5.0,5.0,50.0,50.0,57.0,58.0,0.0,1.0,4.0,28.0,0,,21078.0,0.0,1.75
533,,,第4节,第4节,-2.5,0.77,2.5,0.91,126.5,0.83,126.5,0.83,-2.5,4.0,2:2,1.0,,6.0,18.0,18.0,11.0,8.0,,5.0,5.0,50.0,53.3,57.0,58.0,0.0,1.0,4.0,28.0,0,,21079.0,0.0,1.75
534,,,第4节,第4节,-2.5,0.77,2.5,0.91,126.5,0.83,126.5,0.83,-2.5,4.0,,1.0,,6.0,18.0,18.0,11.0,8.0,,5.0,5.0,50.0,53.3,58.0,53.0,0.0,1.0,4.0,28.0,0,,11077.0,0.0,1.75
535,,,第4节,第4节,-2.5,0.83,2.5,0.83,126.5,0.83,126.5,0.83,-2.5,4.0,,1.0,,6.0,18.0,18.0,11.0,8.0,,5.0,5.0,50.0,53.3,58.0,53.0,0.0,1.0,4.0,17.0,0,,21077.0,0.0,0.0
536,,,第4节,第4节,-2.5,0.83,3.5,0.83,126.5,0.83,126.5,0.83,3.5,4.0,,1.0,,6.0,18.0,18.0,11.0,8.0,,5.0,5.0,50.0,53.3,58.0,53.0,0.0,1.0,4.0,17.0,0,,21077.0,0.0,0.0
537,,,第4节,第4节,-3.5,0.83,3.5,0.83,126.5,0.83,126.5,0.83,-3.5,4.0,,1.0,,6.0,18.0,18.0,11.0,8.0,,5.0,5.0,50.0,53.3,58.0,53.0,0.0,1.0,4.0,11.0,0,,11077.0,0.0,0.0
538,,,第4节,第4节,-3.5,0.8,2.5,0.87,126.5,0.83,126.5,0.83,2.5,4.0,,1.0,,6.0,18.0,18.0,11.0,8.0,,5.0,5.0,50.0,53.3,58.0,53.0,0.0,1.0,4.0,11.0,0,,11077.0,0.0,0.0
539,,,第4节,第4节,-2.5,0.8,2.5,0.87,126.5,0.83,126.5,0.83,-2.5,4.0,,1.0,,6.0,18.0,18.0,11.0,8.0,,5.0,5.0,50.0,53.3,58.0,53.0,0.0,1.0,4.0,8.0,0,,11077.0,0.0,1.7
540,,,第4节,第4节,-2.5,0.8,2.5,0.87,126.5,0.83,126.5,0.83,-2.5,4.0,,1.0,,6.0,18.0,18.0,11.0,8.0,,5.0,5.0,50.0,53.3,58.0,53.0,1.0,1.0,4.0,8.0,0,,11077.0,0.0,1.7
541,,,第4节,第4节,-2.5,0.8,2.5,0.87,126.5,0.83,126.5,0.83,-2.5,4.0,,1.0,,6.0,18.0,18.0,11.0,8.0,,5.0,5.0,50.0,53.3,58.0,53.0,1.0,1.0,4.0,8.0,0,,11077.0,0.0,1.7
542,,,第4节,第4节,-2.5,0.8,2.5,0.87,126.5,0.83,126.5,0.83,-2.5,4.0,,1.0,,6.0,18.0,18.0,11.0,8.0,,5.0,5.0,50.0,53.3,58.0,53.0,1.0,1.0,4.0,8.0,0,,11077.0,0.0,1.7
543,,,第4节,第4节,-2.5,0.8,2.5,0.87,126.5,0.83,126.5,0.83,-2.5,4.0,,1.0,,6.0,18.0,18.0,11.0,8.0,,5.0,6.0,50.0,53.3,58.0,53.0,1.0,1.0,4.0,8.0,0,,21086.0,0.0,1.7
544,,,第4节,第4节,-2.5,0.8,2.5,0.87,126.5,0.83,126.5,0.83,-2.5,4.0,,1.0,,6.0,18.0,18.0,11.0,8.0,,5.0,6.0,50.0,53.3,58.0,53.0,1.0,1.0,4.0,8.0,0,,11077.0,0.0,1.75
545,,,第4节,第4节,-2.5,0.8,2.5,0.87,126.5,0.83,126.5,0.83,-2.5,4.0,1:2,1.0,,6.0,18.0,18.0,11.0,8.0,,5.0,6.0,50.0,53.3,58.0,53.0,0.0,1.0,4.0,8.0,0,,11078.0,0.0,1.75
546,,,第4节,第4节,-2.5,0.8,2.5,0.87,126.5,0.83,126.5,0.83,-2.5,4.0,1:2,1.0,,6.0,18.0,18.0,11.0,8.0,,5.0,6.0,50.0,53.3,58.0,53.0,0.0,1.0,4.0,8.0,0,,11078.0,0.0,1.75
547,,,第4节,第4节,-2.5,0.8,2.5,0.87,126.5,0.83,126.5,0.83,-2.5,4.0,1:2,1.0,,6.0,18.0,18.0,11.0,8.0,,5.0,6.0,50.0,53.3,58.0,53.0,0.0,1.0,4.0,8.0,0,,11078.0,0.0,1.75
548,44.0,5.0,第4节,第4节,-2.5,0.83,2.5,0.83,126.5,0.83,126.5,0.83,-2.5,4.0,,1.0,,6.0,18.0,18.0,11.0,8.0,2.0,5.0,6.0,50.0,53.3,58.0,53.0,0.0,1.0,4.0,8.0,0,,11081.0,0.47,0.0
549,44.0,5.0,第4节,第4节,-2.5,0.91,2.5,0.77,126.5,0.83,126.5,0.83,-2.5,4.0,1:2,1.0,,6.0,18.0,18.0,12.0,8.0,2.0,5.0,6.0,52.2,53.3,54.0,53.0,0.0,1.0,4.0,8.0,0,,11079.0,0.47,0.0
550,44.0,5.0,第4节,第4节,-2.5,0.91,2.5,0.77,126.5,0.83,126.5,0.83,-2.5,4.0,2:2,1.0,,6.0,18.0,18.0,12.0,8.0,2.0,5.0,6.0,52.2,53.3,58.0,54.0,0.0,1.0,4.0,8.0,0,,11078.0,0.47,0.0
551,44.0,5.0,第4节,第4节,-2.5,0.91,2.5,0.77,126.5,0.83,126.5,0.83,-2.5,4.0,2:2,1.0,,6.0,18.0,18.0,13.0,8.0,2.0,5.0,6.0,54.2,53.3,55.0,54.0,0.0,1.0,4.0,8.0,0,,11079.0,0.0,1.5
552,44.0,5.0,第4节,第4节,-2.5,0.91,2.5,0.77,126.5,0.83,126.5,0.83,-2.5,4.0,,1.0,,6.0,18.0,18.0,13.0,8.0,2.0,5.0,6.0,54.2,53.3,58.0,55.0,0.0,1.0,4.0,8.0,0,,21077.0,0.0,1.5
553,44.0,5.0,第4节,第4节,-2.5,0.77,1.5,0.91,126.5,0.83,126.5,0.83,1.5,4.0,,1.0,,6.0,18.0,18.0,13.0,8.0,2.0,5.0,6.0,54.2,53.3,58.0,55.0,0.0,1.0,4.0,8.0,0,,21077.0,0.0,1.5
554,44.0,5.0,第4节,第4节,-1.5,0.77,1.5,0.91,126.5,0.83,126.5,0.83,-1.5,4.0,,1.0,,6.0,18.0,18.0,13.0,8.0,2.0,5.0,6.0,54.2,53.3,58.0,55.0,0.0,1.0,4.0,0.0,0,,21077.0,0.56,1.3
555,44.0,5.0,第4节,第4节,-1.5,0.77,1.5,0.91,126.5,0.83,126.5,0.83,-1.5,4.0,,1.0,,6.0,18.0,18.0,13.0,8.0,2.0,5.0,6.0,54.2,53.3,58.0,55.0,0.0,1.0,3.0,0.0,0,,21077.0,0.56,1.3
556,44.0,5.0,第4节,第4节,-1.5,0.77,1.5,0.91,126.5,0.83,126.5,0.83,-1.5,4.0,,1.0,,6.0,18.0,18.0,13.0,8.0,2.0,5.0,6.0,54.2,53.3,58.0,55.0,0.0,1.0,3.0,57.0,0,,21077.0,0.56,1.3
557,44.0,5.0,第4节,第4节,-1.5,0.87,1.5,0.8,126.5,0.83,126.5,0.83,-1.5,4.0,,1.0,,6.0,18.0,18.0,13.0,8.0,2.0,5.0,6.0,54.2,53.3,58.0,55.0,0.0,1.0,3.0,57.0,0,,11077.0,0.66,1.1
558,44.0,5.0,第4节,第4节,-1.5,0.87,1.5,0.8,126.5,0.83,126.5,0.83,-1.5,4.0,,1.0,,6.0,18.0,18.0,13.0,8.0,2.0,5.0,6.0,54.2,53.3,58.0,55.0,0.0,1.0,3.0,46.0,0,,21077.0,0.66,1.1
559,44.0,5.0,第4节,第4节,-1.5,0.71,1.5,1.0,126.5,0.83,126.5,0.83,-1.5,4.0,,1.0,,6.0,18.0,18.0,13.0,8.0,2.0,5.0,6.0,54.2,53.3,58.0,55.0,0.0,1.0,3.0,46.0,0,,21077.0,0.0,0.0
560,44.0,5.0,第4节,第4节,-1.5,0.91,1.5,0.77,126.5,0.83,126.5,0.83,-1.5,4.0,,1.0,,6.0,18.0,18.0,13.0,8.0,2.0,5.0,6.0,54.2,53.3,58.0,55.0,0.0,1.0,3.0,20.0,0,,21077.0,0.0,0.0
561,44.0,5.0,第4节,第4节,-1.5,0.91,1.5,0.77,126.5,0.83,126.5,0.83,-1.5,4.0,,1.0,,6.0,18.0,18.0,13.0,8.0,2.0,5.0,6.0,54.2,53.3,58.0,55.0,0.0,1.0,3.0,20.0,0,,11077.0,0.0,1.25
562,44.0,5.0,第4节,第4节,-1.5,0.91,1.5,0.77,126.5,0.83,126.5,0.83,-1.5,4.0,,1.0,,6.0,18.0,18.0,13.0,8.0,2.0,5.0,6.0,54.2,53.3,58.0,55.0,0.0,1.0,3.0,5.0,0,,21077.0,0.0,1.25
563,44.0,5.0,第4节,第4节,-1.5,0.91,2.5,0.77,126.5,0.83,126.5,0.83,2.5,4.0,,1.0,,6.0,18.0,18.0,13.0,8.0,2.0,5.0,6.0,54.2,53.3,58.0,55.0,0.0,1.0,3.0,5.0,0,,21077.0,0.0,1.25
564,44.0,5.0,第4节,第4节,-2.5,0.91,2.5,0.77,126.5,0.83,126.5,0.83,-2.5,4.0,,1.0,,6.0,18.0,18.0,13.0,8.0,2.0,5.0,6.0,54.2,53.3,58.0,55.0,0.0,1.0,2.0,47.0,0,,21077.0,0.45,0.0
565,44.0,5.0,第4节,第4节,-2.5,0.83,1.5,0.83,126.5,0.83,126.5,0.83,1.5,4.0,,1.0,,6.0,18.0,18.0,13.0,8.0,2.0,5.0,6.0,54.2,53.3,58.0,55.0,0.0,1.0,2.0,47.0,0,,11077.0,0.45,0.0
566,44.0,5.0,第4节,第4节,-1.5,0.83,1.5,0.83,126.5,0.83,126.5,0.83,-1.5,4.0,,1.0,,6.0,18.0,18.0,13.0,8.0,2.0,5.0,6.0,54.2,53.3,58.0,55.0,1.0,1.0,2.0,47.0,0,,11077.0,0.45,0.0
567,44.0,5.0,第4节,第4节,-1.5,0.83,1.5,0.83,126.5,0.83,126.5,0.83,-1.5,4.0,,1.0,,6.0,18.0,18.0,13.0,8.0,2.0,5.0,6.0,54.2,53.3,58.0,55.0,1.0,1.0,2.0,44.0,0,,11077.0,0.0,1.25
568,44.0,5.0,第4节,第4节,-1.5,0.83,2.5,0.83,126.5,0.83,126.5,0.83,2.5,4.0,,1.0,,6.0,18.0,18.0,13.0,8.0,2.0,5.0,6.0,54.2,53.3,58.0,55.0,1.0,1.0,2.0,44.0,0,,21077.0,0.0,1.25
569,44.0,5.0,第4节,第4节,-2.5,0.83,2.5,0.83,126.5,0.83,126.5,0.83,-2.5,4.0,,1.0,,6.0,18.0,18.0,13.0,8.0,2.0,5.0,6.0,54.2,53.3,58.0,55.0,1.0,1.0,2.0,18.0,0,,21077.0,0.0,1.75
570,44.0,5.0,第4节,第4节,-2.5,0.83,2.5,0.83,126.5,0.83,126.5,0.83,-2.5,4.0,,1.0,,6.0,18.0,18.0,13.0,8.0,2.0,5.0,6.0,54.2,53.3,58.0,55.0,1.0,1.0,2.0,18.0,0,,21077.0,0.0,0.0
571,44.0,5.0,第4节,第4节,-2.5,0.83,2.5,0.83,126.5,0.83,126.5,0.83,-2.5,4.0,,1.0,,6.0,18.0,18.0,13.0,8.0,2.0,5.0,6.0,54.2,53.3,58.0,55.0,1.0,1.0,2.0,8.0,0,,21077.0,0.0,0.0
572,44.0,5.0,第4节,第4节,-2.5,0.77,1.5,0.91,126.5,0.83,126.5,0.83,1.5,4.0,,1.0,,6.0,18.0,18.0,13.0,8.0,2.0,5.0,6.0,54.2,53.3,58.0,55.0,1.0,1.0,2.0,8.0,0,,11077.0,0.0,0.0
573,44.0,5.0,第4节,第4节,-1.5,0.77,1.5,0.91,126.5,0.83,126.5,0.83,-1.5,4.0,,1.0,,6.0,18.0,18.0,13.0,8.0,2.0,5.0,6.0,54.2,53.3,58.0,55.0,1.0,1.0,2.0,3.0,0,,11077.0,0.0,1.5
574,44.0,5.0,第4节,第4节,-1.5,0.8,2.5,0.87,126.5,0.83,126.5,0.83,2.5,4.0,,1.0,,6.0,18.0,18.0,13.0,8.0,2.0,5.0,6.0,54.2,53.3,58.0,55.0,1.0,1.0,2.0,3.0,0,,21077.0,0.0,1.5
575,44.0,5.0,第4节,第4节,-2.5,0.8,2.5,1.0,126.5,0.83,126.5,0.83,-2.5,4.0,,1.0,,6.0,18.0,18.0,13.0,8.0,2.0,5.0,6.0,54.2,53.3,58.0,55.0,1.0,1.0,2.0,3.0,0,,11077.0,0.0,0.0
576,44.0,5.0,第4节,第4节,-2.5,0.71,1.5,1.0,126.5,0.83,126.5,0.83,1.5,4.0,,1.0,,6.0,18.0,18.0,13.0,8.0,2.0,5.0,6.0,54.2,53.3,58.0,55.0,1.0,1.0,2.0,3.0,0,,11077.0,0.0,0.0
577,44.0,5.0,第4节,第4节,-1.5,0.71,1.5,1.0,126.5,0.83,126.5,0.83,-1.5,4.0,,1.0,,6.0,18.0,18.0,13.0,8.0,2.0,5.0,6.0,54.2,53.3,58.0,55.0,1.0,1.0,1.0,42.0,0,,11077.0,0.45,0.0
578,44.0,5.0,第4节,第4节,-1.5,0.71,1.5,1.0,126.5,0.83,126.5,0.83,-1.5,4.0,,1.0,,6.0,18.0,18.0,13.0,8.0,2.0,5.0,6.0,54.2,53.3,58.0,55.0,1.0,1.0,1.0,42.0,0,,11077.0,0.45,0.0
579,44.0,5.0,第4节,第4节,-1.5,0.71,1.5,1.0,126.5,0.83,126.5,0.83,-1.5,4.0,,1.0,,6.0,18.0,18.0,13.0,8.0,2.0,5.0,6.0,54.2,53.3,58.0,55.0,1.0,1.0,1.0,29.0,0,,11077.0,0.45,0.0
580,44.0,5.0,第4节,第4节,-1.5,0.71,1.5,1.0,126.5,0.83,126.5,0.83,-1.5,4.0,,1.0,4.0,6.0,18.0,18.0,13.0,8.0,2.0,5.0,6.0,54.2,53.3,58.0,55.0,1.0,1.0,1.0,29.0,0,,11075.0,0.45,0.0
581,44.0,5.0,第4节,第4节,-1.5,0.71,1.5,1.0,126.5,0.83,126.5,0.83,-1.5,4.0,,1.0,4.0,6.0,18.0,18.0,13.0,8.0,2.0,5.0,6.0,54.2,53.3,58.0,58.0,1.0,1.0,1.0,29.0,0,,21077.0,0.45,0.0
582,44.0,5.0,第4节,第4节,-1.5,0.66,-1.5,1.1,126.5,0.83,126.5,0.83,-1.5,4.0,,1.0,4.0,6.0,18.0,18.0,13.0,8.0,2.0,5.0,6.0,54.2,53.3,58.0,58.0,1.0,1.0,1.0,29.0,0,,21077.0,0.45,0.0
583,44.0,5.0,第4节,第4节,1.5,0.66,-1.5,1.1,126.5,0.83,126.5,0.83,1.5,4.0,,1.0,4.0,6.0,18.0,18.0,13.0,8.0,2.0,5.0,6.0,54.2,53.3,58.0,58.0,1.0,1.0,1.0,16.0,0,,21077.0,1.1,0.66
584,44.0,5.0,第4节,第4节,1.5,0.66,-1.5,1.1,126.5,0.83,126.5,0.83,1.5,4.0,,1.0,4.0,7.0,18.0,18.0,13.0,8.0,2.0,5.0,6.0,54.2,53.3,58.0,61.0,1.0,1.0,1.0,16.0,0,,21075.0,1.1,0.66
585,44.0,5.0,第4节,第4节,1.5,0.66,-1.5,1.1,126.5,0.83,126.5,0.83,1.5,4.0,,1.0,4.0,7.0,18.0,18.0,13.0,8.0,2.0,5.0,6.0,54.2,53.3,61.0,58.0,1.0,1.0,1.0,13.0,0,,11077.0,1.1,0.66
586,44.0,5.0,第4节,第4节,1.5,1.0,2.5,0.71,126.5,0.83,126.5,0.83,2.5,4.0,,1.0,4.0,7.0,18.0,18.0,13.0,8.0,2.0,5.0,6.0,54.2,53.3,61.0,58.0,1.0,1.0,1.0,13.0,0,,11077.0,1.1,0.66
587,44.0,5.0,第4节,第4节,-2.5,1.0,2.5,0.71,126.5,0.83,126.5,0.83,-2.5,4.0,,1.0,4.0,7.0,18.0,18.0,13.0,8.0,2.0,5.0,6.0,54.2,53.3,61.0,58.0,1.0,1.0,1.0,8.0,0,,11077.0,0.0,0.0
588,44.0,5.0,第4节,第4节,-2.5,1.0,2.5,0.71,126.5,0.83,126.5,0.83,-2.5,4.0,,1.0,4.0,7.0,18.0,18.0,13.0,8.0,2.0,5.0,6.0,54.2,53.3,61.0,58.0,1.0,1.0,0.0,8.0,0,,21077.0,0.0,0.0
589,44.0,5.0,第4节,第4节,-2.5,1.0,2.5,0.71,126.5,0.83,126.5,0.83,-2.5,4.0,,1.0,4.0,7.0,18.0,18.0,13.0,8.0,2.0,5.0,6.0,54.2,53.3,61.0,58.0,1.0,1.0,0.0,59.0,0,,21077.0,0.0,0.0
590,44.0,5.0,第4节,第4节,-2.5,1.0,3.5,0.71,126.5,0.83,126.5,0.83,3.5,4.0,,1.0,4.0,7.0,18.0,18.0,13.0,8.0,2.0,5.0,6.0,54.2,53.3,61.0,58.0,1.0,1.0,0.0,59.0,0,,21077.0,0.0,0.0
591,44.0,5.0,第4节,第4节,-3.5,1.0,3.5,0.71,126.5,0.83,126.5,0.83,-3.5,4.0,,1.0,4.0,7.0,18.0,18.0,13.0,8.0,2.0,5.0,6.0,54.2,53.3,61.0,58.0,1.0,1.0,0.0,46.0,0,,21077.0,0.0,0.0
592,44.0,5.0,第4节,第4节,-3.5,0.91,2.5,0.77,126.5,0.83,126.5,0.83,2.5,4.0,,1.0,4.0,7.0,18.0,18.0,13.0,8.0,2.0,5.0,6.0,54.2,53.3,61.0,58.0,1.0,1.0,0.0,46.0,0,,21077.0,0.0,0.0
593,44.0,5.0,第4节,第4节,-2.5,0.91,2.5,0.77,126.5,0.83,126.5,0.83,-2.5,4.0,,1.0,4.0,7.0,18.0,18.0,13.0,8.0,2.0,5.0,6.0,54.2,53.3,61.0,58.0,1.0,1.0,0.0,46.0,0,,11077.0,0.0,0.0
594,44.0,5.0,第4节,第4节,-2.5,0.91,2.5,0.77,126.5,0.83,126.5,0.83,-2.5,4.0,,1.0,4.0,7.0,18.0,18.0,13.0,8.0,1.0,5.0,6.0,54.2,53.3,61.0,58.0,1.0,1.0,0.0,38.0,0,,11081.0,0.0,0.0
595,44.0,5.0,第4节,第4节,-2.5,1.0,3.5,0.71,126.5,0.83,126.5,0.83,3.5,4.0,,1.0,4.0,7.0,18.0,18.0,13.0,8.0,1.0,5.0,6.0,54.2,53.3,61.0,58.0,1.0,1.0,0.0,38.0,0,,11081.0,0.0,0.0
596,44.0,5.0,第4节,第4节,-3.5,1.0,3.5,0.71,126.5,0.83,126.5,0.83,-3.5,4.0,,1.0,4.0,7.0,18.0,18.0,13.0,8.0,1.0,5.0,6.0,54.2,53.3,61.0,58.0,1.0,1.0,0.0,25.0,0,,21077.0,0.0,0.0
597,44.0,5.0,第4节,第4节,-3.5,1.0,3.5,0.71,126.5,0.83,126.5,0.83,-3.5,4.0,,1.0,4.0,7.0,18.0,18.0,13.0,8.0,1.0,6.0,6.0,54.2,53.3,61.0,58.0,1.0,1.0,0.0,25.0,0,,11086.0,0.0,0.0
598,44.0,5.0,第4节,第4节,-3.5,1.0,3.5,0.71,126.5,0.83,126.5,0.83,-3.5,4.0,,1.0,4.0,7.0,18.0,18.0,13.0,8.0,1.0,6.0,6.0,54.2,53.3,61.0,58.0,1.0,1.0,0.0,25.0,0,,21077.0,0.0,0.0
599,44.0,5.0,第4节,第4节,-3.5,0.77,3.5,0.91,126.5,0.83,126.5,0.83,-3.5,4.0,1:2,1.0,4.0,7.0,18.0,18.0,13.0,8.0,1.0,6.0,6.0,54.2,53.3,61.0,62.0,1.0,1.0,0.0,25.0,0,,21078.0,0.0,0.0
600,44.0,5.0,第4节,第4节,-3.5,0.77,3.5,0.91,126.5,0.83,126.5,0.83,-3.5,4.0,1:2,1.0,4.0,7.0,18.0,18.0,13.0,9.0,1.0,6.0,6.0,54.2,56.2,61.0,62.0,1.0,1.0,0.0,25.0,0,,21079.0,0.0,0.0
601,44.0,5.0,第4节,第4节,-3.5,0.77,3.5,0.91,126.5,0.83,126.5,0.83,-3.5,4.0,2:2,1.0,4.0,7.0,18.0,18.0,13.0,9.0,1.0,6.0,6.0,54.2,56.2,62.0,58.0,1.0,1.0,0.0,25.0,0,,21078.0,0.0,0.0
602,44.0,5.0,第4节,第4节,-3.5,0.63,3.5,1.2,126.5,0.83,126.5,0.83,-3.5,4.0,2:2,1.0,4.0,7.0,18.0,18.0,13.0,9.0,1.0,6.0,6.0,54.2,52.9,62.0,58.0,1.0,1.0,0.0,25.0,0,,21080.0,0.0,0.0
603,44.0,5.0,第4节,第4节,-3.5,0.63,3.5,1.2,126.5,0.83,126.5,0.83,-3.5,4.0,,1.0,4.0,7.0,18.0,18.0,13.0,9.0,1.0,6.0,6.0,54.2,52.9,62.0,58.0,1.0,1.0,0.0,24.0,0,,11077.0,0.0,0.0
604,44.0,5.0,第4节,第4节,-3.5,1.0,3.5,0.71,126.5,0.83,126.5,0.83,-3.5,4.0,,1.0,4.0,7.0,18.0,18.0,13.0,9.0,1.0,6.0,6.0,54.2,52.9,62.0,58.0,1.0,1.0,0.0,24.0,0,,11077.0,0.0,0.0
605,44.0,5.0,第4节,第4节,-3.5,1.0,3.5,0.71,126.5,0.83,126.5,0.83,-3.5,4.0,,1.0,4.0,7.0,18.0,18.0,13.0,9.0,1.0,6.0,6.0,54.2,52.9,62.0,58.0,1.0,1.0,0.0,16.0,0,,11077.0,0.0,0.0
606,44.0,5.0,第4节,第4节,-3.5,1.0,3.5,0.71,126.5,0.83,126.5,0.83,-3.5,4.0,,1.0,4.0,7.0,18.0,18.0,13.0,9.0,1.0,6.0,6.0,54.2,52.9,62.0,58.0,1.0,1.0,0.0,16.0,0,,11077.0,0.0,0.0
607,44.0,5.0,第4节,第4节,-3.5,1.0,3.5,0.71,126.5,0.83,126.5,0.83,-3.5,4.0,,1.0,4.0,7.0,18.0,18.0,13.0,9.0,1.0,6.0,6.0,54.2,52.9,62.0,58.0,1.0,1.0,0.0,15.0,0,,11077.0,0.0,0.0
608,44.0,5.0,第4节,第4节,-3.5,1.0,4.5,0.71,126.5,0.83,126.5,0.83,4.5,4.0,,1.0,4.0,7.0,18.0,18.0,13.0,9.0,1.0,6.0,6.0,54.2,52.9,62.0,58.0,1.0,1.0,0.0,15.0,0,,21077.0,0.0,0.0
609,44.0,5.0,第4节,第4节,-4.5,1.0,4.5,0.71,126.5,0.83,126.5,0.83,-4.5,4.0,,1.0,4.0,7.0,18.0,18.0,13.0,9.0,1.0,7.0,6.0,54.2,52.9,62.0,58.0,1.0,1.0,0.0,15.0,0,,11086.0,0.0,0.0
610,44.0,5.0,第4节,第4节,-4.5,1.0,4.5,0.71,126.5,0.83,126.5,0.83,-4.5,4.0,,1.0,4.0,7.0,18.0,18.0,13.0,9.0,1.0,7.0,6.0,54.2,52.9,62.0,58.0,1.0,1.0,0.0,15.0,0,,21077.0,0.0,0.0
611,44.0,5.0,第4节,第4节,-4.5,0.71,4.5,1.0,126.5,0.83,126.5,0.83,-4.5,4.0,1:2,1.0,4.0,7.0,18.0,18.0,13.0,9.0,1.0,7.0,6.0,54.2,52.9,62.0,58.0,1.0,1.0,0.0,15.0,0,,21078.0,0.0,0.0
612,44.0,5.0,第4节,第4节,-4.5,1.3,5.5,0.56,126.5,0.83,126.5,0.83,5.5,4.0,1:2,1.0,4.0,7.0,18.0,18.0,13.0,9.0,1.0,7.0,6.0,54.2,52.9,62.0,58.0,1.0,1.0,0.0,15.0,0,,21078.0,0.0,0.0
613,44.0,5.0,第4节,第4节,-5.5,1.3,5.5,0.56,126.5,0.83,126.5,0.83,-5.5,4.0,1:2,1.0,4.0,7.0,18.0,18.0,13.0,10.0,1.0,7.0,6.0,54.2,55.6,62.0,63.0,1.0,1.0,0.0,15.0,0,,21079.0,0.0,0.0
614,44.0,5.0,第4节,第4节,-5.5,1.3,5.5,0.56,126.5,0.83,126.5,0.83,-5.5,4.0,2:2,1.0,4.0,7.0,18.0,18.0,13.0,10.0,1.0,7.0,6.0,54.2,55.6,63.0,58.0,1.0,1.0,0.0,15.0,0,,21078.0,0.0,0.0
615,44.0,5.0,第4节,第4节,-5.5,1.3,5.5,0.56,126.5,0.83,126.5,0.83,-5.5,4.0,2:2,1.0,4.0,7.0,18.0,18.0,13.0,11.0,1.0,7.0,6.0,54.2,57.9,63.0,64.0,1.0,1.0,0.0,15.0,0,,21079.0,0.0,0.0
616,44.0,5.0,第4节,第4节,-5.5,1.3,5.5,0.56,126.5,0.83,126.5,0.83,-5.5,4.0,,1.0,4.0,7.0,18.0,18.0,13.0,11.0,1.0,7.0,6.0,54.2,57.9,64.0,58.0,1.0,1.0,0.0,15.0,0,,11077.0,0.0,0.0
617,44.0,5.0,第4节,第4节,-5.5,1.0,5.5,0.71,126.5,0.83,126.5,0.83,-5.5,4.0,,1.0,4.0,7.0,18.0,18.0,13.0,11.0,1.0,7.0,6.0,54.2,57.9,64.0,58.0,1.0,1.0,0.0,10.0,0,,11077.0,0.0,0.0
618,44.0,5.0,第4节,第4节,-5.5,1.0,5.5,0.71,126.5,0.83,126.5,0.83,-5.5,4.0,,1.0,4.0,7.0,18.0,18.0,13.0,11.0,1.0,7.0,6.0,54.2,57.9,64.0,58.0,1.0,1.0,0.0,10.0,0,,11077.0,0.0,0.0
619,44.0,5.0,第4节,第4节,-5.5,1.0,5.5,0.71,126.5,0.83,126.5,0.83,-5.5,4.0,,1.0,4.0,7.0,18.0,18.0,13.0,11.0,1.0,7.0,6.0,54.2,57.9,64.0,58.0,1.0,1.0,0.0,9.0,0,,11077.0,0.0,0.0
620,44.0,5.0,第4节,第4节,-5.5,1.0,5.5,0.71,126.5,0.83,126.5,0.83,-5.5,4.0,,1.0,4.0,7.0,19.0,18.0,13.0,11.0,1.0,7.0,6.0,54.2,57.9,60.0,58.0,1.0,1.0,0.0,9.0,0,,11074.0,0.0,0.0
621,44.0,5.0,第4节,第4节,-5.5,1.0,5.5,0.71,126.5,0.83,126.5,0.83,-5.5,4.0,,1.0,4.0,7.0,19.0,18.0,13.0,11.0,1.0,7.0,6.0,54.2,57.9,64.0,60.0,1.0,1.0,0.0,9.0,0,,21077.0,0.0,0.0
622,44.0,5.0,第4节,第4节,-5.5,1.0,4.5,0.71,126.5,0.83,126.5,0.83,4.5,4.0,,1.0,4.0,7.0,19.0,18.0,13.0,11.0,1.0,7.0,6.0,54.2,57.9,64.0,60.0,1.0,1.0,0.0,9.0,0,,21077.0,0.0,0.0
623,44.0,5.0,第4节,第4节,-4.5,1.0,4.5,0.71,126.5,0.83,126.5,0.83,-4.5,4.0,,1.0,4.0,7.0,19.0,18.0,13.0,11.0,1.0,7.0,6.0,54.2,57.9,64.0,60.0,1.0,1.0,0.0,8.0,0,,21077.0,0.0,0.0
624,44.0,5.0,第4节,第4节,-4.5,1.0,4.5,0.71,126.5,0.83,126.5,0.83,-4.5,4.0,,1.0,4.0,7.0,19.0,18.0,13.0,11.0,1.0,8.0,6.0,54.2,57.9,64.0,60.0,1.0,1.0,0.0,8.0,0,,11086.0,0.0,0.0
625,44.0,5.0,第4节,第4节,-4.5,1.0,4.5,0.71,126.5,0.83,126.5,0.83,-4.5,4.0,,1.0,4.0,7.0,19.0,18.0,13.0,11.0,1.0,8.0,6.0,54.2,57.9,64.0,60.0,1.0,1.0,0.0,8.0,0,,21077.0,0.0,0.0
626,44.0,5.0,第4节,第4节,-4.5,0.66,4.5,1.1,126.5,0.83,126.5,0.83,-4.5,4.0,1:2,1.0,4.0,7.0,19.0,18.0,13.0,11.0,1.0,8.0,6.0,54.2,57.9,64.0,60.0,1.0,1.0,0.0,8.0,0,,21078.0,0.0,0.0
627,44.0,5.0,第4节,第4节,-4.5,0.66,4.5,1.1,126.5,0.83,126.5,0.83,-4.5,4.0,1:2,1.0,4.0,7.0,19.0,18.0,13.0,11.0,1.0,8.0,6.0,54.2,55.0,64.0,60.0,1.0,1.0,0.0,8.0,0,,21080.0,0.0,0.0
628,44.0,5.0,第4节,第4节,-4.5,0.66,4.5,1.1,126.5,0.83,126.5,0.83,-4.5,4.0,2:2,1.0,4.0,7.0,19.0,18.0,13.0,11.0,1.0,8.0,6.0,54.2,55.0,64.0,60.0,1.0,1.0,0.0,8.0,0,,21078.0,0.0,0.0
629,44.0,5.0,第4节,第4节,-4.5,1.1,3.5,0.66,126.5,0.83,126.5,0.83,3.5,4.0,2:2,1.0,4.0,7.0,19.0,18.0,13.0,11.0,1.0,8.0,6.0,54.2,52.4,64.0,60.0,1.0,1.0,0.0,8.0,0,,21080.0,0.0,0.0
630,44.0,5.0,第4节,第4节,-3.5,1.1,3.5,0.66,126.5,0.83,126.5,0.83,-3.5,4.0,,1.0,4.0,7.0,19.0,18.0,13.0,11.0,1.0,8.0,6.0,54.2,52.4,64.0,60.0,1.0,1.0,0.0,6.0,0,,11077.0,0.0,0.0
631,44.0,5.0,第4节,第4节,-3.5,1.1,3.5,0.66,126.5,0.83,126.5,0.83,-3.5,4.0,,1.0,4.0,7.0,19.0,18.0,13.0,11.0,1.0,8.0,6.0,54.2,52.4,64.0,60.0,1.0,1.0,0.0,6.0,0,,11077.0,0.0,0.0
632,44.0,5.0,第4节,第4节,-3.5,1.1,3.5,0.66,126.5,0.83,126.5,0.83,-3.5,4.0,,1.0,4.0,7.0,19.0,18.0,13.0,11.0,1.0,8.0,6.0,54.2,52.4,64.0,60.0,1.0,1.0,0.0,2.0,0,,11077.0,0.0,0.0
633,44.0,5.0,第4节,第4节,-3.5,1.1,3.5,0.66,126.5,0.83,126.5,0.83,-3.5,4.0,,1.0,4.0,7.0,19.0,18.0,13.0,11.0,1.0,8.0,6.0,54.2,52.4,64.0,60.0,1.0,1.0,0.0,2.0,0,,11077.0,0.0,0.0
634,44.0,5.0,第4节,第4节,-3.5,1.1,3.5,0.66,126.5,0.83,126.5,0.83,-3.5,4.0,,1.0,4.0,7.0,19.0,18.0,13.0,11.0,1.0,8.0,6.0,54.2,52.4,64.0,60.0,1.0,1.0,0.0,0.0,0,,11077.0,0.0,0.0
635,44.0,5.0,第4节,第4节,-3.5,1.1,3.5,0.66,126.5,0.83,126.5,0.83,-3.5,4.0,,1.0,4.0,7.0,19.0,18.0,13.0,11.0,1.0,8.0,6.0,54.2,52.4,64.0,60.0,1.0,1.0,0.0,0.0,0,,1084.0,0.0,0.0
